10000 253734
1 6 61
1 6 117
1 6 92
1 6 162
1 6 64
1 6 196
1 6 153
1 6 182
1 6 159
1 6 99
1 6 51
1 6 87
1 6 59
1 6 175
1 6 87
1 6 193
1 6 55
1 6 198
1 6 142
1 6 117
1 6 95
1 6 112
1 6 182
1 6 128
1 6 172
1 6 169
1 6 146
1 6 44
1 6 171
1 6 122
1 6 14
1 6 182
1 6 104
1 6 4
1 6 61
1 6 143
1 6 154
1 6 179
1 6 112
1 6 175
1 6 75
1 6 188
1 6 9
1 6 101
1 6 77
1 6 122
1 6 146
1 6 82
1 6 122
1 6 74
1 6 89
1 6 24
1 6 148
1 6 72
1 6 65
1 6 194
1 6 90
1 6 5
1 6 121
1 6 5
1 6 150
1 6 95
1 6 2
1 6 43
1 6 192
1 6 103
1 6 46
1 6 35
1 6 40
1 6 14
1 6 159
1 6 140
1 6 80
1 6 149
1 6 194
1 6 12
1 6 115
1 6 104
1 6 193
1 6 73
1 6 83
1 6 197
1 6 130
1 6 23
1 6 191
1 6 93
1 6 161
2 7 56
2 7 145
2 7 116
2 7 120
2 7 190
2 7 96
2 7 34
2 7 137
2 7 93
2 7 179
2 7 104
2 7 149
2 7 155
2 7 190
2 7 115
2 7 115
2 7 33
2 7 69
2 7 46
2 7 101
2 7 13
2 7 115
2 7 169
2 7 171
2 7 188
2 7 128
2 7 200
2 7 38
2 7 67
2 7 133
2 7 200
2 7 53
2 7 175
2 7 58
2 7 166
2 7 183
2 7 89
2 7 130
2 7 86
2 7 40
2 7 78
2 7 46
2 7 67
2 7 170
2 7 111
2 7 16
2 7 148
2 7 194
2 7 99
2 7 126
2 7 74
2 7 31
2 7 117
2 7 58
2 7 146
2 7 94
2 7 175
2 7 170
2 7 56
2 7 20
2 7 3
2 7 46
2 7 34
2 7 106
2 7 184
2 7 159
2 7 37
2 7 156
2 7 193
2 7 139
2 7 136
2 7 83
2 7 155
2 7 4
2 7 93
2 7 4
2 7 82
2 7 101
2 7 49
2 7 67
2 7 199
2 7 196
2 7 109
2 7 103
2 7 192
2 7 9
2 7 184
2 7 86
2 7 59
2 7 5
2 7 135
2 7 121
2 7 104
2 7 46
2 7 157
2 7 102
2 7 49
2 7 129
2 7 66
2 7 146
2 7 93
2 7 125
2 7 152
2 7 6
2 7 124
2 7 41
2 7 166
2 7 126
2 7 116
2 7 58
2 7 116
2 7 47
2 7 7
2 7 130
2 7 199
2 7 81
2 7 165
2 7 96
2 7 185
2 7 167
2 7 130
2 7 194
2 7 194
2 7 93
2 7 136
3 8 164
3 8 113
3 8 56
3 8 84
3 8 57
3 8 60
3 8 170
3 8 38
3 8 137
3 8 38
3 8 108
3 8 33
3 8 54
3 8 135
3 8 38
3 8 27
3 8 39
3 8 78
3 8 33
3 8 195
3 8 125
3 8 10
3 8 155
3 8 140
3 8 190
3 8 69
3 8 109
3 8 170
3 8 192
3 8 184
3 8 194
3 8 175
3 8 35
3 8 131
3 8 47
3 8 85
3 8 7
3 8 175
3 8 6
3 8 65
3 8 199
3 8 90
3 8 100
3 8 7
3 8 147
3 8 113
3 8 177
3 8 157
3 8 45
3 8 125
3 8 120
3 8 49
3 8 161
3 8 118
3 8 20
3 8 196
3 8 194
3 8 22
3 8 178
3 8 177
3 8 115
3 8 140
3 8 12
3 8 10
3 8 176
3 8 83
3 8 71
3 8 163
3 8 168
3 8 80
3 8 101
3 8 195
3 8 97
3 8 186
3 8 59
3 8 157
3 8 121
3 8 27
3 8 173
3 8 42
3 8 27
3 8 131
3 8 195
3 8 21
3 8 75
3 8 58
3 8 195
3 8 73
3 8 166
3 8 21
3 8 99
3 8 134
3 8 106
3 8 141
3 8 183
3 8 176
3 8 187
3 8 71
3 8 46
3 8 49
3 8 163
3 8 115
3 8 79
3 8 140
3 8 66
4 9 167
4 9 126
4 9 171
4 9 140
4 9 140
4 9 10
4 9 57
4 9 174
4 9 59
4 9 83
4 9 150
4 9 194
4 9 37
4 9 137
4 9 17
4 9 48
4 9 63
4 9 172
4 9 177
4 9 195
4 9 63
4 9 179
4 9 4
4 9 82
4 9 156
4 9 118
4 9 20
4 9 144
4 9 173
4 9 45
4 9 21
4 9 103
4 9 146
4 9 135
4 9 178
4 9 7
4 9 114
4 9 115
4 9 26
4 9 13
4 9 159
4 9 114
4 9 134
4 9 17
4 9 123
4 9 127
4 9 55
4 9 31
4 9 128
4 9 19
4 9 69
4 9 8
4 9 190
4 9 155
4 9 148
4 9 90
4 9 136
4 9 112
4 9 147
4 9 90
4 9 5
4 9 131
4 9 195
4 9 129
4 9 51
4 9 184
4 9 49
4 9 17
4 9 163
4 9 159
4 9 178
4 9 99
4 9 55
4 9 105
4 9 194
4 9 74
4 9 123
4 9 120
4 9 123
4 9 140
4 9 59
4 9 77
4 9 133
4 9 13
4 9 89
4 9 41
4 9 136
4 9 37
4 9 190
4 9 33
4 9 157
5 10 120
5 10 127
5 10 40
5 10 50
5 10 111
5 10 154
5 10 130
5 10 136
5 10 46
5 10 32
5 10 115
5 10 188
5 10 129
5 10 142
5 10 171
5 10 141
5 10 176
5 10 187
5 10 190
5 10 79
5 10 139
5 10 170
5 10 70
5 10 179
5 10 152
5 10 98
5 10 46
5 10 145
5 10 141
5 10 85
5 10 6
5 10 199
5 10 7
5 10 183
5 10 3
5 10 53
5 10 158
5 10 197
5 10 29
5 10 124
5 10 38
5 10 98
5 10 172
5 10 184
5 10 17
5 10 39
5 10 134
5 10 196
5 10 82
5 10 168
5 10 23
5 10 197
5 10 198
5 10 90
5 10 35
5 10 97
5 10 176
5 10 155
5 10 9
5 10 75
5 10 33
5 10 152
5 10 56
5 10 170
5 10 69
5 10 196
5 10 178
5 10 145
5 10 197
5 10 113
5 10 58
5 10 118
5 10 43
5 10 17
5 10 111
5 10 91
5 10 43
5 10 84
5 10 195
5 10 28
5 10 135
5 10 60
5 10 20
5 10 60
5 10 64
5 10 68
5 10 102
5 10 68
5 10 20
5 10 2
6 11 2
6 11 143
6 11 112
6 11 45
6 11 136
6 11 18
6 11 163
6 11 115
6 11 170
6 11 94
6 11 42
6 11 145
6 11 46
6 11 128
6 11 6
6 11 192
6 11 110
6 11 81
6 11 115
6 11 163
6 11 54
6 11 181
6 11 195
6 11 152
6 11 98
6 11 162
6 11 17
6 11 57
6 11 114
6 11 71
6 11 73
6 11 42
6 11 151
6 11 50
6 11 140
6 11 165
6 11 115
6 11 143
6 11 150
6 11 146
6 11 89
6 11 18
6 11 95
6 11 15
6 11 39
6 11 112
6 11 146
6 11 193
6 11 183
6 11 14
6 11 124
6 11 16
6 11 72
6 11 67
6 11 84
6 11 81
6 11 63
6 11 145
6 11 57
6 11 8
6 11 88
6 11 162
6 11 171
6 11 47
6 11 79
6 11 28
6 11 111
6 11 105
6 11 73
6 11 46
6 11 179
6 11 146
6 11 129
6 11 197
6 11 163
6 11 40
6 11 70
6 11 114
6 11 121
6 11 115
6 11 12
6 11 8
6 11 43
6 11 106
6 11 157
6 11 59
6 11 61
6 11 76
6 11 103
6 11 95
7 12 170
7 12 85
7 12 101
7 12 136
7 12 170
7 12 80
7 12 46
7 12 132
7 12 175
7 12 139
7 12 92
7 12 194
7 12 164
7 12 108
7 12 164
7 12 97
7 12 96
7 12 193
7 12 50
7 12 176
7 12 67
7 12 85
7 12 104
7 12 156
7 12 110
7 12 193
7 12 73
7 12 180
7 12 146
7 12 35
7 12 50
7 12 1
7 12 95
7 12 65
7 12 190
7 12 175
7 12 16
7 12 32
7 12 93
7 12 133
7 12 102
7 12 68
7 12 49
7 12 86
7 12 79
7 12 24
7 12 80
7 12 93
7 12 96
7 12 184
7 12 177
7 12 81
7 12 200
7 12 141
7 12 71
7 12 132
7 12 46
7 12 43
7 12 110
7 12 152
7 12 193
7 12 31
7 12 146
7 12 171
7 12 140
7 12 104
7 12 174
7 12 98
7 12 83
7 12 50
7 12 39
7 12 27
7 12 78
7 12 174
7 12 70
7 12 44
7 12 177
7 12 27
7 12 161
7 12 129
7 12 181
7 12 102
7 12 179
7 12 87
7 12 157
7 12 29
7 12 64
7 12 42
7 12 199
7 12 189
7 12 192
7 12 182
7 12 131
7 12 129
7 12 174
7 12 191
7 12 5
7 12 38
7 12 172
7 12 129
7 12 102
7 12 26
7 12 2
7 12 91
7 12 37
8 13 154
8 13 188
8 13 116
8 13 106
8 13 9
8 13 33
8 13 37
8 13 44
8 13 31
8 13 7
8 13 56
8 13 65
8 13 190
8 13 148
8 13 189
8 13 175
8 13 20
8 13 107
8 13 74
8 13 180
8 13 101
8 13 17
8 13 24
8 13 94
8 13 46
8 13 51
8 13 144
8 13 26
8 13 35
8 13 84
8 13 108
8 13 118
8 13 172
8 13 26
8 13 145
8 13 42
8 13 80
8 13 81
8 13 183
8 13 98
8 13 7
8 13 79
8 13 87
8 13 40
8 13 37
8 13 69
8 13 111
8 13 14
8 13 174
8 13 148
8 13 12
8 13 157
8 13 170
8 13 121
8 13 42
8 13 54
8 13 16
8 13 102
8 13 177
8 13 4
8 13 128
8 13 107
8 13 80
8 13 139
8 13 164
8 13 143
8 13 9
8 13 85
8 13 126
8 13 78
8 13 66
8 13 147
8 13 25
8 13 42
8 13 170
8 13 6
8 13 185
8 13 138
8 13 31
8 13 127
8 13 187
8 13 117
8 13 166
8 13 16
8 13 6
8 13 86
8 13 128
8 13 59
8 13 16
8 13 96
8 13 148
8 13 109
9 14 127
9 14 133
9 14 159
9 14 145
9 14 140
9 14 28
9 14 141
9 14 54
9 14 58
9 14 146
9 14 132
9 14 106
9 14 87
9 14 146
9 14 49
9 14 74
9 14 105
9 14 152
9 14 90
9 14 112
9 14 196
9 14 73
9 14 31
9 14 131
9 14 2
9 14 163
9 14 117
9 14 37
9 14 16
9 14 145
9 14 47
9 14 170
9 14 118
9 14 19
9 14 137
9 14 157
9 14 23
9 14 135
9 14 41
9 14 138
9 14 147
9 14 5
9 14 119
9 14 184
9 14 95
9 14 88
9 14 103
9 14 108
9 14 199
9 14 44
9 14 24
9 14 31
9 14 156
9 14 164
9 14 187
9 14 161
9 14 32
9 14 58
9 14 15
9 14 1
9 14 190
9 14 182
9 14 17
9 14 174
9 14 122
9 14 137
9 14 44
9 14 152
9 14 41
9 14 179
9 14 41
9 14 96
9 14 150
9 14 131
9 14 120
9 14 46
9 14 39
9 14 77
9 14 139
9 14 99
9 14 122
9 14 148
9 14 97
9 14 193
9 14 34
9 14 117
9 14 39
9 14 162
9 14 154
9 14 94
9 14 61
9 14 8
9 14 141
10 15 173
10 15 97
10 15 86
10 15 50
10 15 85
10 15 53
10 15 142
10 15 140
10 15 47
10 15 29
10 15 187
10 15 162
10 15 199
10 15 48
10 15 173
10 15 38
10 15 197
10 15 63
10 15 131
10 15 53
10 15 54
10 15 38
10 15 154
10 15 8
10 15 43
10 15 126
10 15 78
10 15 58
10 15 43
10 15 100
10 15 32
10 15 63
10 15 163
10 15 44
10 15 70
10 15 98
10 15 37
10 15 52
10 15 199
10 15 23
10 15 99
10 15 55
10 15 121
10 15 104
10 15 89
10 15 114
10 15 187
10 15 152
10 15 70
10 15 46
10 15 27
10 15 187
10 15 47
10 15 105
10 15 50
10 15 57
10 15 70
10 15 11
10 15 119
10 15 80
10 15 144
10 15 102
10 15 143
10 15 165
10 15 169
10 15 193
10 15 168
10 15 137
10 15 33
10 15 107
10 15 171
10 15 45
10 15 114
10 15 127
10 15 43
10 15 31
10 15 61
10 15 92
10 15 3
10 15 131
10 15 40
10 15 64
10 15 35
10 15 84
10 15 144
10 15 20
10 15 31
10 15 197
10 15 111
11 16 98
11 16 4
11 16 88
11 16 135
11 16 1
11 16 43
11 16 16
11 16 197
11 16 36
11 16 25
11 16 99
11 16 156
11 16 118
11 16 146
11 16 85
11 16 176
11 16 41
11 16 193
11 16 51
11 16 51
11 16 90
11 16 149
11 16 2
11 16 12
11 16 53
11 16 92
11 16 122
11 16 16
11 16 103
11 16 80
11 16 186
11 16 137
11 16 187
11 16 27
11 16 198
11 16 17
11 16 26
11 16 168
11 16 64
11 16 136
11 16 116
11 16 91
11 16 76
11 16 135
11 16 73
11 16 66
11 16 193
11 16 11
11 16 73
11 16 171
11 16 166
11 16 39
11 16 45
11 16 135
11 16 199
11 16 64
11 16 138
11 16 90
11 16 193
11 16 177
11 16 155
11 16 132
11 16 65
11 16 62
11 16 125
11 16 166
11 16 142
11 16 4
11 16 44
11 16 47
11 16 46
11 16 175
11 16 48
11 16 169
11 16 168
11 16 130
11 16 11
11 16 130
11 16 89
11 16 104
11 16 165
11 16 49
11 16 3
11 16 41
11 16 77
11 16 41
11 16 144
11 16 172
11 16 32
11 16 155
11 16 82
11 16 133
11 16 129
11 16 67
11 16 48
11 16 15
11 16 138
11 16 191
11 16 171
11 16 50
11 16 59
11 16 23
11 16 90
11 16 19
11 16 62
11 16 12
11 16 130
11 16 21
11 16 194
11 16 64
11 16 29
11 16 158
11 16 193
11 16 10
11 16 141
11 16 104
11 16 197
11 16 156
11 16 75
11 16 55
11 16 136
11 16 47
11 16 94
12 17 142
12 17 72
12 17 155
12 17 96
12 17 171
12 17 122
12 17 138
12 17 71
12 17 15
12 17 160
12 17 75
12 17 20
12 17 157
12 17 21
12 17 44
12 17 12
12 17 2
12 17 47
12 17 94
12 17 25
12 17 63
12 17 56
12 17 136
12 17 121
12 17 131
12 17 134
12 17 90
12 17 36
12 17 108
12 17 146
12 17 114
12 17 30
12 17 128
12 17 200
12 17 59
12 17 75
12 17 21
12 17 195
12 17 138
12 17 150
12 17 77
12 17 73
12 17 153
12 17 117
12 17 175
12 17 149
12 17 143
12 17 147
12 17 1
12 17 168
12 17 30
12 17 93
12 17 190
12 17 12
12 17 139
12 17 133
12 17 11
12 17 31
12 17 169
12 17 2
12 17 87
12 17 141
12 17 33
12 17 140
12 17 55
12 17 19
12 17 198
12 17 83
12 17 62
12 17 6
12 17 188
12 17 75
12 17 9
12 17 11
12 17 45
12 17 7
12 17 171
12 17 98
12 17 31
12 17 191
12 17 153
12 17 159
12 17 146
12 17 93
13 18 103
13 18 19
13 18 134
13 18 63
13 18 143
13 18 109
13 18 122
13 18 13
13 18 7
13 18 140
13 18 182
13 18 30
13 18 121
13 18 34
13 18 90
13 18 88
13 18 15
13 18 145
13 18 165
13 18 127
13 18 128
13 18 183
13 18 26
13 18 167
13 18 86
13 18 107
13 18 28
13 18 158
13 18 191
13 18 63
13 18 108
13 18 132
13 18 73
13 18 111
13 18 7
13 18 143
13 18 67
13 18 42
13 18 107
13 18 36
13 18 50
13 18 70
13 18 12
13 18 163
13 18 154
13 18 21
13 18 97
13 18 171
13 18 77
13 18 65
13 18 169
13 18 149
13 18 185
13 18 75
13 18 80
13 18 109
13 18 70
13 18 187
13 18 195
13 18 113
13 18 77
13 18 87
13 18 28
13 18 109
13 18 133
13 18 152
13 18 194
13 18 139
13 18 170
13 18 71
13 18 11
13 18 126
13 18 123
13 18 42
13 18 5
13 18 99
13 18 9
13 18 80
13 18 114
13 18 34
13 18 48
13 18 69
13 18 64
13 18 147
13 18 140
13 18 33
13 18 137
13 18 35
13 18 32
13 18 58
13 18 99
13 18 135
13 18 11
13 18 44
13 18 194
13 18 168
13 18 112
13 18 135
13 18 99
13 18 7
13 18 188
14 19 100
14 19 87
14 19 169
14 19 146
14 19 4
14 19 111
14 19 102
14 19 130
14 19 59
14 19 63
14 19 165
14 19 51
14 19 24
14 19 9
14 19 57
14 19 140
14 19 48
14 19 93
14 19 68
14 19 94
14 19 195
14 19 58
14 19 163
14 19 178
14 19 4
14 19 172
14 19 154
14 19 149
14 19 122
14 19 199
14 19 39
14 19 57
14 19 6
14 19 163
14 19 104
14 19 132
14 19 87
14 19 49
14 19 51
14 19 182
14 19 58
14 19 77
14 19 15
14 19 150
14 19 86
14 19 53
14 19 174
14 19 166
14 19 190
14 19 72
14 19 40
14 19 78
14 19 185
14 19 91
14 19 75
14 19 23
14 19 111
14 19 189
14 19 31
14 19 145
14 19 5
14 19 163
14 19 61
14 19 29
14 19 36
14 19 144
14 19 100
14 19 112
14 19 24
14 19 177
14 19 181
14 19 35
14 19 8
14 19 185
14 19 2
14 19 51
14 19 85
15 20 174
15 20 76
15 20 29
15 20 181
15 20 56
15 20 80
15 20 48
15 20 89
15 20 33
15 20 15
15 20 152
15 20 139
15 20 88
15 20 121
15 20 164
15 20 143
15 20 40
15 20 154
15 20 80
15 20 124
15 20 58
15 20 134
15 20 125
15 20 24
15 20 134
15 20 107
15 20 5
15 20 124
15 20 20
15 20 18
15 20 165
15 20 161
15 20 55
15 20 173
15 20 165
15 20 131
15 20 61
15 20 68
15 20 58
15 20 12
15 20 62
15 20 94
15 20 41
15 20 84
15 20 92
15 20 178
15 20 133
15 20 139
15 20 78
15 20 169
15 20 18
15 20 33
15 20 169
15 20 91
15 20 159
15 20 189
15 20 23
15 20 128
15 20 17
15 20 105
15 20 179
15 20 22
15 20 118
15 20 55
15 20 147
15 20 111
15 20 90
15 20 42
15 20 34
15 20 188
15 20 68
15 20 189
15 20 95
15 20 34
15 20 127
15 20 158
15 20 135
15 20 137
15 20 177
15 20 128
15 20 18
15 20 45
15 20 6
16 21 116
16 21 85
16 21 3
16 21 93
16 21 13
16 21 170
16 21 44
16 21 197
16 21 200
16 21 170
16 21 190
16 21 148
16 21 80
16 21 161
16 21 103
16 21 51
16 21 54
16 21 152
16 21 167
16 21 147
16 21 163
16 21 148
16 21 20
16 21 20
16 21 152
16 21 55
16 21 77
16 21 75
16 21 66
16 21 158
16 21 65
16 21 112
16 21 2
16 21 71
16 21 129
16 21 142
16 21 51
16 21 54
16 21 48
16 21 163
16 21 125
16 21 88
16 21 176
16 21 27
16 21 24
16 21 182
16 21 29
16 21 101
16 21 82
16 21 143
16 21 120
16 21 26
16 21 97
16 21 170
16 21 11
16 21 107
16 21 175
16 21 52
16 21 86
16 21 87
16 21 145
16 21 177
16 21 140
16 21 57
16 21 106
16 21 35
16 21 185
16 21 147
16 21 94
16 21 42
16 21 130
16 21 131
16 21 160
16 21 95
16 21 126
16 21 178
16 21 64
16 21 66
16 21 55
16 21 10
16 21 82
16 21 125
16 21 83
16 21 142
16 21 55
16 21 80
16 21 60
16 21 68
17 22 177
17 22 35
17 22 32
17 22 145
17 22 142
17 22 37
17 22 62
17 22 171
17 22 191
17 22 137
17 22 22
17 22 8
17 22 114
17 22 63
17 22 41
17 22 58
17 22 159
17 22 21
17 22 56
17 22 161
17 22 40
17 22 152
17 22 159
17 22 61
17 22 188
17 22 115
17 22 146
17 22 117
17 22 192
17 22 146
17 22 15
17 22 63
17 22 134
17 22 55
17 22 107
17 22 56
17 22 114
17 22 135
17 22 181
17 22 120
17 22 153
17 22 31
17 22 78
17 22 113
17 22 81
17 22 34
17 22 170
17 22 173
17 22 4
17 22 84
17 22 173
17 22 80
17 22 54
17 22 178
17 22 28
17 22 36
17 22 161
17 22 46
17 22 127
17 22 104
17 22 73
17 22 44
17 22 129
17 22 110
17 22 24
17 22 85
17 22 17
17 22 160
17 22 26
17 22 139
17 22 178
17 22 187
17 22 112
17 22 111
17 22 146
17 22 13
17 22 187
17 22 61
17 22 118
17 22 129
17 22 93
17 22 149
17 22 9
17 22 13
17 22 163
17 22 103
17 22 169
17 22 84
17 22 68
17 22 65
17 22 153
17 22 22
17 22 104
17 22 24
17 22 94
17 22 118
17 22 148
17 22 95
17 22 125
17 22 195
17 22 148
17 22 177
18 23 39
18 23 185
18 23 194
18 23 125
18 23 123
18 23 144
18 23 61
18 23 18
18 23 153
18 23 191
18 23 117
18 23 181
18 23 90
18 23 39
18 23 67
18 23 83
18 23 88
18 23 128
18 23 89
18 23 40
18 23 61
18 23 116
18 23 22
18 23 181
18 23 81
18 23 161
18 23 9
18 23 101
18 23 200
18 23 100
18 23 191
18 23 189
18 23 81
18 23 50
18 23 159
18 23 71
18 23 1
18 23 174
18 23 52
18 23 66
18 23 198
18 23 167
18 23 56
18 23 30
18 23 105
18 23 195
18 23 96
18 23 48
18 23 92
18 23 49
18 23 196
18 23 181
18 23 100
18 23 126
18 23 152
18 23 123
18 23 74
18 23 57
18 23 164
18 23 135
18 23 172
18 23 114
18 23 92
18 23 68
18 23 122
18 23 152
18 23 157
18 23 1
18 23 112
18 23 137
18 23 20
18 23 61
18 23 95
18 23 7
18 23 58
18 23 150
18 23 158
18 23 56
18 23 89
18 23 92
18 23 119
18 23 7
18 23 90
18 23 114
18 23 4
18 23 172
18 23 88
18 23 153
18 23 176
18 23 72
18 23 124
18 23 194
18 23 75
18 23 186
18 23 38
18 23 37
18 23 95
18 23 132
18 23 98
18 23 164
18 23 74
18 23 69
18 23 23
19 24 189
19 24 162
19 24 103
19 24 171
19 24 176
19 24 109
19 24 161
19 24 145
19 24 192
19 24 124
19 24 109
19 24 58
19 24 27
19 24 138
19 24 12
19 24 128
19 24 29
19 24 161
19 24 25
19 24 123
19 24 113
19 24 59
19 24 180
19 24 162
19 24 177
19 24 196
19 24 43
19 24 197
19 24 25
19 24 187
19 24 168
19 24 71
19 24 186
19 24 39
19 24 128
19 24 39
19 24 44
19 24 127
19 24 17
19 24 26
19 24 8
19 24 137
19 24 111
19 24 36
19 24 91
19 24 44
19 24 101
19 24 14
19 24 74
19 24 12
19 24 94
19 24 181
19 24 87
19 24 36
19 24 107
19 24 83
19 24 41
19 24 44
19 24 56
19 24 177
19 24 34
19 24 84
19 24 147
19 24 22
19 24 149
19 24 64
19 24 112
19 24 167
19 24 97
19 24 122
19 24 93
19 24 172
19 24 106
19 24 183
19 24 168
19 24 64
19 24 105
19 24 82
19 24 177
19 24 165
19 24 179
19 24 163
19 24 45
19 24 155
19 24 79
19 24 171
19 24 180
19 24 90
20 25 39
20 25 191
20 25 35
20 25 49
20 25 27
20 25 120
20 25 159
20 25 27
20 25 68
20 25 11
20 25 193
20 25 119
20 25 56
20 25 48
20 25 155
20 25 194
20 25 12
20 25 180
20 25 90
20 25 83
20 25 73
20 25 163
20 25 28
20 25 99
20 25 90
20 25 192
20 25 8
20 25 101
20 25 67
20 25 99
20 25 21
20 25 173
20 25 135
20 25 127
20 25 49
20 25 50
20 25 160
20 25 8
20 25 18
20 25 188
20 25 140
20 25 86
20 25 8
20 25 91
20 25 89
20 25 103
20 25 56
20 25 185
20 25 75
20 25 125
20 25 34
20 25 137
20 25 65
20 25 90
20 25 79
20 25 65
20 25 186
20 25 189
20 25 157
20 25 167
20 25 178
20 25 193
20 25 29
20 25 37
20 25 16
20 25 136
20 25 147
20 25 28
20 25 120
20 25 187
20 25 76
20 25 104
20 25 191
20 25 103
20 25 80
20 25 83
20 25 163
20 25 175
20 25 28
20 25 96
20 25 79
20 25 42
20 25 132
20 25 25
20 25 105
20 25 162
20 25 43
20 25 172
20 25 82
20 25 55
20 25 6
20 25 138
20 25 46
20 25 74
21 26 148
21 26 147
21 26 46
21 26 91
21 26 54
21 26 76
21 26 75
21 26 18
21 26 82
21 26 16
21 26 146
21 26 58
21 26 99
21 26 73
21 26 152
21 26 147
21 26 27
21 26 85
21 26 11
21 26 155
21 26 182
21 26 3
21 26 128
21 26 24
21 26 159
21 26 139
21 26 79
21 26 100
21 26 79
21 26 132
21 26 141
21 26 61
21 26 36
21 26 128
21 26 116
21 26 185
21 26 141
21 26 156
21 26 12
21 26 134
21 26 166
21 26 24
21 26 39
21 26 10
21 26 26
21 26 106
21 26 14
21 26 102
21 26 92
21 26 193
21 26 128
21 26 137
21 26 83
21 26 145
21 26 110
21 26 92
21 26 11
21 26 22
21 26 43
21 26 199
21 26 104
21 26 94
21 26 154
21 26 113
21 26 95
21 26 41
21 26 111
21 26 69
21 26 90
21 26 35
21 26 163
21 26 122
21 26 51
21 26 3
21 26 197
21 26 135
21 26 31
21 26 180
21 26 111
21 26 161
21 26 189
21 26 24
21 26 94
21 26 166
21 26 13
21 26 131
21 26 95
21 26 22
21 26 116
21 26 195
21 26 92
21 26 108
21 26 94
21 26 167
21 26 107
21 26 45
21 26 181
21 26 124
21 26 169
21 26 106
21 26 98
21 26 104
21 26 133
21 26 135
22 27 18
22 27 175
22 27 95
22 27 136
22 27 97
22 27 180
22 27 65
22 27 22
22 27 144
22 27 85
22 27 114
22 27 188
22 27 50
22 27 180
22 27 74
22 27 126
22 27 87
22 27 62
22 27 14
22 27 38
22 27 195
22 27 111
22 27 196
22 27 61
22 27 196
22 27 199
22 27 17
22 27 77
22 27 114
22 27 108
22 27 34
22 27 82
22 27 54
22 27 151
22 27 148
22 27 161
22 27 182
22 27 137
22 27 50
22 27 71
22 27 159
22 27 179
22 27 123
22 27 67
22 27 150
22 27 154
22 27 156
22 27 173
22 27 136
22 27 181
22 27 2
22 27 183
22 27 15
22 27 11
22 27 189
22 27 26
22 27 89
22 27 53
22 27 156
22 27 197
22 27 105
22 27 194
22 27 55
22 27 145
22 27 159
22 27 199
22 27 188
22 27 189
22 27 40
22 27 67
22 27 74
22 27 161
22 27 29
22 27 52
22 27 191
22 27 25
22 27 50
22 27 38
22 27 134
22 27 157
22 27 17
22 27 78
22 27 99
22 27 175
22 27 41
22 27 188
22 27 172
22 27 141
22 27 2
22 27 79
22 27 23
22 27 91
22 27 86
22 27 166
22 27 109
22 27 91
22 27 186
22 27 158
23 28 73
23 28 141
23 28 115
23 28 198
23 28 17
23 28 136
23 28 6
23 28 76
23 28 177
23 28 135
23 28 15
23 28 196
23 28 57
23 28 83
23 28 199
23 28 1
23 28 16
23 28 116
23 28 13
23 28 19
23 28 31
23 28 165
23 28 144
23 28 42
23 28 174
23 28 131
23 28 173
23 28 174
23 28 81
23 28 45
23 28 62
23 28 89
23 28 31
23 28 161
23 28 20
23 28 132
23 28 188
23 28 46
23 28 6
23 28 121
23 28 1
23 28 60
23 28 48
23 28 99
23 28 193
23 28 40
23 28 200
23 28 41
23 28 99
23 28 11
23 28 170
23 28 39
23 28 82
23 28 171
23 28 111
23 28 60
23 28 3
23 28 195
23 28 93
23 28 185
23 28 127
23 28 124
23 28 119
23 28 2
23 28 150
23 28 134
23 28 149
23 28 85
23 28 72
23 28 144
23 28 7
23 28 147
23 28 50
23 28 37
23 28 10
23 28 51
23 28 154
23 28 97
23 28 174
23 28 102
23 28 178
23 28 27
23 28 96
23 28 9
23 28 156
23 28 188
23 28 89
23 28 103
23 28 41
23 28 161
23 28 34
23 28 151
23 28 18
23 28 76
23 28 21
23 28 123
23 28 193
23 28 138
23 28 58
23 28 83
23 28 174
23 28 180
23 28 43
23 28 15
23 28 68
24 29 121
24 29 43
24 29 112
24 29 38
24 29 186
24 29 127
24 29 194
24 29 2
24 29 179
24 29 39
24 29 46
24 29 165
24 29 35
24 29 129
24 29 184
24 29 59
24 29 133
24 29 76
24 29 20
24 29 166
24 29 49
24 29 143
24 29 70
24 29 104
24 29 26
24 29 141
24 29 189
24 29 122
24 29 23
24 29 108
24 29 13
24 29 81
24 29 58
24 29 184
24 29 38
24 29 76
24 29 149
24 29 190
24 29 129
24 29 171
24 29 117
24 29 11
24 29 47
24 29 25
24 29 2
24 29 77
24 29 93
24 29 103
24 29 153
24 29 173
24 29 173
24 29 66
24 29 108
24 29 179
24 29 116
24 29 167
24 29 195
24 29 99
24 29 176
24 29 51
24 29 113
24 29 160
24 29 59
24 29 85
24 29 15
24 29 142
24 29 166
24 29 72
24 29 17
24 29 18
24 29 188
24 29 115
24 29 24
24 29 174
24 29 93
24 29 28
24 29 143
24 29 123
24 29 18
24 29 59
24 29 111
24 29 75
24 29 152
24 29 34
24 29 1
24 29 2
24 29 21
24 29 142
24 29 52
24 29 95
24 29 109
24 29 113
24 29 170
24 29 36
24 29 172
24 29 185
24 29 111
24 29 172
24 29 188
24 29 175
25 30 85
25 30 59
25 30 186
25 30 132
25 30 156
25 30 29
25 30 83
25 30 24
25 30 54
25 30 89
25 30 64
25 30 98
25 30 85
25 30 12
25 30 25
25 30 198
25 30 71
25 30 65
25 30 49
25 30 86
25 30 147
25 30 32
25 30 157
25 30 92
25 30 50
25 30 198
25 30 24
25 30 200
25 30 200
25 30 78
25 30 39
25 30 12
25 30 163
25 30 47
25 30 64
25 30 25
25 30 138
25 30 93
25 30 110
25 30 31
25 30 162
25 30 77
25 30 47
25 30 12
25 30 162
25 30 163
25 30 189
25 30 115
25 30 79
25 30 170
25 30 171
25 30 194
25 30 168
25 30 148
25 30 92
25 30 54
25 30 82
25 30 18
25 30 121
25 30 96
25 30 143
25 30 36
25 30 10
25 30 187
25 30 5
25 30 18
25 30 112
25 30 145
25 30 86
25 30 138
25 30 136
25 30 43
25 30 58
25 30 121
25 30 29
25 30 21
25 30 15
25 30 45
25 30 98
25 30 128
25 30 200
25 30 158
25 30 132
25 30 134
25 30 138
25 30 22
25 30 36
25 30 101
25 30 58
25 30 3
25 30 133
25 30 110
25 30 145
25 30 197
25 30 95
25 30 39
25 30 19
26 31 90
26 31 7
26 31 66
26 31 67
26 31 43
26 31 178
26 31 145
26 31 73
26 31 129
26 31 67
26 31 61
26 31 12
26 31 45
26 31 139
26 31 141
26 31 185
26 31 136
26 31 2
26 31 148
26 31 17
26 31 111
26 31 199
26 31 196
26 31 137
26 31 70
26 31 197
26 31 65
26 31 175
26 31 16
26 31 128
26 31 107
26 31 27
26 31 4
26 31 173
26 31 100
26 31 155
26 31 47
26 31 87
26 31 161
26 31 25
26 31 102
26 31 162
26 31 129
26 31 121
26 31 87
26 31 101
26 31 173
26 31 141
26 31 20
26 31 85
26 31 151
26 31 38
26 31 133
26 31 200
26 31 186
26 31 75
26 31 43
26 31 62
26 31 133
26 31 137
26 31 39
26 31 158
26 31 173
26 31 131
26 31 84
26 31 85
26 31 77
26 31 25
26 31 94
26 31 132
26 31 28
26 31 119
26 31 149
26 31 44
26 31 34
26 31 10
26 31 175
26 31 113
26 31 185
26 31 25
26 31 141
26 31 56
26 31 186
26 31 15
26 31 180
26 31 50
26 31 34
26 31 170
26 31 94
26 31 196
26 31 28
26 31 33
26 31 5
26 31 72
26 31 121
26 31 152
26 31 98
26 31 180
26 31 41
26 31 25
26 31 100
26 31 133
26 31 112
26 31 163
26 31 82
26 31 144
27 32 196
27 32 129
27 32 130
27 32 122
27 32 49
27 32 84
27 32 105
27 32 171
27 32 151
27 32 113
27 32 188
27 32 117
27 32 122
27 32 199
27 32 65
27 32 109
27 32 109
27 32 120
27 32 109
27 32 9
27 32 67
27 32 46
27 32 54
27 32 3
27 32 124
27 32 138
27 32 36
27 32 127
27 32 142
27 32 195
27 32 142
27 32 177
27 32 75
27 32 88
27 32 48
27 32 61
27 32 132
27 32 79
27 32 174
27 32 33
27 32 142
27 32 15
27 32 168
27 32 45
27 32 85
27 32 70
27 32 152
27 32 37
27 32 70
27 32 127
27 32 22
27 32 102
27 32 164
27 32 170
27 32 168
27 32 181
27 32 42
27 32 51
27 32 31
27 32 128
27 32 114
27 32 35
27 32 115
27 32 128
27 32 22
27 32 107
27 32 46
27 32 188
27 32 72
27 32 137
27 32 161
27 32 38
27 32 80
27 32 195
27 32 140
27 32 165
27 32 150
27 32 138
27 32 160
27 32 43
27 32 118
27 32 200
27 32 89
27 32 46
27 32 107
27 32 28
27 32 89
27 32 65
27 32 121
27 32 45
27 32 25
27 32 15
27 32 107
27 32 161
27 32 82
27 32 132
27 32 156
27 32 49
27 32 146
27 32 97
27 32 188
27 32 50
27 32 127
27 32 118
27 32 56
27 32 62
27 32 139
27 32 119
27 32 197
27 32 19
27 32 138
27 32 33
28 33 133
28 33 88
28 33 172
28 33 87
28 33 127
28 33 42
28 33 17
28 33 131
28 33 140
28 33 78
28 33 33
28 33 51
28 33 134
28 33 86
28 33 62
28 33 84
28 33 93
28 33 193
28 33 170
28 33 105
28 33 12
28 33 168
28 33 123
28 33 175
28 33 119
28 33 152
28 33 61
28 33 5
28 33 28
28 33 145
28 33 195
28 33 127
28 33 80
28 33 176
28 33 186
28 33 144
28 33 104
28 33 118
28 33 87
28 33 156
28 33 19
28 33 92
28 33 78
28 33 191
28 33 200
28 33 127
28 33 86
28 33 58
28 33 29
28 33 73
28 33 79
28 33 159
28 33 151
28 33 15
28 33 120
28 33 164
28 33 96
28 33 100
28 33 18
28 33 179
28 33 71
28 33 67
28 33 173
28 33 79
28 33 98
28 33 70
28 33 34
28 33 109
28 33 19
28 33 63
28 33 12
28 33 98
28 33 168
28 33 65
28 33 147
28 33 169
28 33 25
28 33 182
28 33 129
28 33 200
28 33 120
28 33 197
28 33 139
28 33 53
28 33 174
28 33 175
28 33 54
28 33 143
28 33 193
28 33 64
29 34 128
29 34 198
29 34 15
29 34 83
29 34 29
29 34 193
29 34 196
29 34 1
29 34 69
29 34 31
29 34 34
29 34 161
29 34 132
29 34 153
29 34 129
29 34 199
29 34 103
29 34 36
29 34 17
29 34 52
29 34 186
29 34 159
29 34 73
29 34 171
29 34 179
29 34 60
29 34 42
29 34 162
29 34 191
29 34 122
29 34 162
29 34 197
29 34 45
29 34 160
29 34 136
29 34 52
29 34 78
29 34 40
29 34 149
29 34 108
29 34 140
29 34 157
29 34 146
29 34 70
29 34 46
29 34 117
29 34 75
29 34 192
29 34 167
29 34 32
29 34 170
29 34 61
29 34 97
29 34 184
29 34 98
29 34 71
29 34 91
29 34 141
29 34 22
29 34 151
29 34 69
29 34 39
29 34 154
29 34 171
29 34 140
29 34 101
29 34 5
29 34 21
29 34 169
29 34 150
29 34 43
29 34 28
29 34 36
29 34 63
29 34 1
29 34 92
29 34 169
29 34 161
29 34 12
29 34 136
29 34 7
29 34 161
29 34 94
29 34 127
29 34 192
29 34 118
29 34 13
29 34 49
29 34 179
29 34 155
29 34 114
29 34 172
29 34 192
29 34 25
29 34 128
29 34 47
29 34 95
29 34 90
29 34 174
29 34 150
29 34 121
29 34 172
29 34 193
29 34 150
29 34 129
29 34 59
29 34 158
29 34 118
30 35 126
30 35 14
30 35 131
30 35 125
30 35 129
30 35 113
30 35 39
30 35 5
30 35 145
30 35 200
30 35 17
30 35 116
30 35 31
30 35 180
30 35 100
30 35 187
30 35 108
30 35 53
30 35 83
30 35 129
30 35 66
30 35 175
30 35 110
30 35 183
30 35 144
30 35 123
30 35 24
30 35 38
30 35 117
30 35 76
30 35 21
30 35 135
30 35 49
30 35 174
30 35 42
30 35 122
30 35 167
30 35 192
30 35 125
30 35 157
30 35 49
30 35 178
30 35 141
30 35 185
30 35 181
30 35 14
30 35 37
30 35 67
30 35 46
30 35 72
30 35 163
30 35 22
30 35 20
30 35 118
30 35 119
30 35 52
30 35 84
30 35 174
30 35 115
30 35 122
30 35 130
30 35 5
30 35 46
30 35 38
30 35 66
30 35 179
30 35 101
30 35 166
30 35 166
30 35 10
30 35 149
30 35 149
30 35 126
30 35 172
30 35 46
30 35 157
30 35 186
30 35 145
30 35 103
30 35 52
30 35 111
30 35 53
30 35 101
30 35 20
30 35 170
30 35 6
30 35 154
30 35 81
30 35 173
30 35 162
30 35 50
30 35 80
30 35 129
30 35 71
30 35 196
30 35 152
30 35 60
30 35 82
30 35 67
30 35 155
30 35 172
30 35 186
30 35 168
30 35 99
30 35 31
30 35 152
30 35 73
30 35 175
30 35 88
30 35 196
30 35 73
30 35 72
30 35 178
30 35 96
30 35 112
31 36 188
31 36 38
31 36 35
31 36 138
31 36 97
31 36 12
31 36 96
31 36 27
31 36 75
31 36 180
31 36 4
31 36 74
31 36 103
31 36 147
31 36 89
31 36 159
31 36 16
31 36 31
31 36 74
31 36 112
31 36 56
31 36 92
31 36 158
31 36 196
31 36 101
31 36 106
31 36 24
31 36 39
31 36 79
31 36 78
31 36 128
31 36 143
31 36 126
31 36 100
31 36 37
31 36 123
31 36 197
31 36 82
31 36 139
31 36 39
31 36 133
31 36 76
31 36 72
31 36 189
31 36 5
31 36 144
31 36 43
31 36 29
31 36 87
31 36 183
31 36 91
31 36 149
31 36 1
31 36 14
31 36 125
31 36 168
31 36 39
31 36 86
31 36 182
31 36 145
31 36 157
31 36 27
31 36 155
31 36 96
31 36 135
31 36 116
31 36 137
31 36 177
31 36 173
31 36 41
31 36 90
31 36 42
31 36 127
31 36 141
31 36 164
31 36 1
31 36 97
31 36 27
31 36 191
31 36 76
31 36 90
31 36 190
31 36 33
31 36 104
31 36 127
31 36 185
31 36 105
32 37 33
32 37 76
32 37 62
32 37 5
32 37 71
32 37 97
32 37 86
32 37 75
32 37 90
32 37 158
32 37 104
32 37 10
32 37 143
32 37 2
32 37 5
32 37 59
32 37 53
32 37 49
32 37 135
32 37 25
32 37 79
32 37 169
32 37 45
32 37 120
32 37 159
32 37 51
32 37 180
32 37 32
32 37 148
32 37 40
32 37 97
32 37 37
32 37 86
32 37 68
32 37 4
32 37 169
32 37 77
32 37 142
32 37 197
32 37 172
32 37 29
32 37 190
32 37 8
32 37 8
32 37 126
32 37 154
32 37 128
32 37 2
32 37 119
32 37 32
32 37 183
32 37 114
32 37 124
32 37 26
32 37 194
32 37 194
32 37 56
32 37 31
32 37 10
32 37 79
32 37 159
32 37 58
32 37 95
32 37 120
32 37 104
32 37 140
32 37 62
32 37 31
32 37 3
32 37 2
32 37 30
32 37 187
32 37 191
32 37 106
32 37 85
32 37 90
32 37 30
32 37 111
32 37 154
32 37 22
32 37 126
32 37 83
32 37 144
32 37 109
32 37 198
32 37 164
32 37 144
32 37 190
32 37 102
32 37 29
32 37 170
32 37 99
32 37 158
32 37 80
32 37 25
32 37 125
32 37 188
32 37 60
32 37 148
32 37 133
32 37 18
32 37 23
32 37 9
33 38 60
33 38 2
33 38 126
33 38 186
33 38 115
33 38 133
33 38 151
33 38 127
33 38 98
33 38 146
33 38 134
33 38 9
33 38 163
33 38 177
33 38 160
33 38 160
33 38 186
33 38 73
33 38 42
33 38 47
33 38 163
33 38 155
33 38 128
33 38 119
33 38 35
33 38 197
33 38 180
33 38 59
33 38 9
33 38 196
33 38 16
33 38 55
33 38 43
33 38 152
33 38 138
33 38 89
33 38 83
33 38 106
33 38 109
33 38 59
33 38 6
33 38 196
33 38 193
33 38 43
33 38 100
33 38 57
33 38 120
33 38 150
33 38 99
33 38 187
33 38 141
33 38 168
33 38 143
33 38 82
33 38 48
33 38 147
33 38 185
33 38 189
33 38 37
33 38 81
33 38 25
33 38 163
33 38 80
33 38 142
33 38 184
33 38 98
33 38 189
33 38 54
33 38 12
33 38 90
33 38 64
33 38 64
33 38 1
33 38 128
33 38 73
33 38 93
33 38 143
33 38 183
33 38 192
33 38 191
33 38 140
33 38 74
33 38 52
33 38 102
33 38 50
33 38 139
33 38 121
33 38 123
33 38 41
33 38 180
33 38 114
33 38 199
34 39 158
34 39 151
34 39 113
34 39 8
34 39 59
34 39 103
34 39 43
34 39 119
34 39 94
34 39 64
34 39 80
34 39 119
34 39 189
34 39 12
34 39 77
34 39 48
34 39 97
34 39 189
34 39 20
34 39 138
34 39 176
34 39 127
34 39 66
34 39 21
34 39 6
34 39 191
34 39 129
34 39 55
34 39 60
34 39 16
34 39 136
34 39 2
34 39 45
34 39 49
34 39 34
34 39 26
34 39 34
34 39 2
34 39 85
34 39 193
34 39 196
34 39 158
34 39 165
34 39 182
34 39 152
34 39 42
34 39 99
34 39 1
34 39 104
34 39 66
34 39 166
34 39 171
34 39 132
34 39 141
34 39 5
34 39 56
34 39 22
34 39 78
34 39 57
34 39 30
34 39 147
34 39 124
34 39 138
34 39 125
34 39 38
34 39 65
34 39 2
34 39 169
34 39 121
34 39 2
34 39 49
34 39 36
34 39 51
34 39 192
34 39 45
34 39 33
34 39 79
34 39 86
34 39 177
34 39 197
34 39 116
34 39 19
34 39 12
34 39 82
34 39 118
34 39 159
34 39 139
34 39 139
34 39 198
34 39 55
34 39 69
34 39 40
34 39 142
34 39 172
34 39 93
34 39 108
34 39 3
34 39 74
34 39 66
34 39 5
34 39 136
34 39 163
34 39 152
34 39 33
34 39 131
34 39 70
34 39 157
34 39 110
34 39 63
34 39 100
34 39 27
34 39 193
34 39 131
34 39 151
34 39 47
34 39 90
34 39 181
35 40 200
35 40 144
35 40 29
35 40 198
35 40 138
35 40 114
35 40 124
35 40 142
35 40 123
35 40 124
35 40 185
35 40 79
35 40 139
35 40 10
35 40 198
35 40 184
35 40 14
35 40 39
35 40 189
35 40 159
35 40 162
35 40 87
35 40 136
35 40 141
35 40 120
35 40 166
35 40 190
35 40 138
35 40 197
35 40 110
35 40 176
35 40 51
35 40 82
35 40 198
35 40 156
35 40 144
35 40 10
35 40 86
35 40 17
35 40 79
35 40 55
35 40 147
35 40 167
35 40 103
35 40 55
35 40 87
35 40 33
35 40 87
35 40 63
35 40 135
35 40 57
35 40 57
35 40 145
35 40 179
35 40 42
35 40 184
35 40 184
35 40 176
35 40 83
35 40 154
35 40 55
35 40 67
35 40 159
35 40 190
35 40 65
35 40 25
35 40 36
35 40 183
35 40 76
35 40 101
35 40 85
35 40 81
35 40 96
35 40 34
35 40 117
35 40 157
35 40 88
35 40 119
35 40 142
35 40 190
35 40 3
35 40 185
35 40 56
35 40 37
35 40 196
35 40 159
35 40 59
35 40 97
35 40 114
35 40 12
35 40 98
35 40 80
35 40 192
35 40 181
35 40 41
35 40 14
35 40 139
35 40 40
35 40 188
35 40 129
35 40 147
35 40 138
35 40 166
36 41 188
36 41 198
36 41 1
36 41 58
36 41 58
36 41 94
36 41 11
36 41 196
36 41 107
36 41 195
36 41 178
36 41 112
36 41 37
36 41 57
36 41 62
36 41 51
36 41 76
36 41 93
36 41 127
36 41 164
36 41 125
36 41 193
36 41 57
36 41 37
36 41 28
36 41 172
36 41 68
36 41 172
36 41 45
36 41 178
36 41 178
36 41 18
36 41 86
36 41 53
36 41 197
36 41 180
36 41 41
36 41 24
36 41 62
36 41 114
36 41 89
36 41 47
36 41 129
36 41 7
36 41 31
36 41 136
36 41 16
36 41 58
36 41 83
36 41 92
36 41 23
36 41 166
36 41 5
36 41 197
36 41 93
36 41 22
36 41 195
36 41 2
36 41 19
36 41 90
36 41 11
36 41 116
36 41 127
36 41 54
36 41 41
36 41 38
36 41 160
36 41 89
36 41 192
36 41 15
36 41 186
36 41 50
36 41 80
36 41 198
36 41 75
36 41 16
36 41 117
36 41 129
36 41 92
36 41 65
36 41 193
36 41 183
36 41 200
36 41 76
36 41 151
36 41 135
36 41 133
36 41 37
36 41 44
36 41 78
36 41 68
36 41 82
36 41 175
36 41 135
36 41 132
36 41 9
36 41 14
36 41 110
36 41 52
36 41 131
36 41 177
36 41 42
36 41 74
36 41 6
36 41 67
36 41 163
36 41 16
36 41 142
36 41 29
37 42 9
37 42 171
37 42 180
37 42 65
37 42 162
37 42 151
37 42 121
37 42 167
37 42 195
37 42 107
37 42 184
37 42 9
37 42 74
37 42 70
37 42 36
37 42 2
37 42 25
37 42 147
37 42 6
37 42 197
37 42 74
37 42 195
37 42 193
37 42 176
37 42 7
37 42 120
37 42 25
37 42 48
37 42 22
37 42 52
37 42 126
37 42 108
37 42 195
37 42 60
37 42 2
37 42 61
37 42 111
37 42 117
37 42 65
37 42 26
37 42 17
37 42 160
37 42 178
37 42 176
37 42 94
37 42 72
37 42 141
37 42 112
37 42 88
37 42 189
37 42 112
37 42 2
37 42 35
37 42 105
37 42 153
37 42 97
37 42 121
37 42 23
37 42 44
37 42 192
37 42 148
37 42 95
37 42 42
37 42 185
37 42 174
37 42 87
37 42 117
37 42 188
37 42 93
37 42 21
37 42 153
37 42 177
37 42 186
37 42 29
37 42 41
37 42 128
37 42 141
37 42 176
37 42 105
37 42 181
37 42 161
37 42 11
37 42 193
37 42 180
37 42 103
37 42 60
37 42 17
37 42 155
37 42 49
37 42 65
37 42 134
37 42 6
37 42 42
37 42 78
37 42 163
37 42 196
37 42 148
37 42 173
37 42 152
37 42 147
37 42 141
37 42 28
37 42 88
37 42 79
37 42 62
37 42 88
38 43 37
38 43 200
38 43 148
38 43 12
38 43 180
38 43 166
38 43 20
38 43 84
38 43 189
38 43 163
38 43 146
38 43 200
38 43 88
38 43 65
38 43 77
38 43 186
38 43 38
38 43 140
38 43 195
38 43 146
38 43 152
38 43 115
38 43 111
38 43 197
38 43 80
38 43 106
38 43 148
38 43 4
38 43 76
38 43 34
38 43 156
38 43 124
38 43 180
38 43 77
38 43 138
38 43 19
38 43 76
38 43 74
38 43 33
38 43 134
38 43 119
38 43 28
38 43 68
38 43 154
38 43 192
38 43 180
38 43 144
38 43 33
38 43 82
38 43 18
38 43 104
38 43 28
38 43 90
38 43 127
38 43 89
38 43 104
38 43 60
38 43 146
38 43 154
38 43 26
38 43 164
38 43 81
38 43 192
38 43 182
38 43 130
38 43 156
38 43 50
38 43 2
38 43 25
38 43 107
38 43 107
38 43 174
38 43 40
38 43 135
38 43 30
38 43 10
38 43 126
38 43 22
38 43 102
38 43 52
38 43 94
38 43 99
38 43 163
38 43 149
38 43 19
38 43 103
38 43 90
38 43 192
38 43 140
38 43 91
38 43 26
38 43 106
38 43 143
38 43 146
39 44 105
39 44 23
39 44 10
39 44 143
39 44 65
39 44 15
39 44 14
39 44 6
39 44 102
39 44 6
39 44 87
39 44 50
39 44 157
39 44 133
39 44 83
39 44 176
39 44 104
39 44 179
39 44 64
39 44 92
39 44 165
39 44 187
39 44 15
39 44 186
39 44 146
39 44 36
39 44 149
39 44 104
39 44 184
39 44 151
39 44 117
39 44 139
39 44 62
39 44 32
39 44 176
39 44 147
39 44 123
39 44 127
39 44 84
39 44 31
39 44 1
39 44 32
39 44 114
39 44 112
39 44 198
39 44 159
39 44 142
39 44 62
39 44 28
39 44 76
39 44 53
39 44 143
39 44 177
39 44 169
39 44 9
39 44 192
39 44 87
39 44 67
39 44 117
39 44 165
39 44 78
39 44 160
39 44 19
39 44 64
39 44 144
39 44 161
39 44 188
39 44 154
39 44 133
39 44 27
39 44 10
39 44 62
39 44 67
39 44 64
39 44 180
39 44 151
39 44 41
39 44 74
39 44 123
39 44 73
39 44 194
39 44 131
39 44 129
39 44 58
39 44 166
39 44 21
39 44 17
39 44 160
39 44 13
39 44 67
39 44 127
39 44 44
39 44 194
39 44 130
39 44 153
39 44 85
39 44 125
39 44 61
39 44 72
39 44 54
39 44 123
39 44 68
39 44 133
39 44 121
39 44 96
39 44 189
39 44 165
39 44 173
39 44 184
39 44 132
40 45 38
40 45 166
40 45 186
40 45 129
40 45 4
40 45 25
40 45 197
40 45 137
40 45 5
40 45 154
40 45 148
40 45 179
40 45 1
40 45 126
40 45 49
40 45 189
40 45 63
40 45 77
40 45 34
40 45 47
40 45 162
40 45 67
40 45 32
40 45 185
40 45 7
40 45 44
40 45 60
40 45 178
40 45 144
40 45 157
40 45 152
40 45 100
40 45 10
40 45 21
40 45 139
40 45 185
40 45 47
40 45 15
40 45 113
40 45 68
40 45 91
40 45 114
40 45 166
40 45 25
40 45 71
40 45 81
40 45 43
40 45 196
40 45 80
40 45 200
40 45 39
40 45 58
40 45 111
40 45 134
40 45 112
40 45 50
40 45 121
40 45 71
40 45 143
40 45 39
40 45 21
40 45 13
40 45 137
40 45 170
40 45 40
40 45 161
40 45 175
40 45 166
40 45 13
40 45 49
40 45 106
40 45 44
40 45 172
40 45 198
40 45 178
40 45 114
40 45 177
40 45 83
40 45 94
40 45 135
40 45 78
40 45 4
40 45 182
40 45 93
40 45 33
40 45 5
40 45 82
40 45 35
40 45 22
40 45 37
40 45 107
40 45 159
40 45 89
40 45 68
40 45 36
40 45 168
41 46 23
41 46 167
41 46 83
41 46 26
41 46 29
41 46 128
41 46 130
41 46 65
41 46 185
41 46 46
41 46 12
41 46 19
41 46 143
41 46 14
41 46 50
41 46 164
41 46 153
41 46 61
41 46 200
41 46 77
41 46 189
41 46 164
41 46 92
41 46 76
41 46 22
41 46 71
41 46 19
41 46 167
41 46 172
41 46 112
41 46 114
41 46 175
41 46 35
41 46 127
41 46 15
41 46 189
41 46 127
41 46 12
41 46 141
41 46 117
41 46 146
41 46 39
41 46 154
41 46 16
41 46 1
41 46 144
41 46 69
41 46 28
41 46 82
41 46 86
41 46 185
41 46 164
41 46 148
41 46 186
41 46 172
41 46 33
41 46 20
41 46 76
41 46 122
41 46 169
41 46 131
41 46 25
41 46 14
41 46 143
41 46 122
41 46 127
41 46 184
41 46 74
41 46 133
41 46 124
41 46 58
41 46 27
41 46 112
41 46 94
41 46 116
41 46 91
41 46 194
41 46 9
41 46 196
41 46 13
41 46 58
41 46 171
41 46 64
41 46 127
41 46 189
41 46 127
41 46 145
41 46 12
41 46 82
41 46 81
41 46 67
41 46 110
41 46 200
41 46 116
41 46 43
41 46 183
41 46 54
41 46 40
41 46 176
41 46 101
41 46 179
41 46 146
41 46 176
41 46 48
42 47 200
42 47 25
42 47 40
42 47 151
42 47 33
42 47 34
42 47 123
42 47 19
42 47 12
42 47 60
42 47 200
42 47 180
42 47 65
42 47 95
42 47 37
42 47 106
42 47 3
42 47 166
42 47 86
42 47 188
42 47 14
42 47 39
42 47 200
42 47 155
42 47 181
42 47 56
42 47 130
42 47 17
42 47 130
42 47 130
42 47 62
42 47 23
42 47 19
42 47 161
42 47 183
42 47 74
42 47 52
42 47 191
42 47 43
42 47 158
42 47 124
42 47 66
42 47 166
42 47 116
42 47 10
42 47 76
42 47 146
42 47 141
42 47 38
42 47 8
42 47 128
42 47 23
42 47 38
42 47 12
42 47 186
42 47 26
42 47 13
42 47 143
42 47 187
42 47 41
42 47 139
42 47 74
42 47 139
42 47 138
42 47 123
42 47 111
42 47 134
42 47 22
42 47 158
42 47 135
42 47 109
42 47 77
42 47 128
42 47 176
42 47 105
42 47 106
42 47 153
42 47 76
42 47 105
42 47 65
42 47 30
42 47 109
42 47 112
42 47 71
42 47 179
42 47 180
42 47 187
42 47 176
42 47 142
42 47 194
42 47 193
43 48 56
43 48 30
43 48 137
43 48 108
43 48 42
43 48 127
43 48 31
43 48 167
43 48 193
43 48 198
43 48 55
43 48 91
43 48 194
43 48 33
43 48 141
43 48 143
43 48 109
43 48 56
43 48 101
43 48 133
43 48 32
43 48 4
43 48 192
43 48 86
43 48 48
43 48 20
43 48 74
43 48 198
43 48 124
43 48 31
43 48 71
43 48 83
43 48 96
43 48 116
43 48 63
43 48 109
43 48 32
43 48 136
43 48 181
43 48 120
43 48 113
43 48 164
43 48 151
43 48 118
43 48 182
43 48 17
43 48 56
43 48 168
43 48 22
43 48 89
43 48 94
43 48 149
43 48 91
43 48 44
43 48 133
43 48 41
43 48 11
43 48 198
43 48 18
43 48 48
43 48 14
43 48 97
43 48 99
43 48 5
43 48 97
43 48 123
43 48 178
43 48 46
43 48 158
43 48 186
43 48 12
43 48 180
43 48 190
43 48 31
43 48 26
43 48 176
43 48 16
43 48 66
43 48 146
43 48 104
43 48 60
43 48 197
43 48 113
43 48 181
43 48 140
43 48 131
43 48 117
43 48 176
43 48 10
43 48 196
43 48 29
43 48 183
43 48 150
43 48 54
43 48 79
43 48 109
43 48 54
43 48 90
43 48 144
43 48 90
43 48 82
43 48 174
43 48 120
43 48 191
43 48 103
43 48 197
43 48 12
43 48 46
43 48 149
43 48 91
43 48 13
43 48 139
43 48 110
44 49 141
44 49 62
44 49 139
44 49 3
44 49 138
44 49 44
44 49 38
44 49 198
44 49 136
44 49 142
44 49 106
44 49 28
44 49 113
44 49 69
44 49 101
44 49 35
44 49 195
44 49 184
44 49 72
44 49 87
44 49 8
44 49 13
44 49 159
44 49 32
44 49 145
44 49 121
44 49 142
44 49 180
44 49 172
44 49 106
44 49 180
44 49 80
44 49 153
44 49 128
44 49 41
44 49 198
44 49 179
44 49 84
44 49 32
44 49 126
44 49 167
44 49 76
44 49 192
44 49 48
44 49 30
44 49 129
44 49 177
44 49 2
44 49 132
44 49 155
44 49 68
44 49 3
44 49 158
44 49 114
44 49 5
44 49 143
44 49 135
44 49 196
44 49 97
44 49 93
44 49 66
44 49 113
44 49 18
44 49 58
44 49 116
44 49 26
44 49 185
44 49 81
44 49 104
44 49 51
44 49 38
44 49 11
44 49 7
44 49 13
44 49 183
44 49 189
44 49 133
44 49 72
44 49 78
44 49 119
44 49 61
44 49 197
44 49 91
44 49 71
44 49 81
44 49 104
44 49 186
44 49 93
44 49 99
44 49 129
44 49 31
44 49 68
44 49 196
44 49 60
44 49 26
44 49 142
44 49 79
44 49 114
44 49 44
44 49 11
44 49 57
44 49 2
44 49 95
44 49 54
44 49 22
44 49 117
44 49 152
44 49 29
44 49 49
44 49 53
45 50 173
45 50 51
45 50 111
45 50 180
45 50 144
45 50 33
45 50 6
45 50 83
45 50 108
45 50 131
45 50 77
45 50 133
45 50 94
45 50 138
45 50 174
45 50 120
45 50 30
45 50 38
45 50 173
45 50 3
45 50 46
45 50 41
45 50 174
45 50 154
45 50 118
45 50 64
45 50 97
45 50 189
45 50 65
45 50 71
45 50 83
45 50 94
45 50 185
45 50 168
45 50 6
45 50 13
45 50 62
45 50 25
45 50 143
45 50 39
45 50 166
45 50 83
45 50 114
45 50 135
45 50 66
45 50 126
45 50 67
45 50 115
45 50 78
45 50 184
45 50 69
45 50 114
45 50 17
45 50 87
45 50 74
45 50 5
45 50 105
45 50 43
45 50 45
45 50 152
45 50 71
45 50 182
45 50 167
45 50 196
45 50 23
45 50 118
45 50 77
45 50 84
45 50 192
45 50 155
45 50 98
45 50 165
45 50 159
45 50 56
45 50 88
45 50 37
45 50 10
45 50 49
45 50 165
45 50 159
45 50 51
45 50 36
45 50 94
45 50 152
45 50 97
45 50 91
45 50 122
45 50 36
45 50 26
45 50 89
45 50 85
45 50 97
45 50 50
45 50 15
45 50 109
45 50 137
45 50 78
45 50 80
45 50 78
45 50 57
45 50 111
45 50 183
45 50 25
45 50 101
45 50 124
45 50 2
45 50 68
45 50 32
45 50 38
45 50 187
45 50 77
45 50 17
45 50 145
45 50 117
45 50 91
45 50 141
45 50 181
46 51 151
46 51 140
46 51 53
46 51 32
46 51 60
46 51 139
46 51 133
46 51 49
46 51 49
46 51 24
46 51 106
46 51 147
46 51 105
46 51 87
46 51 118
46 51 119
46 51 51
46 51 48
46 51 178
46 51 106
46 51 158
46 51 24
46 51 160
46 51 143
46 51 97
46 51 35
46 51 36
46 51 10
46 51 34
46 51 198
46 51 79
46 51 156
46 51 93
46 51 39
46 51 193
46 51 163
46 51 136
46 51 189
46 51 56
46 51 74
46 51 95
46 51 70
46 51 130
46 51 12
46 51 174
46 51 86
46 51 80
46 51 26
46 51 147
46 51 166
46 51 25
46 51 83
46 51 33
46 51 151
46 51 22
46 51 148
46 51 135
46 51 22
46 51 122
46 51 143
46 51 158
46 51 188
46 51 181
46 51 20
46 51 114
46 51 132
46 51 162
46 51 199
46 51 21
46 51 134
46 51 136
46 51 173
46 51 175
46 51 53
46 51 112
46 51 180
46 51 25
46 51 40
46 51 129
46 51 113
46 51 136
46 51 141
46 51 35
46 51 118
46 51 40
46 51 88
46 51 76
46 51 59
46 51 22
46 51 83
46 51 22
46 51 110
46 51 168
46 51 166
46 51 199
46 51 103
46 51 13
47 52 128
47 52 152
47 52 160
47 52 51
47 52 66
47 52 127
47 52 153
47 52 121
47 52 55
47 52 197
47 52 8
47 52 172
47 52 18
47 52 79
47 52 81
47 52 179
47 52 185
47 52 132
47 52 54
47 52 103
47 52 11
47 52 189
47 52 139
47 52 59
47 52 165
47 52 87
47 52 162
47 52 65
47 52 78
47 52 161
47 52 151
47 52 147
47 52 170
47 52 97
47 52 48
47 52 140
47 52 26
47 52 66
47 52 77
47 52 152
47 52 27
47 52 54
47 52 54
47 52 83
47 52 17
47 52 106
47 52 75
47 52 195
47 52 57
47 52 175
47 52 122
47 52 173
47 52 92
47 52 117
47 52 4
47 52 118
47 52 130
47 52 85
47 52 107
47 52 185
47 52 106
47 52 21
47 52 8
47 52 7
47 52 33
47 52 194
47 52 20
47 52 5
47 52 130
47 52 4
47 52 87
47 52 102
47 52 130
47 52 98
47 52 16
47 52 106
47 52 64
47 52 186
47 52 197
47 52 6
47 52 155
47 52 81
47 52 68
47 52 158
47 52 138
47 52 104
47 52 159
47 52 68
47 52 12
47 52 135
47 52 95
47 52 75
47 52 123
47 52 180
47 52 156
47 52 121
47 52 143
47 52 180
47 52 177
47 52 170
47 52 147
47 52 105
47 52 13
47 52 151
48 53 71
48 53 24
48 53 54
48 53 53
48 53 100
48 53 116
48 53 195
48 53 90
48 53 13
48 53 190
48 53 75
48 53 159
48 53 16
48 53 18
48 53 147
48 53 89
48 53 16
48 53 23
48 53 115
48 53 102
48 53 182
48 53 118
48 53 123
48 53 5
48 53 10
48 53 131
48 53 8
48 53 148
48 53 185
48 53 98
48 53 56
48 53 172
48 53 56
48 53 147
48 53 55
48 53 163
48 53 34
48 53 162
48 53 6
48 53 188
48 53 1
48 53 145
48 53 166
48 53 185
48 53 187
48 53 82
48 53 98
48 53 27
48 53 59
48 53 63
48 53 66
48 53 155
48 53 153
48 53 124
48 53 69
48 53 13
48 53 200
48 53 110
48 53 93
48 53 3
48 53 98
48 53 171
48 53 5
48 53 138
48 53 33
48 53 78
48 53 127
48 53 80
48 53 146
48 53 18
48 53 189
48 53 35
48 53 152
48 53 110
48 53 139
48 53 169
48 53 170
48 53 35
48 53 174
48 53 184
48 53 53
48 53 173
48 53 26
48 53 193
48 53 96
48 53 42
48 53 168
48 53 189
48 53 138
48 53 28
49 54 79
49 54 33
49 54 136
49 54 53
49 54 69
49 54 151
49 54 74
49 54 179
49 54 87
49 54 118
49 54 44
49 54 121
49 54 43
49 54 197
49 54 62
49 54 19
49 54 192
49 54 126
49 54 11
49 54 59
49 54 21
49 54 110
49 54 178
49 54 63
49 54 38
49 54 3
49 54 133
49 54 72
49 54 126
49 54 170
49 54 161
49 54 84
49 54 200
49 54 166
49 54 122
49 54 75
49 54 52
49 54 145
49 54 163
49 54 81
49 54 96
49 54 70
49 54 64
49 54 67
49 54 43
49 54 56
49 54 107
49 54 119
49 54 48
49 54 25
49 54 170
49 54 178
49 54 105
49 54 115
49 54 196
49 54 95
49 54 199
49 54 175
49 54 153
49 54 6
49 54 176
49 54 174
49 54 16
49 54 181
49 54 187
49 54 144
49 54 169
49 54 196
49 54 199
49 54 166
49 54 130
49 54 75
49 54 117
49 54 95
49 54 73
49 54 28
49 54 87
49 54 103
49 54 13
49 54 102
49 54 34
49 54 59
49 54 152
49 54 90
49 54 73
49 54 69
49 54 43
49 54 113
49 54 14
49 54 63
49 54 25
49 54 98
49 54 2
49 54 41
49 54 60
49 54 94
49 54 144
49 54 82
49 54 162
49 54 87
50 55 138
50 55 8
50 55 63
50 55 139
50 55 83
50 55 154
50 55 92
50 55 115
50 55 183
50 55 87
50 55 108
50 55 94
50 55 12
50 55 157
50 55 133
50 55 148
50 55 77
50 55 119
50 55 102
50 55 77
50 55 109
50 55 41
50 55 170
50 55 120
50 55 8
50 55 98
50 55 89
50 55 125
50 55 134
50 55 32
50 55 43
50 55 65
50 55 136
50 55 146
50 55 17
50 55 87
50 55 69
50 55 26
50 55 187
50 55 195
50 55 27
50 55 133
50 55 151
50 55 134
50 55 73
50 55 56
50 55 47
50 55 56
50 55 19
50 55 161
50 55 95
50 55 21
50 55 190
50 55 31
50 55 44
50 55 1
50 55 50
50 55 146
50 55 186
50 55 196
50 55 121
50 55 8
50 55 82
50 55 153
50 55 96
50 55 19
50 55 119
50 55 106
50 55 137
50 55 60
50 55 97
50 55 4
50 55 40
50 55 44
50 55 58
50 55 28
50 55 25
50 55 85
50 55 71
50 55 21
50 55 34
50 55 103
50 55 181
50 55 8
50 55 48
50 55 49
50 55 114
50 55 185
50 55 24
50 55 53
50 55 82
50 55 8
50 55 137
50 55 24
50 55 52
50 55 84
50 55 27
50 55 123
50 55 144
50 55 53
51 56 167
51 56 35
51 56 188
51 56 48
51 56 62
51 56 146
51 56 177
51 56 5
51 56 47
51 56 170
51 56 87
51 56 58
51 56 84
51 56 124
51 56 124
51 56 106
51 56 117
51 56 169
51 56 60
51 56 109
51 56 45
51 56 46
51 56 97
51 56 85
51 56 57
51 56 200
51 56 194
51 56 94
51 56 188
51 56 79
51 56 69
51 56 24
51 56 105
51 56 158
51 56 154
51 56 125
51 56 90
51 56 111
51 56 136
51 56 7
51 56 195
51 56 66
51 56 104
51 56 186
51 56 143
51 56 21
51 56 149
51 56 134
51 56 140
51 56 185
51 56 15
51 56 27
51 56 163
51 56 6
51 56 49
51 56 145
51 56 99
51 56 135
51 56 63
51 56 93
51 56 163
51 56 142
51 56 111
51 56 180
51 56 80
51 56 184
51 56 27
51 56 90
51 56 111
51 56 165
51 56 46
51 56 183
51 56 15
51 56 122
51 56 200
51 56 163
51 56 76
51 56 116
51 56 116
51 56 133
51 56 45
51 56 61
51 56 32
51 56 180
51 56 95
51 56 66
51 56 8
51 56 64
51 56 38
51 56 106
51 56 122
51 56 43
51 56 122
51 56 159
51 56 63
51 56 187
51 56 107
51 56 137
51 56 198
51 56 70
51 56 140
51 56 79
51 56 121
51 56 93
51 56 12
51 56 165
51 56 23
51 56 62
51 56 135
52 57 33
52 57 62
52 57 130
52 57 153
52 57 135
52 57 122
52 57 2
52 57 101
52 57 43
52 57 73
52 57 56
52 57 102
52 57 82
52 57 175
52 57 177
52 57 185
52 57 173
52 57 118
52 57 76
52 57 84
52 57 87
52 57 181
52 57 74
52 57 171
52 57 106
52 57 131
52 57 76
52 57 159
52 57 194
52 57 179
52 57 38
52 57 200
52 57 22
52 57 80
52 57 66
52 57 170
52 57 72
52 57 6
52 57 90
52 57 10
52 57 69
52 57 114
52 57 87
52 57 30
52 57 15
52 57 93
52 57 48
52 57 54
52 57 35
52 57 26
52 57 151
52 57 7
52 57 54
52 57 156
52 57 37
52 57 60
52 57 78
52 57 124
52 57 23
52 57 126
52 57 38
52 57 121
52 57 176
52 57 90
52 57 96
52 57 89
52 57 109
52 57 125
52 57 144
52 57 199
52 57 181
52 57 118
52 57 111
52 57 79
52 57 41
52 57 189
52 57 87
52 57 98
52 57 7
52 57 11
52 57 182
52 57 150
52 57 194
52 57 149
52 57 9
52 57 17
52 57 39
52 57 164
52 57 64
52 57 105
52 57 80
52 57 49
52 57 177
52 57 68
52 57 71
52 57 58
52 57 63
52 57 20
53 58 54
53 58 124
53 58 63
53 58 167
53 58 86
53 58 44
53 58 30
53 58 195
53 58 25
53 58 137
53 58 112
53 58 154
53 58 40
53 58 107
53 58 5
53 58 42
53 58 29
53 58 136
53 58 33
53 58 150
53 58 83
53 58 9
53 58 48
53 58 54
53 58 173
53 58 124
53 58 75
53 58 43
53 58 61
53 58 132
53 58 169
53 58 162
53 58 200
53 58 120
53 58 23
53 58 123
53 58 37
53 58 120
53 58 55
53 58 184
53 58 88
53 58 22
53 58 97
53 58 73
53 58 185
53 58 159
53 58 145
53 58 20
53 58 98
53 58 131
53 58 41
53 58 145
53 58 166
53 58 91
53 58 51
53 58 169
53 58 87
53 58 119
53 58 15
53 58 165
53 58 43
53 58 47
53 58 89
53 58 100
53 58 18
53 58 70
53 58 23
53 58 105
53 58 103
53 58 82
53 58 11
53 58 112
53 58 20
53 58 73
53 58 33
53 58 168
53 58 93
53 58 140
53 58 47
53 58 90
53 58 118
53 58 57
53 58 146
53 58 67
53 58 38
53 58 88
53 58 101
53 58 68
53 58 75
53 58 112
54 59 109
54 59 33
54 59 20
54 59 53
54 59 181
54 59 200
54 59 63
54 59 83
54 59 98
54 59 102
54 59 69
54 59 85
54 59 136
54 59 18
54 59 141
54 59 199
54 59 105
54 59 111
54 59 88
54 59 74
54 59 27
54 59 125
54 59 96
54 59 105
54 59 55
54 59 179
54 59 131
54 59 77
54 59 199
54 59 181
54 59 112
54 59 179
54 59 129
54 59 188
54 59 99
54 59 16
54 59 28
54 59 120
54 59 144
54 59 104
54 59 144
54 59 78
54 59 70
54 59 41
54 59 9
54 59 55
54 59 36
54 59 22
54 59 84
54 59 26
54 59 53
54 59 10
54 59 120
54 59 187
54 59 81
54 59 147
54 59 97
54 59 70
54 59 73
54 59 173
54 59 194
54 59 120
54 59 1
54 59 22
54 59 52
54 59 37
54 59 28
54 59 4
54 59 62
54 59 95
54 59 93
54 59 88
54 59 175
54 59 188
54 59 152
54 59 177
54 59 176
54 59 45
54 59 193
54 59 86
54 59 34
54 59 62
54 59 151
54 59 194
54 59 26
54 59 154
54 59 103
54 59 198
54 59 66
54 59 15
54 59 197
54 59 143
54 59 6
54 59 28
54 59 93
54 59 181
54 59 158
54 59 138
54 59 51
54 59 21
54 59 161
54 59 131
54 59 55
54 59 30
54 59 56
54 59 166
54 59 87
54 59 74
54 59 54
54 59 38
54 59 30
54 59 100
54 59 106
55 60 156
55 60 22
55 60 69
55 60 67
55 60 176
55 60 23
55 60 156
55 60 48
55 60 26
55 60 26
55 60 25
55 60 55
55 60 50
55 60 59
55 60 19
55 60 44
55 60 185
55 60 112
55 60 87
55 60 44
55 60 1
55 60 178
55 60 50
55 60 34
55 60 68
55 60 166
55 60 12
55 60 88
55 60 56
55 60 74
55 60 139
55 60 42
55 60 60
55 60 149
55 60 81
55 60 111
55 60 49
55 60 100
55 60 73
55 60 70
55 60 103
55 60 96
55 60 175
55 60 111
55 60 79
55 60 190
55 60 156
55 60 20
55 60 22
55 60 196
55 60 130
55 60 84
55 60 101
55 60 12
55 60 178
55 60 38
55 60 117
55 60 153
55 60 34
55 60 163
55 60 97
55 60 128
55 60 74
55 60 116
55 60 142
55 60 30
55 60 40
55 60 90
55 60 133
55 60 116
55 60 159
55 60 98
55 60 136
55 60 17
55 60 168
55 60 49
55 60 103
55 60 132
55 60 11
55 60 148
55 60 11
55 60 101
55 60 92
55 60 66
55 60 110
55 60 110
55 60 148
55 60 99
55 60 169
55 60 192
55 60 114
55 60 199
55 60 131
55 60 200
55 60 156
55 60 137
55 60 55
55 60 34
55 60 14
55 60 1
55 60 161
56 61 180
56 61 168
56 61 156
56 61 149
56 61 93
56 61 41
56 61 33
56 61 27
56 61 175
56 61 109
56 61 151
56 61 85
56 61 131
56 61 187
56 61 171
56 61 125
56 61 109
56 61 127
56 61 143
56 61 189
56 61 112
56 61 95
56 61 95
56 61 58
56 61 5
56 61 23
56 61 168
56 61 188
56 61 129
56 61 9
56 61 66
56 61 47
56 61 190
56 61 40
56 61 175
56 61 144
56 61 197
56 61 31
56 61 59
56 61 9
56 61 169
56 61 133
56 61 78
56 61 129
56 61 198
56 61 3
56 61 171
56 61 157
56 61 134
56 61 165
56 61 46
56 61 6
56 61 68
56 61 151
56 61 116
56 61 3
56 61 16
56 61 172
56 61 138
56 61 105
56 61 80
56 61 157
56 61 21
56 61 186
56 61 63
56 61 109
56 61 146
56 61 29
56 61 22
56 61 11
56 61 153
56 61 47
56 61 30
56 61 191
56 61 73
56 61 36
56 61 61
56 61 26
56 61 192
56 61 139
56 61 21
56 61 77
56 61 107
56 61 160
56 61 24
56 61 128
56 61 39
56 61 159
56 61 72
56 61 75
56 61 54
56 61 102
56 61 39
56 61 21
56 61 87
56 61 107
56 61 76
56 61 46
56 61 153
56 61 41
56 61 107
56 61 167
56 61 121
56 61 46
56 61 33
56 61 192
56 61 93
57 62 56
57 62 27
57 62 56
57 62 18
57 62 185
57 62 187
57 62 48
57 62 70
57 62 112
57 62 20
57 62 105
57 62 117
57 62 87
57 62 28
57 62 125
57 62 59
57 62 87
57 62 108
57 62 165
57 62 101
57 62 68
57 62 200
57 62 153
57 62 65
57 62 185
57 62 14
57 62 155
57 62 174
57 62 85
57 62 55
57 62 176
57 62 193
57 62 139
57 62 39
57 62 11
57 62 121
57 62 167
57 62 96
57 62 32
57 62 155
57 62 52
57 62 191
57 62 68
57 62 39
57 62 183
57 62 98
57 62 69
57 62 123
57 62 46
57 62 9
57 62 161
57 62 40
57 62 62
57 62 105
57 62 153
57 62 82
57 62 35
57 62 23
57 62 54
57 62 27
57 62 115
57 62 109
57 62 19
57 62 138
57 62 108
57 62 157
57 62 36
57 62 30
57 62 200
57 62 54
57 62 102
57 62 80
57 62 144
57 62 107
57 62 192
57 62 1
57 62 62
57 62 121
57 62 83
57 62 86
57 62 123
57 62 160
57 62 71
57 62 153
57 62 46
57 62 171
57 62 5
57 62 74
57 62 95
57 62 23
58 63 20
58 63 120
58 63 173
58 63 128
58 63 107
58 63 73
58 63 8
58 63 64
58 63 71
58 63 192
58 63 18
58 63 171
58 63 190
58 63 16
58 63 142
58 63 154
58 63 84
58 63 63
58 63 162
58 63 115
58 63 167
58 63 66
58 63 22
58 63 197
58 63 56
58 63 110
58 63 167
58 63 41
58 63 18
58 63 138
58 63 181
58 63 120
58 63 106
58 63 36
58 63 54
58 63 96
58 63 182
58 63 110
58 63 172
58 63 96
58 63 71
58 63 130
58 63 13
58 63 72
58 63 14
58 63 79
58 63 118
58 63 101
58 63 144
58 63 180
58 63 58
58 63 15
58 63 52
58 63 32
58 63 10
58 63 180
58 63 124
58 63 137
58 63 185
58 63 72
58 63 197
58 63 90
58 63 191
58 63 200
58 63 188
58 63 38
58 63 92
58 63 111
58 63 25
58 63 96
58 63 140
58 63 132
58 63 66
58 63 192
58 63 53
58 63 5
58 63 92
58 63 73
58 63 149
58 63 75
58 63 14
58 63 119
58 63 9
58 63 16
58 63 178
58 63 69
58 63 59
58 63 179
58 63 77
58 63 183
58 63 1
58 63 161
58 63 176
58 63 167
58 63 9
58 63 160
58 63 159
58 63 35
58 63 197
58 63 4
58 63 46
58 63 51
58 63 58
58 63 135
58 63 83
58 63 193
58 63 146
59 64 4
59 64 186
59 64 179
59 64 181
59 64 190
59 64 162
59 64 109
59 64 153
59 64 77
59 64 49
59 64 82
59 64 74
59 64 58
59 64 154
59 64 12
59 64 192
59 64 119
59 64 85
59 64 123
59 64 57
59 64 72
59 64 169
59 64 160
59 64 13
59 64 108
59 64 42
59 64 62
59 64 171
59 64 6
59 64 179
59 64 39
59 64 100
59 64 6
59 64 77
59 64 28
59 64 135
59 64 165
59 64 43
59 64 172
59 64 45
59 64 149
59 64 37
59 64 123
59 64 12
59 64 59
59 64 39
59 64 11
59 64 72
59 64 140
59 64 169
59 64 30
59 64 95
59 64 22
59 64 7
59 64 7
59 64 84
59 64 43
59 64 41
59 64 193
59 64 162
59 64 85
59 64 197
59 64 59
59 64 22
59 64 94
59 64 14
59 64 19
59 64 43
59 64 85
59 64 114
59 64 31
59 64 61
59 64 77
59 64 148
59 64 103
59 64 16
59 64 77
59 64 83
59 64 52
59 64 111
59 64 153
59 64 7
59 64 131
59 64 186
59 64 110
59 64 77
59 64 109
59 64 170
59 64 55
59 64 75
59 64 164
59 64 78
59 64 13
59 64 44
59 64 167
59 64 183
59 64 200
59 64 98
59 64 13
59 64 57
59 64 136
59 64 27
59 64 167
59 64 170
59 64 193
59 64 40
59 64 145
59 64 180
59 64 76
60 65 27
60 65 45
60 65 58
60 65 102
60 65 34
60 65 111
60 65 122
60 65 73
60 65 180
60 65 195
60 65 13
60 65 136
60 65 152
60 65 121
60 65 134
60 65 99
60 65 112
60 65 60
60 65 46
60 65 165
60 65 175
60 65 148
60 65 11
60 65 171
60 65 89
60 65 169
60 65 182
60 65 107
60 65 190
60 65 55
60 65 5
60 65 128
60 65 100
60 65 132
60 65 169
60 65 138
60 65 120
60 65 104
60 65 44
60 65 144
60 65 165
60 65 139
60 65 93
60 65 50
60 65 198
60 65 146
60 65 36
60 65 174
60 65 54
60 65 98
60 65 39
60 65 136
60 65 6
60 65 79
60 65 143
60 65 5
60 65 174
60 65 82
60 65 131
60 65 199
60 65 39
60 65 116
60 65 46
60 65 184
60 65 153
60 65 123
60 65 86
60 65 13
60 65 15
60 65 200
60 65 175
60 65 168
60 65 100
60 65 51
60 65 180
60 65 161
60 65 153
60 65 130
60 65 96
60 65 137
60 65 6
60 65 71
60 65 28
60 65 98
60 65 83
60 65 31
60 65 194
60 65 131
60 65 14
60 65 17
60 65 68
60 65 126
60 65 83
60 65 3
60 65 9
60 65 96
60 65 127
60 65 67
60 65 59
60 65 66
60 65 129
61 66 97
61 66 194
61 66 134
61 66 14
61 66 192
61 66 138
61 66 185
61 66 128
61 66 145
61 66 132
61 66 144
61 66 146
61 66 177
61 66 41
61 66 119
61 66 32
61 66 110
61 66 53
61 66 101
61 66 36
61 66 4
61 66 78
61 66 122
61 66 130
61 66 94
61 66 141
61 66 63
61 66 104
61 66 82
61 66 137
61 66 151
61 66 131
61 66 160
61 66 66
61 66 189
61 66 69
61 66 37
61 66 2
61 66 69
61 66 171
61 66 77
61 66 67
61 66 115
61 66 20
61 66 20
61 66 135
61 66 93
61 66 21
61 66 23
61 66 118
61 66 26
61 66 188
61 66 2
61 66 141
61 66 120
61 66 33
61 66 152
61 66 67
61 66 53
61 66 95
61 66 71
61 66 179
61 66 25
61 66 98
61 66 146
61 66 21
61 66 117
61 66 129
61 66 53
61 66 42
61 66 68
61 66 127
61 66 86
61 66 79
61 66 92
61 66 97
61 66 190
61 66 76
61 66 193
61 66 22
61 66 171
61 66 110
61 66 54
61 66 142
61 66 159
61 66 189
61 66 119
61 66 144
61 66 121
61 66 7
61 66 4
61 66 183
61 66 16
61 66 177
61 66 105
61 66 84
61 66 141
61 66 140
61 66 57
61 66 198
61 66 166
62 67 18
62 67 157
62 67 60
62 67 33
62 67 83
62 67 27
62 67 158
62 67 70
62 67 62
62 67 59
62 67 16
62 67 167
62 67 147
62 67 6
62 67 52
62 67 50
62 67 180
62 67 129
62 67 15
62 67 188
62 67 90
62 67 54
62 67 92
62 67 48
62 67 172
62 67 30
62 67 111
62 67 51
62 67 162
62 67 118
62 67 113
62 67 42
62 67 118
62 67 32
62 67 107
62 67 27
62 67 60
62 67 55
62 67 35
62 67 40
62 67 85
62 67 39
62 67 165
62 67 30
62 67 96
62 67 148
62 67 91
62 67 199
62 67 155
62 67 163
62 67 158
62 67 143
62 67 198
62 67 130
62 67 73
62 67 26
62 67 101
62 67 6
62 67 194
62 67 109
62 67 79
62 67 198
62 67 193
62 67 59
62 67 2
62 67 40
62 67 39
62 67 6
62 67 190
62 67 68
62 67 198
62 67 49
62 67 46
62 67 39
62 67 75
62 67 45
62 67 82
62 67 56
62 67 12
62 67 24
62 67 123
62 67 31
62 67 142
62 67 102
62 67 137
62 67 163
62 67 69
62 67 112
62 67 155
62 67 20
62 67 117
62 67 195
62 67 87
62 67 154
62 67 125
62 67 191
62 67 16
62 67 199
62 67 82
62 67 51
63 68 124
63 68 105
63 68 145
63 68 124
63 68 129
63 68 81
63 68 111
63 68 29
63 68 3
63 68 149
63 68 188
63 68 168
63 68 163
63 68 48
63 68 7
63 68 6
63 68 30
63 68 43
63 68 147
63 68 94
63 68 40
63 68 161
63 68 95
63 68 133
63 68 87
63 68 150
63 68 126
63 68 49
63 68 172
63 68 100
63 68 86
63 68 39
63 68 151
63 68 40
63 68 185
63 68 193
63 68 52
63 68 116
63 68 15
63 68 165
63 68 40
63 68 122
63 68 94
63 68 158
63 68 123
63 68 89
63 68 23
63 68 63
63 68 189
63 68 90
63 68 154
63 68 108
63 68 95
63 68 66
63 68 94
63 68 86
63 68 168
63 68 183
63 68 159
63 68 31
63 68 8
63 68 184
63 68 166
63 68 81
63 68 93
63 68 73
63 68 107
63 68 29
63 68 11
63 68 28
63 68 56
63 68 60
63 68 106
63 68 187
63 68 174
63 68 32
63 68 20
63 68 140
63 68 187
63 68 55
63 68 64
63 68 129
63 68 36
63 68 117
63 68 123
63 68 75
63 68 73
63 68 77
63 68 78
63 68 136
63 68 74
63 68 175
63 68 87
63 68 142
64 69 190
64 69 102
64 69 158
64 69 66
64 69 89
64 69 61
64 69 50
64 69 103
64 69 65
64 69 61
64 69 111
64 69 154
64 69 23
64 69 87
64 69 36
64 69 13
64 69 103
64 69 139
64 69 145
64 69 16
64 69 13
64 69 144
64 69 189
64 69 156
64 69 159
64 69 62
64 69 92
64 69 146
64 69 196
64 69 148
64 69 156
64 69 84
64 69 111
64 69 36
64 69 8
64 69 100
64 69 141
64 69 146
64 69 97
64 69 132
64 69 20
64 69 44
64 69 85
64 69 148
64 69 48
64 69 65
64 69 176
64 69 42
64 69 125
64 69 196
64 69 45
64 69 153
64 69 28
64 69 113
64 69 107
64 69 101
64 69 17
64 69 101
64 69 163
64 69 104
64 69 30
64 69 35
64 69 148
64 69 22
64 69 29
64 69 129
64 69 127
64 69 113
64 69 175
64 69 136
64 69 55
64 69 47
64 69 37
64 69 31
64 69 149
64 69 48
64 69 105
64 69 24
64 69 149
64 69 162
64 69 173
64 69 182
64 69 10
64 69 127
64 69 82
64 69 11
64 69 98
64 69 145
64 69 115
64 69 5
64 69 54
64 69 31
64 69 60
64 69 147
64 69 80
64 69 55
64 69 142
64 69 2
64 69 181
64 69 76
64 69 4
64 69 135
64 69 65
64 69 162
64 69 183
64 69 53
65 70 57
65 70 83
65 70 117
65 70 185
65 70 146
65 70 161
65 70 47
65 70 115
65 70 87
65 70 26
65 70 86
65 70 4
65 70 189
65 70 15
65 70 96
65 70 4
65 70 43
65 70 150
65 70 166
65 70 60
65 70 70
65 70 57
65 70 19
65 70 136
65 70 143
65 70 37
65 70 174
65 70 115
65 70 159
65 70 47
65 70 120
65 70 198
65 70 173
65 70 44
65 70 71
65 70 137
65 70 85
65 70 13
65 70 191
65 70 55
65 70 139
65 70 115
65 70 82
65 70 32
65 70 112
65 70 19
65 70 136
65 70 13
65 70 198
65 70 59
65 70 162
65 70 75
65 70 23
65 70 128
65 70 126
65 70 102
65 70 180
65 70 28
65 70 91
65 70 31
65 70 32
65 70 68
65 70 94
65 70 141
65 70 87
65 70 133
65 70 55
65 70 68
65 70 53
65 70 107
65 70 100
65 70 72
65 70 74
65 70 62
65 70 67
65 70 143
65 70 165
65 70 198
65 70 147
65 70 99
65 70 108
65 70 180
65 70 172
65 70 82
65 70 63
65 70 47
65 70 121
65 70 75
65 70 190
65 70 172
65 70 76
65 70 43
65 70 91
65 70 36
65 70 64
65 70 124
65 70 6
66 71 111
66 71 110
66 71 33
66 71 2
66 71 34
66 71 136
66 71 22
66 71 177
66 71 138
66 71 76
66 71 183
66 71 130
66 71 152
66 71 144
66 71 123
66 71 82
66 71 98
66 71 159
66 71 24
66 71 103
66 71 2
66 71 114
66 71 32
66 71 196
66 71 8
66 71 3
66 71 56
66 71 136
66 71 174
66 71 55
66 71 185
66 71 178
66 71 148
66 71 105
66 71 103
66 71 99
66 71 97
66 71 9
66 71 15
66 71 57
66 71 122
66 71 149
66 71 164
66 71 56
66 71 77
66 71 59
66 71 45
66 71 137
66 71 116
66 71 192
66 71 75
66 71 152
66 71 161
66 71 153
66 71 4
66 71 176
66 71 28
66 71 44
66 71 18
66 71 180
66 71 58
66 71 154
66 71 142
66 71 59
66 71 101
66 71 79
66 71 56
66 71 180
66 71 91
66 71 109
66 71 58
66 71 192
66 71 55
66 71 107
66 71 166
66 71 3
66 71 153
66 71 194
66 71 71
66 71 170
66 71 7
66 71 163
66 71 115
66 71 160
66 71 71
66 71 134
66 71 108
66 71 150
66 71 21
66 71 132
66 71 69
66 71 142
67 72 178
67 72 63
67 72 107
67 72 175
67 72 67
67 72 123
67 72 60
67 72 145
67 72 110
67 72 43
67 72 150
67 72 114
67 72 20
67 72 17
67 72 150
67 72 140
67 72 182
67 72 103
67 72 77
67 72 92
67 72 57
67 72 69
67 72 139
67 72 29
67 72 154
67 72 143
67 72 30
67 72 102
67 72 131
67 72 165
67 72 6
67 72 126
67 72 102
67 72 62
67 72 59
67 72 119
67 72 148
67 72 101
67 72 64
67 72 80
67 72 68
67 72 66
67 72 7
67 72 112
67 72 170
67 72 85
67 72 185
67 72 95
67 72 122
67 72 164
67 72 4
67 72 113
67 72 164
67 72 58
67 72 43
67 72 94
67 72 26
67 72 191
67 72 152
67 72 180
67 72 178
67 72 115
67 72 62
67 72 142
67 72 88
67 72 76
67 72 146
67 72 124
67 72 117
67 72 183
67 72 46
67 72 93
67 72 30
67 72 160
67 72 157
67 72 139
67 72 159
67 72 66
67 72 14
67 72 189
67 72 196
67 72 52
67 72 49
67 72 108
67 72 193
67 72 37
67 72 32
67 72 32
67 72 118
67 72 48
67 72 129
67 72 67
67 72 164
67 72 168
67 72 142
67 72 89
67 72 104
67 72 10
67 72 92
67 72 56
67 72 94
68 73 190
68 73 6
68 73 61
68 73 74
68 73 191
68 73 158
68 73 80
68 73 105
68 73 22
68 73 60
68 73 159
68 73 74
68 73 65
68 73 173
68 73 12
68 73 52
68 73 53
68 73 195
68 73 180
68 73 3
68 73 179
68 73 84
68 73 191
68 73 63
68 73 67
68 73 133
68 73 148
68 73 1
68 73 107
68 73 97
68 73 57
68 73 90
68 73 198
68 73 174
68 73 123
68 73 127
68 73 154
68 73 64
68 73 152
68 73 181
68 73 116
68 73 178
68 73 66
68 73 100
68 73 169
68 73 175
68 73 14
68 73 45
68 73 168
68 73 64
68 73 12
68 73 20
68 73 134
68 73 155
68 73 116
68 73 61
68 73 38
68 73 131
68 73 26
68 73 67
68 73 13
68 73 167
68 73 103
68 73 53
68 73 56
68 73 127
68 73 129
68 73 77
68 73 17
68 73 13
68 73 70
68 73 77
68 73 137
68 73 183
68 73 166
68 73 121
68 73 124
68 73 22
68 73 150
68 73 188
68 73 192
68 73 105
68 73 80
68 73 158
68 73 120
68 73 9
68 73 65
68 73 70
68 73 46
68 73 155
68 73 134
68 73 165
68 73 156
68 73 33
68 73 102
68 73 126
68 73 129
68 73 12
68 73 155
68 73 73
68 73 27
68 73 8
68 73 9
68 73 194
68 73 99
69 74 100
69 74 85
69 74 11
69 74 64
69 74 174
69 74 21
69 74 157
69 74 6
69 74 68
69 74 141
69 74 118
69 74 39
69 74 14
69 74 144
69 74 95
69 74 12
69 74 64
69 74 150
69 74 108
69 74 188
69 74 192
69 74 168
69 74 78
69 74 7
69 74 12
69 74 94
69 74 146
69 74 83
69 74 179
69 74 45
69 74 155
69 74 135
69 74 169
69 74 80
69 74 90
69 74 83
69 74 176
69 74 10
69 74 127
69 74 182
69 74 172
69 74 9
69 74 38
69 74 76
69 74 129
69 74 154
69 74 118
69 74 193
69 74 87
69 74 198
69 74 136
69 74 199
69 74 108
69 74 72
69 74 150
69 74 29
69 74 129
69 74 49
69 74 111
69 74 83
69 74 58
69 74 124
69 74 140
69 74 35
69 74 19
69 74 48
69 74 163
69 74 168
69 74 154
69 74 150
69 74 28
69 74 146
69 74 1
69 74 83
69 74 171
69 74 15
69 74 146
69 74 21
69 74 8
69 74 16
69 74 195
69 74 5
70 75 18
70 75 111
70 75 119
70 75 174
70 75 132
70 75 22
70 75 82
70 75 21
70 75 149
70 75 197
70 75 106
70 75 29
70 75 26
70 75 191
70 75 15
70 75 11
70 75 112
70 75 7
70 75 109
70 75 191
70 75 146
70 75 131
70 75 83
70 75 186
70 75 114
70 75 123
70 75 155
70 75 164
70 75 41
70 75 33
70 75 177
70 75 153
70 75 118
70 75 142
70 75 115
70 75 14
70 75 151
70 75 7
70 75 141
70 75 69
70 75 114
70 75 30
70 75 120
70 75 77
70 75 75
70 75 118
70 75 129
70 75 145
70 75 125
70 75 9
70 75 99
70 75 116
70 75 80
70 75 53
70 75 40
70 75 30
70 75 66
70 75 101
70 75 37
70 75 93
70 75 46
70 75 130
70 75 185
70 75 174
70 75 138
70 75 48
70 75 41
70 75 164
70 75 77
70 75 79
70 75 64
70 75 128
70 75 28
70 75 167
70 75 180
70 75 88
70 75 98
70 75 168
70 75 119
70 75 130
70 75 198
70 75 171
70 75 88
70 75 122
70 75 94
70 75 101
70 75 84
70 75 23
70 75 86
70 75 132
70 75 128
70 75 188
70 75 158
70 75 107
70 75 111
70 75 121
70 75 187
70 75 191
70 75 76
70 75 64
70 75 133
71 76 1
71 76 55
71 76 107
71 76 8
71 76 136
71 76 8
71 76 63
71 76 29
71 76 178
71 76 181
71 76 184
71 76 112
71 76 172
71 76 62
71 76 141
71 76 49
71 76 53
71 76 108
71 76 45
71 76 154
71 76 31
71 76 152
71 76 46
71 76 191
71 76 49
71 76 119
71 76 102
71 76 80
71 76 133
71 76 133
71 76 32
71 76 110
71 76 133
71 76 187
71 76 164
71 76 44
71 76 72
71 76 141
71 76 58
71 76 171
71 76 181
71 76 191
71 76 137
71 76 170
71 76 175
71 76 121
71 76 104
71 76 147
71 76 8
71 76 23
71 76 134
71 76 77
71 76 70
71 76 25
71 76 51
71 76 4
71 76 63
71 76 134
71 76 102
71 76 54
71 76 32
71 76 24
71 76 74
71 76 137
71 76 66
71 76 194
71 76 143
71 76 123
71 76 182
71 76 188
71 76 129
71 76 2
71 76 51
71 76 172
71 76 75
71 76 84
71 76 63
71 76 22
71 76 31
71 76 43
71 76 164
71 76 105
71 76 155
71 76 178
71 76 11
71 76 74
71 76 148
71 76 132
71 76 168
71 76 95
71 76 4
71 76 181
71 76 135
71 76 145
71 76 23
71 76 191
71 76 4
71 76 26
71 76 137
71 76 52
71 76 188
71 76 52
71 76 142
71 76 151
71 76 161
72 77 175
72 77 133
72 77 81
72 77 13
72 77 105
72 77 89
72 77 123
72 77 33
72 77 8
72 77 90
72 77 174
72 77 2
72 77 6
72 77 116
72 77 164
72 77 80
72 77 185
72 77 55
72 77 47
72 77 138
72 77 103
72 77 125
72 77 148
72 77 70
72 77 173
72 77 197
72 77 200
72 77 169
72 77 119
72 77 141
72 77 40
72 77 31
72 77 127
72 77 157
72 77 33
72 77 102
72 77 77
72 77 46
72 77 137
72 77 101
72 77 126
72 77 45
72 77 141
72 77 160
72 77 104
72 77 61
72 77 13
72 77 68
72 77 131
72 77 67
72 77 180
72 77 4
72 77 9
72 77 77
72 77 112
72 77 84
72 77 48
72 77 194
72 77 38
72 77 20
72 77 94
72 77 37
72 77 32
72 77 152
72 77 128
72 77 173
72 77 3
72 77 130
72 77 71
72 77 96
72 77 126
72 77 28
72 77 137
72 77 143
72 77 2
72 77 122
72 77 154
72 77 165
72 77 171
72 77 71
72 77 94
72 77 187
72 77 117
72 77 108
73 78 188
73 78 64
73 78 132
73 78 48
73 78 72
73 78 22
73 78 166
73 78 151
73 78 105
73 78 60
73 78 103
73 78 41
73 78 143
73 78 169
73 78 105
73 78 152
73 78 194
73 78 113
73 78 113
73 78 176
73 78 132
73 78 44
73 78 158
73 78 142
73 78 19
73 78 197
73 78 163
73 78 136
73 78 184
73 78 2
73 78 79
73 78 87
73 78 56
73 78 46
73 78 40
73 78 169
73 78 54
73 78 71
73 78 105
73 78 35
73 78 156
73 78 168
73 78 140
73 78 110
73 78 83
73 78 79
73 78 130
73 78 180
73 78 52
73 78 146
73 78 151
73 78 107
73 78 114
73 78 14
73 78 44
73 78 99
73 78 171
73 78 58
73 78 140
73 78 28
73 78 118
73 78 94
73 78 124
73 78 199
73 78 23
73 78 140
73 78 29
73 78 7
73 78 47
73 78 1
73 78 100
73 78 19
73 78 37
73 78 154
73 78 86
73 78 92
73 78 26
73 78 2
73 78 123
73 78 58
73 78 4
73 78 41
73 78 192
73 78 7
73 78 187
73 78 31
73 78 96
73 78 38
73 78 79
73 78 48
73 78 139
73 78 176
73 78 142
73 78 121
73 78 187
73 78 148
73 78 117
73 78 79
73 78 181
73 78 119
73 78 135
73 78 167
73 78 36
73 78 131
73 78 113
73 78 144
74 79 66
74 79 153
74 79 57
74 79 23
74 79 147
74 79 107
74 79 129
74 79 84
74 79 178
74 79 173
74 79 27
74 79 106
74 79 13
74 79 62
74 79 136
74 79 68
74 79 186
74 79 179
74 79 85
74 79 31
74 79 47
74 79 194
74 79 110
74 79 139
74 79 59
74 79 86
74 79 131
74 79 200
74 79 140
74 79 8
74 79 84
74 79 128
74 79 135
74 79 40
74 79 147
74 79 73
74 79 185
74 79 147
74 79 82
74 79 88
74 79 161
74 79 199
74 79 102
74 79 154
74 79 156
74 79 160
74 79 20
74 79 112
74 79 96
74 79 162
74 79 103
74 79 196
74 79 118
74 79 28
74 79 139
74 79 180
74 79 5
74 79 72
74 79 159
74 79 18
74 79 187
74 79 81
74 79 118
74 79 158
74 79 93
74 79 68
74 79 35
74 79 26
74 79 46
74 79 17
74 79 183
74 79 90
74 79 59
74 79 115
74 79 143
74 79 198
74 79 190
74 79 166
74 79 6
74 79 171
74 79 172
74 79 177
74 79 20
74 79 101
74 79 49
74 79 49
74 79 54
74 79 88
74 79 14
74 79 43
74 79 93
74 79 150
75 80 103
75 80 102
75 80 27
75 80 127
75 80 46
75 80 127
75 80 144
75 80 131
75 80 88
75 80 172
75 80 163
75 80 26
75 80 170
75 80 24
75 80 161
75 80 78
75 80 109
75 80 83
75 80 117
75 80 132
75 80 142
75 80 29
75 80 81
75 80 5
75 80 79
75 80 179
75 80 22
75 80 108
75 80 192
75 80 164
75 80 41
75 80 127
75 80 37
75 80 11
75 80 125
75 80 38
75 80 194
75 80 176
75 80 139
75 80 14
75 80 55
75 80 71
75 80 77
75 80 94
75 80 66
75 80 51
75 80 102
75 80 186
75 80 160
75 80 134
75 80 58
75 80 148
75 80 42
75 80 133
75 80 168
75 80 39
75 80 94
75 80 109
75 80 184
75 80 42
75 80 73
75 80 102
75 80 144
75 80 118
75 80 97
75 80 8
75 80 20
75 80 178
75 80 131
75 80 180
75 80 55
75 80 157
75 80 41
75 80 97
75 80 93
75 80 157
75 80 53
75 80 178
75 80 142
75 80 167
75 80 79
75 80 21
75 80 75
75 80 139
75 80 54
75 80 182
75 80 80
75 80 30
75 80 148
75 80 26
75 80 181
75 80 131
75 80 187
75 80 153
75 80 182
76 81 121
76 81 43
76 81 164
76 81 56
76 81 29
76 81 77
76 81 194
76 81 3
76 81 108
76 81 168
76 81 154
76 81 111
76 81 102
76 81 171
76 81 62
76 81 33
76 81 66
76 81 153
76 81 166
76 81 130
76 81 77
76 81 92
76 81 122
76 81 14
76 81 72
76 81 181
76 81 179
76 81 3
76 81 194
76 81 150
76 81 95
76 81 132
76 81 16
76 81 14
76 81 184
76 81 130
76 81 69
76 81 180
76 81 96
76 81 19
76 81 128
76 81 26
76 81 195
76 81 187
76 81 149
76 81 76
76 81 138
76 81 6
76 81 45
76 81 32
76 81 110
76 81 184
76 81 85
76 81 23
76 81 143
76 81 6
76 81 47
76 81 199
76 81 98
76 81 191
76 81 100
76 81 47
76 81 180
76 81 199
76 81 155
76 81 30
76 81 14
76 81 79
76 81 44
76 81 47
76 81 133
76 81 51
76 81 105
76 81 178
76 81 87
76 81 135
76 81 75
76 81 146
76 81 129
76 81 132
76 81 60
76 81 139
76 81 199
76 81 192
76 81 192
76 81 107
76 81 34
76 81 132
76 81 1
76 81 117
76 81 69
76 81 37
76 81 12
76 81 19
76 81 180
76 81 109
76 81 192
76 81 180
77 82 107
77 82 72
77 82 155
77 82 96
77 82 55
77 82 74
77 82 68
77 82 138
77 82 106
77 82 32
77 82 154
77 82 19
77 82 3
77 82 4
77 82 38
77 82 6
77 82 188
77 82 196
77 82 131
77 82 117
77 82 98
77 82 161
77 82 176
77 82 168
77 82 179
77 82 123
77 82 63
77 82 3
77 82 114
77 82 182
77 82 148
77 82 30
77 82 90
77 82 51
77 82 48
77 82 39
77 82 61
77 82 67
77 82 96
77 82 67
77 82 92
77 82 154
77 82 65
77 82 120
77 82 99
77 82 109
77 82 27
77 82 59
77 82 79
77 82 10
77 82 76
77 82 94
77 82 149
77 82 35
77 82 24
77 82 179
77 82 168
77 82 117
77 82 65
77 82 62
77 82 53
77 82 106
77 82 32
77 82 148
77 82 163
77 82 174
77 82 92
77 82 195
77 82 137
77 82 10
77 82 92
77 82 101
77 82 178
77 82 87
77 82 190
77 82 170
77 82 185
77 82 70
77 82 173
77 82 171
77 82 165
77 82 31
77 82 77
77 82 120
77 82 165
77 82 83
77 82 131
77 82 113
77 82 111
77 82 27
77 82 67
77 82 158
77 82 161
77 82 48
77 82 139
77 82 92
77 82 39
77 82 146
77 82 22
77 82 47
77 82 72
77 82 3
77 82 200
77 82 154
77 82 33
77 82 183
77 82 104
77 82 20
77 82 40
77 82 166
77 82 123
78 83 101
78 83 50
78 83 98
78 83 145
78 83 13
78 83 108
78 83 134
78 83 23
78 83 57
78 83 137
78 83 74
78 83 89
78 83 157
78 83 195
78 83 64
78 83 177
78 83 28
78 83 69
78 83 18
78 83 120
78 83 115
78 83 119
78 83 2
78 83 154
78 83 46
78 83 164
78 83 74
78 83 144
78 83 113
78 83 71
78 83 162
78 83 196
78 83 112
78 83 74
78 83 184
78 83 180
78 83 53
78 83 84
78 83 197
78 83 53
78 83 6
78 83 200
78 83 80
78 83 137
78 83 178
78 83 178
78 83 87
78 83 149
78 83 121
78 83 91
78 83 70
78 83 21
78 83 47
78 83 152
78 83 30
78 83 56
78 83 199
78 83 53
78 83 181
78 83 66
78 83 107
78 83 117
78 83 37
78 83 135
78 83 75
78 83 147
78 83 159
78 83 119
78 83 163
78 83 177
78 83 178
78 83 79
78 83 112
78 83 43
78 83 172
78 83 35
78 83 9
78 83 7
78 83 198
78 83 121
78 83 167
78 83 153
78 83 147
78 83 106
78 83 76
78 83 141
78 83 119
78 83 104
78 83 98
78 83 49
78 83 72
78 83 32
78 83 73
78 83 41
79 84 23
79 84 156
79 84 125
79 84 133
79 84 148
79 84 3
79 84 195
79 84 50
79 84 159
79 84 97
79 84 136
79 84 179
79 84 79
79 84 140
79 84 161
79 84 152
79 84 154
79 84 167
79 84 33
79 84 124
79 84 103
79 84 34
79 84 79
79 84 179
79 84 67
79 84 80
79 84 162
79 84 26
79 84 20
79 84 183
79 84 30
79 84 14
79 84 110
79 84 157
79 84 177
79 84 173
79 84 41
79 84 163
79 84 184
79 84 142
79 84 19
79 84 62
79 84 115
79 84 132
79 84 160
79 84 138
79 84 110
79 84 168
79 84 193
79 84 80
79 84 144
79 84 121
79 84 167
79 84 13
79 84 167
79 84 125
79 84 43
79 84 60
79 84 88
79 84 59
79 84 2
79 84 169
79 84 29
79 84 105
79 84 143
79 84 106
79 84 163
79 84 99
79 84 147
79 84 55
79 84 99
79 84 200
79 84 125
79 84 193
79 84 82
79 84 169
79 84 5
79 84 116
79 84 79
79 84 39
79 84 102
79 84 95
79 84 197
79 84 116
79 84 21
79 84 40
79 84 196
79 84 169
79 84 70
79 84 160
79 84 40
79 84 17
79 84 48
79 84 17
79 84 169
79 84 23
79 84 17
79 84 4
79 84 72
79 84 6
79 84 160
80 85 60
80 85 92
80 85 1
80 85 33
80 85 75
80 85 108
80 85 58
80 85 35
80 85 147
80 85 140
80 85 119
80 85 96
80 85 46
80 85 50
80 85 61
80 85 131
80 85 84
80 85 154
80 85 179
80 85 96
80 85 22
80 85 104
80 85 92
80 85 97
80 85 63
80 85 31
80 85 16
80 85 91
80 85 42
80 85 100
80 85 91
80 85 154
80 85 95
80 85 88
80 85 72
80 85 119
80 85 87
80 85 119
80 85 38
80 85 94
80 85 100
80 85 78
80 85 80
80 85 175
80 85 18
80 85 186
80 85 73
80 85 171
80 85 150
80 85 52
80 85 65
80 85 129
80 85 55
80 85 117
80 85 47
80 85 109
80 85 86
80 85 71
80 85 194
80 85 190
80 85 117
80 85 125
80 85 149
80 85 166
80 85 131
80 85 199
80 85 88
80 85 20
80 85 4
80 85 115
80 85 65
80 85 124
80 85 9
80 85 147
80 85 150
80 85 13
80 85 102
80 85 66
80 85 107
80 85 145
80 85 15
80 85 91
80 85 191
80 85 106
80 85 143
80 85 154
80 85 151
80 85 135
80 85 110
80 85 188
80 85 159
80 85 182
80 85 170
80 85 52
80 85 47
80 85 107
80 85 138
80 85 144
80 85 105
80 85 99
80 85 152
80 85 118
80 85 185
80 85 92
80 85 67
81 86 165
81 86 76
81 86 200
81 86 162
81 86 57
81 86 188
81 86 47
81 86 16
81 86 141
81 86 26
81 86 44
81 86 93
81 86 122
81 86 107
81 86 55
81 86 169
81 86 197
81 86 34
81 86 1
81 86 149
81 86 85
81 86 87
81 86 83
81 86 189
81 86 129
81 86 178
81 86 197
81 86 74
81 86 100
81 86 95
81 86 158
81 86 75
81 86 191
81 86 157
81 86 143
81 86 110
81 86 182
81 86 39
81 86 56
81 86 118
81 86 24
81 86 93
81 86 6
81 86 87
81 86 32
81 86 48
81 86 111
81 86 87
81 86 12
81 86 167
81 86 83
81 86 186
81 86 144
81 86 38
81 86 56
81 86 10
81 86 55
81 86 131
81 86 176
81 86 46
81 86 88
81 86 29
81 86 47
81 86 150
81 86 107
81 86 172
81 86 154
81 86 119
81 86 49
81 86 100
81 86 125
81 86 33
81 86 3
81 86 31
81 86 54
81 86 194
81 86 126
81 86 17
81 86 30
81 86 122
81 86 182
81 86 135
81 86 78
81 86 147
81 86 31
81 86 101
81 86 51
81 86 158
81 86 135
81 86 91
81 86 135
81 86 166
81 86 9
81 86 183
81 86 152
81 86 164
82 87 159
82 87 76
82 87 180
82 87 160
82 87 185
82 87 41
82 87 71
82 87 66
82 87 34
82 87 104
82 87 169
82 87 186
82 87 53
82 87 63
82 87 9
82 87 182
82 87 140
82 87 90
82 87 1
82 87 23
82 87 114
82 87 27
82 87 158
82 87 140
82 87 22
82 87 174
82 87 30
82 87 23
82 87 102
82 87 89
82 87 68
82 87 74
82 87 183
82 87 62
82 87 39
82 87 159
82 87 188
82 87 114
82 87 61
82 87 164
82 87 140
82 87 1
82 87 20
82 87 2
82 87 46
82 87 48
82 87 102
82 87 70
82 87 172
82 87 46
82 87 143
82 87 141
82 87 191
82 87 79
82 87 13
82 87 88
82 87 156
82 87 121
82 87 189
82 87 2
82 87 156
82 87 185
82 87 76
82 87 24
82 87 160
82 87 52
82 87 137
82 87 150
82 87 80
82 87 150
82 87 29
82 87 30
82 87 127
82 87 169
82 87 164
82 87 150
82 87 199
82 87 89
82 87 177
82 87 57
82 87 55
82 87 5
82 87 15
82 87 13
82 87 158
82 87 145
82 87 42
82 87 49
82 87 176
82 87 83
82 87 15
82 87 56
82 87 30
82 87 41
83 88 55
83 88 161
83 88 80
83 88 76
83 88 190
83 88 77
83 88 52
83 88 159
83 88 199
83 88 119
83 88 22
83 88 64
83 88 86
83 88 84
83 88 34
83 88 200
83 88 119
83 88 197
83 88 199
83 88 74
83 88 178
83 88 116
83 88 139
83 88 101
83 88 118
83 88 143
83 88 44
83 88 173
83 88 52
83 88 164
83 88 71
83 88 33
83 88 74
83 88 166
83 88 199
83 88 73
83 88 76
83 88 26
83 88 14
83 88 149
83 88 130
83 88 79
83 88 159
83 88 29
83 88 133
83 88 24
83 88 82
83 88 131
83 88 144
83 88 187
83 88 116
83 88 191
83 88 27
83 88 19
83 88 67
83 88 155
83 88 65
83 88 120
83 88 155
83 88 194
83 88 136
83 88 152
83 88 78
83 88 163
83 88 83
83 88 48
83 88 4
83 88 11
83 88 40
83 88 119
83 88 13
83 88 183
83 88 98
83 88 17
83 88 43
83 88 63
83 88 6
83 88 175
83 88 47
83 88 31
83 88 82
83 88 137
83 88 1
83 88 158
83 88 11
83 88 109
83 88 81
83 88 3
83 88 55
83 88 99
83 88 197
83 88 113
83 88 157
83 88 65
83 88 184
83 88 179
83 88 96
83 88 69
83 88 10
83 88 33
84 89 200
84 89 67
84 89 17
84 89 83
84 89 74
84 89 175
84 89 198
84 89 50
84 89 193
84 89 11
84 89 187
84 89 195
84 89 63
84 89 64
84 89 53
84 89 70
84 89 13
84 89 16
84 89 163
84 89 10
84 89 126
84 89 37
84 89 50
84 89 137
84 89 69
84 89 163
84 89 44
84 89 75
84 89 123
84 89 141
84 89 153
84 89 19
84 89 142
84 89 56
84 89 158
84 89 85
84 89 191
84 89 140
84 89 141
84 89 171
84 89 57
84 89 50
84 89 4
84 89 16
84 89 75
84 89 56
84 89 198
84 89 70
84 89 74
84 89 77
84 89 192
84 89 101
84 89 182
84 89 193
84 89 149
84 89 144
84 89 49
84 89 167
84 89 127
84 89 156
84 89 139
84 89 146
84 89 180
84 89 56
84 89 65
84 89 144
84 89 154
84 89 103
84 89 66
84 89 47
84 89 166
84 89 19
84 89 141
84 89 109
84 89 183
84 89 46
84 89 78
84 89 117
84 89 88
84 89 71
84 89 62
84 89 181
85 90 166
85 90 166
85 90 86
85 90 106
85 90 80
85 90 171
85 90 66
85 90 14
85 90 63
85 90 33
85 90 66
85 90 8
85 90 29
85 90 104
85 90 106
85 90 81
85 90 38
85 90 64
85 90 178
85 90 8
85 90 80
85 90 52
85 90 23
85 90 8
85 90 84
85 90 192
85 90 45
85 90 124
85 90 75
85 90 176
85 90 69
85 90 128
85 90 42
85 90 190
85 90 91
85 90 152
85 90 3
85 90 14
85 90 175
85 90 72
85 90 119
85 90 1
85 90 68
85 90 73
85 90 81
85 90 100
85 90 19
85 90 118
85 90 124
85 90 78
85 90 89
85 90 69
85 90 185
85 90 159
85 90 194
85 90 151
85 90 9
85 90 193
85 90 9
85 90 196
85 90 112
85 90 57
85 90 170
85 90 156
85 90 196
85 90 85
85 90 35
85 90 158
85 90 113
85 90 35
85 90 110
85 90 101
85 90 117
85 90 100
85 90 103
85 90 106
85 90 30
85 90 7
85 90 141
85 90 175
85 90 94
85 90 137
85 90 6
85 90 84
85 90 165
85 90 103
85 90 48
85 90 63
85 90 14
85 90 134
85 90 118
85 90 32
85 90 86
85 90 153
85 90 176
85 90 63
85 90 163
85 90 115
85 90 131
85 90 53
85 90 115
85 90 82
85 90 192
85 90 17
85 90 185
85 90 169
85 90 74
85 90 89
86 91 98
86 91 13
86 91 192
86 91 161
86 91 95
86 91 94
86 91 161
86 91 72
86 91 179
86 91 68
86 91 75
86 91 86
86 91 125
86 91 161
86 91 151
86 91 186
86 91 175
86 91 137
86 91 169
86 91 17
86 91 21
86 91 90
86 91 121
86 91 27
86 91 185
86 91 160
86 91 25
86 91 25
86 91 22
86 91 86
86 91 132
86 91 158
86 91 198
86 91 38
86 91 179
86 91 37
86 91 186
86 91 66
86 91 40
86 91 117
86 91 160
86 91 83
86 91 5
86 91 72
86 91 144
86 91 77
86 91 18
86 91 53
86 91 66
86 91 23
86 91 10
86 91 83
86 91 42
86 91 190
86 91 12
86 91 147
86 91 37
86 91 57
86 91 107
86 91 106
86 91 143
86 91 174
86 91 20
86 91 94
86 91 153
86 91 93
86 91 72
86 91 182
86 91 55
86 91 15
86 91 125
86 91 148
86 91 132
86 91 96
86 91 123
86 91 107
86 91 160
86 91 131
86 91 29
86 91 26
86 91 96
86 91 127
86 91 175
86 91 130
86 91 69
86 91 45
86 91 163
86 91 2
86 91 166
86 91 32
86 91 99
86 91 17
86 91 61
86 91 78
86 91 132
86 91 156
86 91 153
86 91 93
86 91 55
86 91 36
86 91 167
86 91 67
86 91 117
86 91 130
86 91 140
86 91 135
86 91 114
86 91 50
86 91 168
86 91 110
86 91 199
87 92 124
87 92 1
87 92 33
87 92 179
87 92 125
87 92 81
87 92 112
87 92 120
87 92 87
87 92 59
87 92 117
87 92 54
87 92 112
87 92 123
87 92 96
87 92 88
87 92 175
87 92 194
87 92 164
87 92 93
87 92 86
87 92 97
87 92 105
87 92 16
87 92 132
87 92 157
87 92 157
87 92 65
87 92 66
87 92 21
87 92 147
87 92 122
87 92 82
87 92 29
87 92 90
87 92 156
87 92 74
87 92 161
87 92 89
87 92 29
87 92 58
87 92 64
87 92 194
87 92 42
87 92 188
87 92 185
87 92 10
87 92 55
87 92 62
87 92 137
87 92 186
87 92 77
87 92 142
87 92 6
87 92 140
87 92 110
87 92 52
87 92 19
87 92 6
87 92 37
87 92 63
87 92 116
87 92 177
87 92 143
87 92 180
87 92 103
87 92 39
87 92 32
87 92 15
87 92 85
87 92 115
87 92 53
87 92 165
87 92 85
87 92 51
87 92 53
87 92 28
87 92 12
87 92 137
87 92 46
87 92 140
87 92 115
87 92 11
87 92 43
87 92 49
87 92 179
87 92 70
87 92 153
87 92 94
87 92 27
87 92 32
87 92 68
87 92 32
87 92 175
87 92 92
87 92 143
87 92 72
87 92 53
87 92 126
87 92 197
87 92 118
87 92 108
87 92 149
87 92 157
87 92 93
87 92 58
88 93 37
88 93 184
88 93 81
88 93 105
88 93 167
88 93 195
88 93 19
88 93 42
88 93 116
88 93 66
88 93 58
88 93 13
88 93 151
88 93 131
88 93 156
88 93 86
88 93 74
88 93 173
88 93 23
88 93 25
88 93 105
88 93 61
88 93 173
88 93 151
88 93 64
88 93 194
88 93 27
88 93 152
88 93 165
88 93 70
88 93 57
88 93 16
88 93 13
88 93 27
88 93 98
88 93 197
88 93 98
88 93 83
88 93 112
88 93 84
88 93 45
88 93 46
88 93 178
88 93 141
88 93 151
88 93 155
88 93 172
88 93 140
88 93 112
88 93 120
88 93 37
88 93 145
88 93 155
88 93 168
88 93 169
88 93 37
88 93 52
88 93 9
88 93 198
88 93 43
88 93 50
88 93 11
88 93 189
88 93 125
88 93 131
88 93 7
88 93 15
88 93 199
88 93 76
88 93 96
88 93 135
88 93 23
88 93 185
88 93 27
88 93 105
88 93 17
88 93 35
88 93 160
88 93 168
88 93 69
88 93 66
88 93 1
88 93 78
88 93 21
88 93 26
88 93 22
88 93 168
88 93 55
88 93 36
88 93 40
88 93 108
88 93 73
88 93 1
88 93 134
88 93 95
88 93 193
89 94 69
89 94 115
89 94 198
89 94 79
89 94 34
89 94 50
89 94 97
89 94 46
89 94 111
89 94 57
89 94 110
89 94 103
89 94 36
89 94 55
89 94 43
89 94 119
89 94 143
89 94 156
89 94 161
89 94 89
89 94 20
89 94 66
89 94 124
89 94 151
89 94 115
89 94 61
89 94 114
89 94 124
89 94 148
89 94 102
89 94 191
89 94 92
89 94 11
89 94 82
89 94 175
89 94 28
89 94 69
89 94 196
89 94 196
89 94 188
89 94 110
89 94 64
89 94 90
89 94 142
89 94 63
89 94 14
89 94 172
89 94 191
89 94 179
89 94 141
89 94 72
89 94 24
89 94 191
89 94 189
89 94 17
89 94 103
89 94 44
89 94 129
89 94 118
89 94 46
89 94 127
89 94 184
89 94 27
89 94 77
89 94 133
89 94 190
89 94 45
89 94 183
89 94 187
89 94 84
89 94 195
89 94 61
89 94 125
89 94 31
89 94 172
89 94 65
89 94 95
89 94 97
89 94 46
89 94 200
89 94 179
89 94 42
89 94 68
89 94 173
89 94 136
89 94 96
89 94 46
89 94 96
89 94 86
89 94 8
89 94 179
89 94 35
89 94 174
89 94 163
89 94 11
89 94 175
89 94 57
89 94 110
89 94 155
89 94 183
89 94 50
89 94 98
89 94 59
89 94 136
89 94 162
89 94 90
89 94 143
89 94 85
89 94 197
89 94 93
90 95 41
90 95 186
90 95 182
90 95 197
90 95 80
90 95 158
90 95 54
90 95 53
90 95 14
90 95 143
90 95 104
90 95 129
90 95 148
90 95 77
90 95 76
90 95 115
90 95 168
90 95 38
90 95 125
90 95 190
90 95 182
90 95 46
90 95 144
90 95 53
90 95 74
90 95 130
90 95 98
90 95 76
90 95 145
90 95 28
90 95 33
90 95 24
90 95 197
90 95 102
90 95 180
90 95 65
90 95 115
90 95 161
90 95 43
90 95 34
90 95 107
90 95 67
90 95 51
90 95 174
90 95 127
90 95 47
90 95 80
90 95 193
90 95 112
90 95 113
90 95 103
90 95 99
90 95 180
90 95 25
90 95 186
90 95 63
90 95 71
90 95 56
90 95 192
90 95 160
90 95 62
90 95 81
90 95 58
90 95 68
90 95 160
90 95 4
90 95 156
90 95 80
90 95 31
90 95 142
90 95 166
90 95 72
90 95 172
90 95 119
90 95 178
90 95 124
90 95 197
90 95 186
90 95 120
90 95 89
90 95 104
90 95 126
90 95 42
90 95 29
90 95 118
90 95 71
90 95 113
90 95 101
90 95 55
90 95 105
90 95 28
90 95 8
90 95 145
90 95 76
90 95 107
90 95 29
90 95 93
90 95 128
90 95 102
90 95 60
90 95 161
90 95 85
90 95 78
90 95 127
91 96 44
91 96 9
91 96 170
91 96 117
91 96 11
91 96 39
91 96 115
91 96 26
91 96 174
91 96 109
91 96 72
91 96 95
91 96 53
91 96 99
91 96 77
91 96 187
91 96 83
91 96 132
91 96 42
91 96 110
91 96 20
91 96 23
91 96 37
91 96 190
91 96 12
91 96 120
91 96 62
91 96 84
91 96 86
91 96 200
91 96 99
91 96 22
91 96 155
91 96 107
91 96 18
91 96 154
91 96 36
91 96 126
91 96 17
91 96 35
91 96 141
91 96 86
91 96 153
91 96 157
91 96 179
91 96 47
91 96 184
91 96 140
91 96 170
91 96 14
91 96 73
91 96 38
91 96 135
91 96 7
91 96 28
91 96 181
91 96 139
91 96 115
91 96 192
91 96 113
91 96 182
91 96 134
91 96 135
91 96 150
91 96 20
91 96 193
91 96 3
91 96 39
91 96 124
91 96 138
91 96 18
91 96 54
91 96 76
91 96 3
91 96 160
91 96 179
91 96 144
91 96 3
91 96 194
91 96 23
91 96 40
91 96 19
91 96 38
91 96 132
91 96 78
91 96 137
91 96 6
91 96 77
91 96 159
91 96 86
91 96 144
91 96 134
91 96 75
91 96 124
91 96 72
91 96 72
91 96 68
91 96 110
91 96 169
91 96 23
91 96 56
91 96 82
91 96 65
92 97 102
92 97 69
92 97 78
92 97 153
92 97 53
92 97 133
92 97 191
92 97 87
92 97 21
92 97 101
92 97 55
92 97 26
92 97 19
92 97 2
92 97 196
92 97 165
92 97 22
92 97 25
92 97 20
92 97 71
92 97 14
92 97 31
92 97 24
92 97 15
92 97 38
92 97 76
92 97 16
92 97 40
92 97 110
92 97 193
92 97 57
92 97 57
92 97 101
92 97 79
92 97 143
92 97 155
92 97 34
92 97 38
92 97 188
92 97 189
92 97 48
92 97 24
92 97 131
92 97 22
92 97 67
92 97 71
92 97 174
92 97 144
92 97 159
92 97 135
92 97 183
92 97 98
92 97 26
92 97 175
92 97 69
92 97 138
92 97 46
92 97 138
92 97 156
92 97 11
92 97 60
92 97 138
92 97 111
92 97 113
92 97 57
92 97 196
92 97 98
92 97 125
92 97 67
92 97 79
92 97 154
92 97 193
92 97 138
92 97 65
92 97 9
92 97 183
92 97 4
92 97 142
92 97 24
92 97 118
92 97 184
92 97 159
92 97 173
92 97 189
92 97 190
92 97 146
92 97 55
92 97 79
92 97 32
92 97 132
92 97 10
92 97 53
92 97 57
92 97 128
92 97 43
92 97 56
92 97 109
92 97 68
92 97 25
93 98 140
93 98 136
93 98 14
93 98 108
93 98 39
93 98 6
93 98 22
93 98 75
93 98 94
93 98 149
93 98 170
93 98 125
93 98 181
93 98 144
93 98 127
93 98 25
93 98 85
93 98 132
93 98 56
93 98 122
93 98 36
93 98 41
93 98 94
93 98 160
93 98 91
93 98 116
93 98 91
93 98 156
93 98 52
93 98 67
93 98 92
93 98 194
93 98 18
93 98 133
93 98 174
93 98 121
93 98 121
93 98 147
93 98 134
93 98 179
93 98 135
93 98 112
93 98 23
93 98 193
93 98 149
93 98 103
93 98 14
93 98 162
93 98 40
93 98 164
93 98 139
93 98 132
93 98 177
93 98 131
93 98 123
93 98 177
93 98 22
93 98 163
93 98 182
93 98 37
93 98 60
93 98 144
93 98 125
93 98 134
93 98 84
93 98 168
93 98 58
93 98 127
93 98 186
93 98 56
93 98 193
93 98 77
93 98 120
93 98 120
93 98 138
93 98 197
93 98 31
93 98 5
93 98 160
93 98 147
93 98 190
93 98 46
93 98 60
93 98 42
93 98 144
93 98 65
93 98 173
93 98 93
93 98 160
93 98 10
93 98 76
93 98 197
93 98 61
93 98 61
94 99 11
94 99 186
94 99 85
94 99 125
94 99 68
94 99 146
94 99 45
94 99 41
94 99 65
94 99 3
94 99 55
94 99 109
94 99 78
94 99 22
94 99 94
94 99 21
94 99 82
94 99 102
94 99 87
94 99 56
94 99 92
94 99 150
94 99 189
94 99 185
94 99 69
94 99 80
94 99 59
94 99 32
94 99 194
94 99 49
94 99 195
94 99 137
94 99 23
94 99 102
94 99 93
94 99 75
94 99 97
94 99 14
94 99 44
94 99 150
94 99 110
94 99 193
94 99 95
94 99 165
94 99 68
94 99 53
94 99 56
94 99 194
94 99 184
94 99 189
94 99 49
94 99 176
94 99 15
94 99 24
94 99 192
94 99 57
94 99 32
94 99 75
94 99 32
94 99 68
94 99 147
94 99 125
94 99 174
94 99 92
94 99 3
94 99 29
94 99 50
94 99 89
94 99 176
94 99 45
94 99 185
94 99 80
94 99 160
94 99 88
94 99 93
94 99 199
94 99 91
94 99 8
94 99 43
94 99 139
94 99 44
94 99 45
94 99 51
94 99 168
94 99 65
94 99 127
94 99 5
94 99 153
94 99 163
94 99 105
94 99 99
94 99 104
94 99 26
94 99 88
94 99 187
94 99 101
94 99 116
94 99 85
94 99 72
94 99 92
94 99 46
95 100 84
95 100 108
95 100 192
95 100 12
95 100 73
95 100 19
95 100 167
95 100 19
95 100 26
95 100 22
95 100 67
95 100 145
95 100 136
95 100 94
95 100 71
95 100 117
95 100 35
95 100 44
95 100 149
95 100 124
95 100 191
95 100 25
95 100 34
95 100 92
95 100 159
95 100 103
95 100 104
95 100 11
95 100 12
95 100 62
95 100 155
95 100 74
95 100 35
95 100 72
95 100 139
95 100 98
95 100 175
95 100 110
95 100 143
95 100 179
95 100 93
95 100 12
95 100 143
95 100 20
95 100 100
95 100 36
95 100 2
95 100 79
95 100 140
95 100 183
95 100 132
95 100 65
95 100 160
95 100 128
95 100 168
95 100 141
95 100 67
95 100 5
95 100 81
95 100 182
95 100 182
95 100 68
95 100 177
95 100 1
95 100 87
95 100 107
95 100 166
95 100 168
95 100 191
95 100 100
95 100 16
95 100 155
95 100 161
95 100 70
95 100 196
95 100 113
95 100 94
95 100 116
95 100 44
95 100 131
95 100 43
95 100 126
95 100 155
95 100 6
95 100 114
95 100 18
95 100 142
95 100 16
95 100 123
95 100 51
95 100 179
95 100 55
95 100 144
95 100 74
95 100 3
95 100 189
95 100 21
95 100 35
95 100 44
95 100 200
95 100 192
95 100 43
95 100 63
95 100 1
95 100 42
95 100 139
95 100 197
95 100 51
95 100 42
95 100 112
95 100 63
95 100 129
96 101 112
96 101 115
96 101 42
96 101 143
96 101 124
96 101 180
96 101 97
96 101 99
96 101 125
96 101 92
96 101 148
96 101 67
96 101 57
96 101 50
96 101 130
96 101 130
96 101 138
96 101 21
96 101 167
96 101 136
96 101 7
96 101 197
96 101 172
96 101 136
96 101 16
96 101 11
96 101 151
96 101 186
96 101 117
96 101 181
96 101 34
96 101 163
96 101 140
96 101 161
96 101 13
96 101 37
96 101 100
96 101 80
96 101 40
96 101 193
96 101 57
96 101 123
96 101 14
96 101 4
96 101 5
96 101 198
96 101 6
96 101 99
96 101 138
96 101 58
96 101 40
96 101 11
96 101 127
96 101 8
96 101 82
96 101 6
96 101 131
96 101 108
96 101 149
96 101 42
96 101 106
96 101 9
96 101 178
96 101 8
96 101 84
96 101 34
96 101 153
96 101 148
96 101 4
96 101 174
96 101 178
96 101 30
96 101 19
96 101 45
96 101 173
96 101 148
96 101 1
96 101 31
96 101 167
96 101 89
96 101 54
96 101 108
96 101 188
96 101 39
96 101 146
96 101 142
96 101 17
96 101 123
96 101 156
96 101 69
96 101 5
96 101 147
96 101 106
96 101 21
96 101 197
96 101 12
96 101 75
96 101 154
96 101 100
96 101 5
96 101 107
96 101 198
96 101 122
96 101 161
96 101 95
96 101 198
96 101 178
96 101 181
96 101 11
96 101 97
96 101 164
96 101 62
96 101 18
96 101 135
96 101 35
96 101 15
96 101 66
96 101 102
96 101 183
96 101 175
96 101 98
96 101 151
96 101 43
96 101 123
96 101 184
96 101 174
97 102 137
97 102 49
97 102 85
97 102 48
97 102 186
97 102 171
97 102 166
97 102 192
97 102 81
97 102 2
97 102 144
97 102 140
97 102 106
97 102 63
97 102 56
97 102 98
97 102 90
97 102 52
97 102 188
97 102 17
97 102 199
97 102 154
97 102 154
97 102 154
97 102 135
97 102 128
97 102 179
97 102 24
97 102 131
97 102 51
97 102 89
97 102 121
97 102 81
97 102 150
97 102 71
97 102 77
97 102 91
97 102 151
97 102 166
97 102 196
97 102 13
97 102 111
97 102 134
97 102 119
97 102 180
97 102 29
97 102 186
97 102 133
97 102 60
97 102 83
97 102 67
97 102 146
97 102 167
97 102 181
97 102 141
97 102 163
97 102 112
97 102 117
97 102 129
97 102 94
97 102 164
97 102 178
97 102 17
97 102 171
97 102 10
97 102 155
97 102 172
97 102 125
97 102 114
97 102 182
97 102 87
97 102 116
97 102 118
97 102 46
97 102 47
97 102 70
97 102 97
97 102 51
97 102 130
97 102 42
97 102 16
97 102 135
97 102 177
97 102 119
97 102 108
97 102 37
97 102 129
97 102 55
97 102 186
97 102 18
97 102 65
97 102 2
97 102 185
98 103 93
98 103 64
98 103 132
98 103 132
98 103 83
98 103 50
98 103 69
98 103 156
98 103 84
98 103 107
98 103 180
98 103 146
98 103 167
98 103 52
98 103 128
98 103 20
98 103 177
98 103 100
98 103 199
98 103 33
98 103 181
98 103 107
98 103 61
98 103 1
98 103 107
98 103 71
98 103 74
98 103 70
98 103 64
98 103 170
98 103 182
98 103 110
98 103 19
98 103 71
98 103 161
98 103 65
98 103 125
98 103 1
98 103 113
98 103 90
98 103 108
98 103 91
98 103 65
98 103 132
98 103 111
98 103 133
98 103 162
98 103 19
98 103 191
98 103 71
98 103 53
98 103 149
98 103 144
98 103 46
98 103 55
98 103 49
98 103 179
98 103 196
98 103 10
98 103 144
98 103 150
98 103 64
98 103 118
98 103 29
98 103 69
98 103 49
98 103 95
98 103 32
98 103 54
98 103 97
98 103 51
98 103 191
98 103 133
98 103 200
98 103 52
98 103 159
98 103 194
98 103 105
98 103 2
98 103 145
98 103 114
98 103 97
98 103 47
98 103 168
98 103 183
98 103 158
98 103 24
98 103 183
98 103 30
98 103 19
98 103 23
98 103 18
98 103 184
98 103 64
98 103 138
98 103 198
98 103 89
99 104 63
99 104 100
99 104 170
99 104 14
99 104 171
99 104 10
99 104 113
99 104 101
99 104 107
99 104 50
99 104 19
99 104 88
99 104 139
99 104 152
99 104 114
99 104 106
99 104 30
99 104 138
99 104 169
99 104 134
99 104 71
99 104 150
99 104 96
99 104 21
99 104 7
99 104 160
99 104 30
99 104 156
99 104 124
99 104 159
99 104 102
99 104 42
99 104 177
99 104 199
99 104 141
99 104 45
99 104 46
99 104 44
99 104 198
99 104 82
99 104 56
99 104 97
99 104 43
99 104 118
99 104 195
99 104 88
99 104 15
99 104 132
99 104 47
99 104 64
99 104 133
99 104 117
99 104 130
99 104 91
99 104 131
99 104 46
99 104 102
99 104 52
99 104 28
99 104 58
99 104 36
99 104 20
99 104 131
99 104 57
99 104 72
99 104 99
99 104 167
99 104 37
99 104 56
99 104 193
99 104 152
99 104 190
99 104 2
99 104 12
99 104 167
99 104 125
99 104 195
99 104 182
99 104 155
99 104 33
99 104 103
100 105 55
100 105 95
100 105 2
100 105 36
100 105 129
100 105 128
100 105 165
100 105 125
100 105 32
100 105 156
100 105 144
100 105 78
100 105 180
100 105 151
100 105 126
100 105 132
100 105 7
100 105 127
100 105 161
100 105 31
100 105 122
100 105 81
100 105 162
100 105 77
100 105 54
100 105 112
100 105 45
100 105 166
100 105 89
100 105 132
100 105 135
100 105 43
100 105 54
100 105 65
100 105 123
100 105 106
100 105 77
100 105 167
100 105 13
100 105 120
100 105 199
100 105 113
100 105 86
100 105 183
100 105 131
100 105 142
100 105 200
100 105 151
100 105 134
100 105 167
100 105 91
100 105 125
100 105 48
100 105 123
100 105 77
100 105 50
100 105 78
100 105 82
100 105 98
100 105 90
100 105 173
100 105 28
100 105 127
100 105 191
100 105 61
100 105 127
100 105 40
100 105 135
100 105 134
100 105 58
100 105 85
100 105 61
100 105 49
100 105 159
100 105 191
100 105 70
100 105 84
100 105 96
100 105 71
100 105 16
100 105 31
100 105 97
100 105 58
100 105 188
100 105 117
100 105 18
100 105 18
100 105 183
100 105 1
100 105 108
100 105 30
100 105 101
100 105 173
100 105 47
100 105 99
100 105 163
100 105 126
100 105 64
100 105 13
100 105 164
100 105 109
100 105 122
100 105 86
100 105 12
