10000 254080
1 6 6
1 6 133
1 6 198
1 6 52
1 6 36
1 6 20
1 6 45
1 6 174
1 6 48
1 6 30
1 6 107
1 6 156
1 6 199
1 6 6
1 6 114
1 6 196
1 6 136
1 6 99
1 6 64
1 6 9
1 6 64
1 6 104
1 6 62
1 6 8
1 6 99
1 6 4
1 6 14
1 6 146
1 6 6
1 6 96
1 6 95
1 6 175
1 6 146
1 6 38
1 6 48
1 6 73
1 6 195
1 6 119
1 6 152
1 6 171
1 6 169
1 6 126
1 6 110
1 6 50
1 6 73
1 6 176
1 6 8
1 6 120
1 6 146
1 6 84
1 6 47
1 6 91
1 6 16
1 6 113
1 6 37
1 6 168
1 6 125
1 6 147
1 6 86
1 6 29
1 6 182
1 6 59
1 6 100
1 6 76
1 6 118
1 6 110
1 6 61
1 6 49
1 6 7
1 6 152
1 6 195
1 6 117
1 6 57
1 6 63
1 6 74
1 6 186
1 6 73
1 6 115
1 6 53
1 6 30
1 6 88
1 6 80
1 6 190
1 6 174
1 6 121
1 6 191
1 6 10
1 6 12
1 6 11
1 6 37
1 6 170
2 7 61
2 7 85
2 7 173
2 7 142
2 7 130
2 7 142
2 7 139
2 7 2
2 7 195
2 7 146
2 7 112
2 7 46
2 7 165
2 7 108
2 7 167
2 7 53
2 7 129
2 7 66
2 7 199
2 7 197
2 7 171
2 7 107
2 7 47
2 7 138
2 7 170
2 7 135
2 7 33
2 7 164
2 7 184
2 7 47
2 7 62
2 7 121
2 7 164
2 7 99
2 7 25
2 7 101
2 7 11
2 7 62
2 7 30
2 7 89
2 7 82
2 7 134
2 7 132
2 7 145
2 7 35
2 7 37
2 7 63
2 7 48
2 7 90
2 7 116
2 7 180
2 7 34
2 7 111
2 7 153
2 7 11
2 7 119
2 7 118
2 7 90
2 7 90
2 7 171
2 7 35
2 7 42
2 7 168
2 7 69
2 7 108
2 7 134
2 7 27
2 7 121
2 7 165
2 7 33
2 7 15
2 7 137
2 7 110
2 7 177
2 7 42
2 7 69
2 7 73
2 7 119
2 7 110
2 7 113
2 7 185
2 7 46
2 7 70
2 7 36
2 7 46
2 7 93
2 7 168
2 7 34
2 7 113
2 7 95
2 7 109
2 7 184
2 7 127
2 7 78
2 7 138
2 7 32
2 7 152
2 7 62
2 7 29
2 7 165
2 7 160
2 7 38
2 7 77
2 7 55
2 7 145
2 7 51
2 7 172
3 8 126
3 8 82
3 8 169
3 8 14
3 8 114
3 8 23
3 8 63
3 8 18
3 8 66
3 8 52
3 8 43
3 8 82
3 8 86
3 8 106
3 8 17
3 8 102
3 8 186
3 8 200
3 8 9
3 8 188
3 8 114
3 8 52
3 8 132
3 8 160
3 8 53
3 8 140
3 8 45
3 8 28
3 8 193
3 8 99
3 8 171
3 8 147
3 8 101
3 8 166
3 8 100
3 8 69
3 8 51
3 8 108
3 8 156
3 8 126
3 8 147
3 8 125
3 8 87
3 8 62
3 8 159
3 8 53
3 8 95
3 8 169
3 8 52
3 8 87
3 8 165
3 8 14
3 8 98
3 8 19
3 8 172
3 8 135
3 8 123
3 8 4
3 8 147
3 8 134
3 8 140
3 8 11
3 8 135
3 8 73
3 8 61
3 8 16
3 8 7
3 8 65
3 8 70
3 8 112
3 8 125
3 8 15
3 8 132
3 8 160
3 8 139
3 8 152
3 8 141
3 8 55
3 8 94
3 8 104
3 8 194
3 8 6
3 8 114
3 8 191
4 9 115
4 9 101
4 9 198
4 9 184
4 9 53
4 9 145
4 9 98
4 9 164
4 9 16
4 9 85
4 9 100
4 9 76
4 9 152
4 9 186
4 9 185
4 9 102
4 9 200
4 9 145
4 9 33
4 9 1
4 9 33
4 9 104
4 9 5
4 9 68
4 9 147
4 9 168
4 9 96
4 9 84
4 9 58
4 9 138
4 9 199
4 9 47
4 9 41
4 9 108
4 9 184
4 9 95
4 9 188
4 9 118
4 9 4
4 9 121
4 9 61
4 9 69
4 9 139
4 9 29
4 9 169
4 9 194
4 9 164
4 9 194
4 9 65
4 9 58
4 9 151
4 9 151
4 9 119
4 9 72
4 9 110
4 9 137
4 9 197
4 9 114
4 9 130
4 9 38
4 9 71
4 9 62
4 9 113
4 9 96
4 9 165
4 9 179
4 9 5
4 9 66
4 9 33
4 9 1
4 9 160
4 9 131
4 9 110
4 9 134
4 9 102
4 9 39
4 9 48
4 9 137
4 9 30
4 9 12
4 9 64
4 9 168
4 9 3
4 9 74
4 9 142
4 9 171
4 9 108
4 9 64
4 9 83
4 9 134
4 9 162
4 9 134
4 9 152
4 9 1
5 10 5
5 10 139
5 10 93
5 10 12
5 10 10
5 10 145
5 10 53
5 10 171
5 10 25
5 10 99
5 10 69
5 10 154
5 10 35
5 10 63
5 10 145
5 10 17
5 10 111
5 10 52
5 10 91
5 10 47
5 10 67
5 10 161
5 10 23
5 10 33
5 10 14
5 10 197
5 10 113
5 10 151
5 10 13
5 10 101
5 10 150
5 10 11
5 10 172
5 10 59
5 10 63
5 10 159
5 10 152
5 10 14
5 10 182
5 10 71
5 10 36
5 10 140
5 10 139
5 10 84
5 10 131
5 10 143
5 10 23
5 10 7
5 10 167
5 10 125
5 10 187
5 10 116
5 10 128
5 10 80
5 10 46
5 10 84
5 10 87
5 10 79
5 10 13
5 10 140
5 10 7
5 10 109
5 10 34
5 10 187
5 10 145
5 10 62
5 10 184
5 10 90
5 10 175
5 10 47
5 10 102
5 10 115
5 10 125
5 10 11
5 10 60
5 10 52
5 10 107
5 10 13
5 10 86
5 10 197
5 10 191
5 10 144
5 10 130
5 10 117
5 10 128
5 10 194
5 10 195
5 10 125
5 10 9
5 10 6
5 10 170
5 10 173
5 10 163
5 10 190
5 10 114
5 10 158
5 10 5
5 10 9
5 10 31
5 10 97
5 10 116
5 10 27
5 10 94
5 10 167
5 10 194
5 10 54
5 10 86
5 10 42
6 11 11
6 11 197
6 11 39
6 11 92
6 11 33
6 11 191
6 11 64
6 11 163
6 11 36
6 11 142
6 11 67
6 11 153
6 11 69
6 11 38
6 11 9
6 11 120
6 11 171
6 11 112
6 11 97
6 11 136
6 11 144
6 11 166
6 11 42
6 11 83
6 11 54
6 11 18
6 11 122
6 11 148
6 11 75
6 11 138
6 11 91
6 11 62
6 11 132
6 11 57
6 11 45
6 11 187
6 11 198
6 11 82
6 11 161
6 11 177
6 11 154
6 11 149
6 11 48
6 11 118
6 11 25
6 11 3
6 11 184
6 11 120
6 11 178
6 11 12
6 11 159
6 11 44
6 11 199
6 11 131
6 11 60
6 11 174
6 11 24
6 11 43
6 11 180
6 11 153
6 11 95
6 11 27
6 11 9
6 11 81
6 11 46
6 11 200
6 11 23
6 11 55
6 11 154
6 11 171
6 11 132
6 11 175
6 11 49
6 11 130
6 11 128
6 11 127
6 11 197
6 11 129
6 11 134
6 11 23
6 11 149
6 11 89
6 11 161
6 11 57
6 11 122
6 11 5
6 11 127
6 11 101
6 11 162
6 11 120
6 11 68
6 11 16
6 11 52
6 11 93
6 11 125
6 11 76
6 11 95
6 11 124
6 11 147
6 11 185
6 11 184
6 11 165
6 11 13
6 11 19
6 11 108
6 11 178
6 11 16
6 11 141
6 11 139
6 11 24
6 11 158
6 11 200
6 11 132
6 11 84
7 12 153
7 12 108
7 12 101
7 12 118
7 12 135
7 12 147
7 12 128
7 12 65
7 12 180
7 12 186
7 12 164
7 12 78
7 12 167
7 12 102
7 12 128
7 12 164
7 12 105
7 12 66
7 12 98
7 12 138
7 12 68
7 12 67
7 12 45
7 12 58
7 12 116
7 12 174
7 12 122
7 12 135
7 12 68
7 12 134
7 12 18
7 12 77
7 12 199
7 12 93
7 12 197
7 12 10
7 12 113
7 12 49
7 12 39
7 12 152
7 12 164
7 12 104
7 12 91
7 12 96
7 12 174
7 12 155
7 12 147
7 12 158
7 12 137
7 12 54
7 12 144
7 12 110
7 12 200
7 12 162
7 12 30
7 12 117
7 12 64
7 12 191
7 12 109
7 12 42
7 12 188
7 12 52
7 12 105
7 12 179
7 12 41
7 12 68
7 12 118
7 12 86
7 12 53
7 12 56
7 12 161
7 12 171
7 12 119
7 12 149
7 12 29
7 12 133
7 12 3
7 12 61
7 12 189
7 12 133
7 12 10
7 12 184
7 12 180
7 12 49
7 12 29
7 12 68
7 12 169
7 12 136
7 12 41
7 12 18
7 12 200
7 12 150
7 12 142
7 12 72
7 12 32
7 12 60
7 12 120
7 12 154
7 12 158
7 12 13
7 12 152
7 12 196
7 12 150
8 13 90
8 13 5
8 13 24
8 13 30
8 13 188
8 13 137
8 13 76
8 13 65
8 13 23
8 13 60
8 13 70
8 13 149
8 13 200
8 13 116
8 13 73
8 13 48
8 13 28
8 13 171
8 13 175
8 13 142
8 13 17
8 13 14
8 13 100
8 13 164
8 13 50
8 13 93
8 13 96
8 13 17
8 13 14
8 13 22
8 13 3
8 13 138
8 13 128
8 13 160
8 13 160
8 13 200
8 13 151
8 13 158
8 13 28
8 13 34
8 13 17
8 13 109
8 13 187
8 13 180
8 13 103
8 13 146
8 13 22
8 13 44
8 13 62
8 13 84
8 13 150
8 13 124
8 13 153
8 13 196
8 13 120
8 13 157
8 13 51
8 13 183
8 13 138
8 13 118
8 13 173
8 13 175
8 13 99
8 13 105
8 13 125
8 13 20
8 13 119
8 13 58
8 13 162
8 13 3
8 13 10
8 13 75
8 13 97
8 13 128
8 13 79
8 13 168
8 13 112
8 13 73
8 13 134
8 13 166
8 13 45
8 13 34
8 13 120
8 13 24
8 13 167
8 13 197
8 13 181
8 13 115
8 13 16
8 13 35
8 13 142
8 13 67
8 13 59
8 13 156
8 13 115
8 13 90
8 13 140
8 13 154
8 13 1
8 13 21
8 13 144
8 13 172
8 13 52
8 13 71
8 13 25
8 13 153
8 13 7
8 13 125
8 13 63
8 13 154
8 13 75
8 13 168
9 14 87
9 14 184
9 14 15
9 14 10
9 14 185
9 14 106
9 14 51
9 14 41
9 14 132
9 14 42
9 14 63
9 14 186
9 14 188
9 14 12
9 14 17
9 14 122
9 14 22
9 14 103
9 14 119
9 14 119
9 14 176
9 14 152
9 14 93
9 14 149
9 14 135
9 14 168
9 14 145
9 14 188
9 14 24
9 14 30
9 14 59
9 14 128
9 14 19
9 14 124
9 14 99
9 14 113
9 14 113
9 14 37
9 14 77
9 14 51
9 14 163
9 14 73
9 14 159
9 14 133
9 14 3
9 14 180
9 14 25
9 14 11
9 14 76
9 14 9
9 14 2
9 14 102
9 14 195
9 14 85
9 14 30
9 14 70
9 14 36
9 14 148
9 14 128
9 14 97
9 14 86
9 14 104
9 14 60
9 14 149
9 14 24
9 14 129
9 14 17
9 14 169
9 14 125
9 14 138
9 14 64
9 14 4
9 14 141
9 14 32
9 14 130
9 14 92
9 14 15
9 14 107
9 14 103
9 14 188
9 14 68
9 14 111
9 14 150
9 14 114
9 14 66
9 14 195
9 14 12
9 14 146
9 14 32
9 14 106
9 14 69
9 14 192
9 14 8
9 14 59
10 15 113
10 15 50
10 15 108
10 15 70
10 15 16
10 15 194
10 15 121
10 15 146
10 15 137
10 15 70
10 15 42
10 15 106
10 15 171
10 15 151
10 15 47
10 15 79
10 15 37
10 15 53
10 15 187
10 15 174
10 15 63
10 15 95
10 15 91
10 15 110
10 15 153
10 15 59
10 15 142
10 15 22
10 15 22
10 15 58
10 15 53
10 15 62
10 15 193
10 15 50
10 15 92
10 15 25
10 15 77
10 15 65
10 15 85
10 15 134
10 15 145
10 15 186
10 15 44
10 15 67
10 15 136
10 15 120
10 15 148
10 15 178
10 15 43
10 15 125
10 15 95
10 15 104
10 15 18
10 15 191
10 15 63
10 15 121
10 15 138
10 15 193
10 15 191
10 15 6
10 15 195
10 15 131
10 15 119
10 15 109
10 15 105
10 15 97
10 15 67
10 15 166
10 15 69
10 15 135
10 15 176
10 15 117
10 15 7
10 15 99
10 15 76
10 15 121
10 15 119
10 15 6
10 15 42
10 15 79
10 15 48
10 15 32
10 15 106
10 15 113
10 15 108
10 15 17
10 15 86
10 15 59
10 15 116
10 15 38
10 15 58
10 15 6
10 15 1
10 15 2
10 15 133
10 15 3
10 15 163
10 15 28
10 15 95
10 15 122
10 15 1
10 15 160
10 15 24
11 16 135
11 16 61
11 16 59
11 16 37
11 16 140
11 16 129
11 16 194
11 16 194
11 16 19
11 16 17
11 16 109
11 16 166
11 16 123
11 16 102
11 16 54
11 16 177
11 16 103
11 16 15
11 16 116
11 16 14
11 16 24
11 16 164
11 16 94
11 16 164
11 16 72
11 16 13
11 16 13
11 16 173
11 16 113
11 16 192
11 16 18
11 16 22
11 16 141
11 16 156
11 16 91
11 16 190
11 16 31
11 16 8
11 16 95
11 16 162
11 16 1
11 16 126
11 16 173
11 16 10
11 16 57
11 16 47
11 16 10
11 16 186
11 16 164
11 16 50
11 16 180
11 16 164
11 16 162
11 16 123
11 16 156
11 16 133
11 16 33
11 16 192
11 16 105
11 16 129
11 16 92
11 16 20
11 16 64
11 16 100
11 16 57
11 16 146
11 16 37
11 16 101
11 16 49
11 16 50
11 16 74
11 16 37
11 16 72
11 16 132
11 16 181
11 16 173
11 16 94
11 16 87
11 16 171
11 16 102
11 16 83
11 16 66
11 16 153
11 16 6
11 16 31
11 16 58
11 16 154
11 16 163
11 16 69
11 16 198
11 16 89
11 16 75
11 16 186
11 16 186
12 17 134
12 17 59
12 17 92
12 17 69
12 17 107
12 17 61
12 17 76
12 17 97
12 17 12
12 17 153
12 17 126
12 17 188
12 17 137
12 17 12
12 17 153
12 17 112
12 17 149
12 17 13
12 17 115
12 17 82
12 17 106
12 17 95
12 17 89
12 17 145
12 17 33
12 17 113
12 17 77
12 17 37
12 17 10
12 17 133
12 17 60
12 17 30
12 17 122
12 17 163
12 17 36
12 17 194
12 17 19
12 17 160
12 17 188
12 17 28
12 17 92
12 17 193
12 17 10
12 17 44
12 17 108
12 17 197
12 17 84
12 17 98
12 17 101
12 17 168
12 17 39
12 17 104
12 17 21
12 17 116
12 17 89
12 17 133
12 17 26
12 17 23
12 17 188
12 17 149
12 17 158
12 17 167
12 17 5
12 17 89
12 17 135
12 17 155
12 17 91
12 17 9
12 17 72
12 17 154
12 17 198
12 17 104
12 17 21
12 17 86
12 17 127
12 17 82
12 17 152
12 17 64
12 17 38
12 17 133
12 17 110
12 17 60
12 17 13
12 17 198
12 17 69
12 17 102
12 17 142
12 17 41
12 17 25
12 17 104
13 18 18
13 18 170
13 18 69
13 18 35
13 18 138
13 18 184
13 18 115
13 18 83
13 18 186
13 18 15
13 18 27
13 18 132
13 18 155
13 18 2
13 18 91
13 18 47
13 18 10
13 18 143
13 18 169
13 18 14
13 18 95
13 18 17
13 18 131
13 18 59
13 18 156
13 18 8
13 18 104
13 18 57
13 18 186
13 18 70
13 18 51
13 18 124
13 18 80
13 18 1
13 18 25
13 18 100
13 18 75
13 18 167
13 18 123
13 18 122
13 18 116
13 18 92
13 18 134
13 18 150
13 18 132
13 18 61
13 18 73
13 18 99
13 18 86
13 18 39
13 18 156
13 18 43
13 18 65
13 18 7
13 18 67
13 18 42
13 18 192
13 18 49
13 18 35
13 18 16
13 18 195
13 18 34
13 18 20
13 18 60
13 18 121
13 18 183
13 18 129
13 18 141
13 18 109
13 18 191
13 18 180
13 18 130
13 18 162
13 18 21
13 18 32
13 18 103
13 18 5
13 18 145
13 18 106
13 18 70
13 18 62
13 18 106
13 18 132
13 18 30
13 18 16
13 18 168
13 18 45
13 18 156
13 18 77
14 19 142
14 19 182
14 19 122
14 19 33
14 19 117
14 19 57
14 19 190
14 19 10
14 19 150
14 19 14
14 19 143
14 19 1
14 19 77
14 19 23
14 19 129
14 19 34
14 19 31
14 19 80
14 19 61
14 19 111
14 19 67
14 19 7
14 19 84
14 19 152
14 19 29
14 19 75
14 19 158
14 19 44
14 19 169
14 19 11
14 19 32
14 19 132
14 19 106
14 19 139
14 19 190
14 19 12
14 19 6
14 19 41
14 19 160
14 19 136
14 19 83
14 19 18
14 19 187
14 19 35
14 19 185
14 19 18
14 19 63
14 19 55
14 19 53
14 19 3
14 19 111
14 19 166
14 19 62
14 19 158
14 19 21
14 19 152
14 19 108
14 19 24
14 19 200
14 19 44
14 19 158
14 19 83
14 19 106
14 19 74
14 19 12
14 19 167
14 19 1
14 19 80
14 19 180
14 19 194
14 19 24
14 19 90
14 19 58
14 19 149
14 19 25
14 19 124
14 19 64
14 19 17
14 19 180
14 19 44
14 19 151
14 19 142
14 19 3
14 19 60
14 19 176
14 19 65
14 19 117
14 19 99
14 19 107
14 19 24
14 19 156
14 19 52
14 19 137
14 19 147
15 20 95
15 20 90
15 20 92
15 20 180
15 20 106
15 20 182
15 20 187
15 20 119
15 20 56
15 20 175
15 20 29
15 20 134
15 20 80
15 20 183
15 20 83
15 20 74
15 20 2
15 20 101
15 20 187
15 20 178
15 20 183
15 20 183
15 20 42
15 20 142
15 20 180
15 20 35
15 20 28
15 20 188
15 20 23
15 20 198
15 20 84
15 20 102
15 20 198
15 20 101
15 20 140
15 20 84
15 20 44
15 20 132
15 20 139
15 20 38
15 20 3
15 20 153
15 20 153
15 20 26
15 20 170
15 20 160
15 20 184
15 20 99
15 20 7
15 20 107
15 20 1
15 20 84
15 20 46
15 20 150
15 20 135
15 20 104
15 20 47
15 20 108
15 20 189
15 20 119
15 20 42
15 20 31
15 20 165
15 20 90
15 20 22
15 20 103
15 20 79
15 20 137
15 20 124
15 20 12
15 20 50
15 20 65
15 20 130
15 20 15
15 20 49
15 20 116
15 20 139
15 20 48
15 20 170
15 20 52
15 20 185
15 20 165
16 21 31
16 21 164
16 21 87
16 21 40
16 21 120
16 21 115
16 21 171
16 21 89
16 21 164
16 21 148
16 21 119
16 21 70
16 21 32
16 21 40
16 21 43
16 21 46
16 21 100
16 21 30
16 21 102
16 21 63
16 21 9
16 21 188
16 21 16
16 21 22
16 21 65
16 21 89
16 21 97
16 21 40
16 21 134
16 21 74
16 21 17
16 21 68
16 21 170
16 21 157
16 21 37
16 21 102
16 21 40
16 21 25
16 21 74
16 21 136
16 21 64
16 21 197
16 21 181
16 21 43
16 21 144
16 21 150
16 21 16
16 21 58
16 21 198
16 21 26
16 21 42
16 21 165
16 21 88
16 21 92
16 21 150
16 21 174
16 21 61
16 21 98
16 21 102
16 21 106
16 21 178
16 21 187
16 21 124
16 21 111
16 21 107
16 21 89
16 21 191
16 21 21
16 21 95
16 21 60
16 21 175
16 21 25
16 21 64
16 21 75
16 21 81
16 21 4
16 21 133
16 21 90
16 21 182
16 21 184
16 21 81
16 21 139
16 21 50
16 21 96
16 21 75
16 21 83
16 21 90
16 21 86
16 21 132
16 21 76
16 21 22
16 21 192
16 21 152
16 21 198
16 21 96
16 21 172
16 21 122
16 21 43
16 21 134
16 21 75
16 21 146
16 21 123
16 21 1
16 21 153
16 21 71
16 21 30
16 21 110
16 21 112
17 22 37
17 22 139
17 22 107
17 22 198
17 22 58
17 22 138
17 22 113
17 22 146
17 22 118
17 22 99
17 22 105
17 22 166
17 22 87
17 22 180
17 22 192
17 22 13
17 22 141
17 22 78
17 22 68
17 22 13
17 22 20
17 22 34
17 22 7
17 22 42
17 22 93
17 22 199
17 22 18
17 22 200
17 22 68
17 22 143
17 22 115
17 22 3
17 22 127
17 22 198
17 22 147
17 22 60
17 22 33
17 22 129
17 22 52
17 22 39
17 22 194
17 22 152
17 22 122
17 22 160
17 22 10
17 22 74
17 22 193
17 22 175
17 22 188
17 22 173
17 22 16
17 22 189
17 22 67
17 22 132
17 22 60
17 22 7
17 22 140
17 22 199
17 22 192
17 22 118
17 22 56
17 22 7
17 22 102
17 22 57
17 22 93
17 22 111
17 22 181
17 22 78
17 22 143
17 22 34
17 22 17
17 22 89
17 22 172
17 22 110
17 22 43
17 22 11
17 22 34
17 22 50
17 22 31
17 22 132
17 22 153
17 22 187
17 22 179
17 22 5
17 22 71
17 22 68
17 22 32
17 22 23
17 22 90
17 22 146
17 22 151
17 22 60
17 22 3
17 22 94
18 23 43
18 23 111
18 23 2
18 23 106
18 23 132
18 23 92
18 23 194
18 23 57
18 23 44
18 23 104
18 23 156
18 23 169
18 23 73
18 23 145
18 23 119
18 23 34
18 23 21
18 23 46
18 23 180
18 23 117
18 23 122
18 23 7
18 23 27
18 23 76
18 23 126
18 23 193
18 23 158
18 23 27
18 23 17
18 23 19
18 23 172
18 23 111
18 23 16
18 23 161
18 23 95
18 23 122
18 23 73
18 23 125
18 23 86
18 23 179
18 23 190
18 23 123
18 23 132
18 23 23
18 23 161
18 23 14
18 23 45
18 23 199
18 23 22
18 23 139
18 23 147
18 23 149
18 23 25
18 23 80
18 23 42
18 23 191
18 23 188
18 23 181
18 23 165
18 23 54
18 23 126
18 23 48
18 23 166
18 23 177
18 23 117
18 23 152
18 23 135
18 23 120
18 23 81
18 23 186
18 23 59
18 23 62
18 23 43
18 23 62
18 23 33
18 23 133
18 23 114
18 23 172
18 23 67
18 23 6
18 23 59
18 23 33
18 23 72
18 23 114
18 23 5
18 23 179
18 23 72
18 23 150
19 24 172
19 24 43
19 24 127
19 24 39
19 24 86
19 24 170
19 24 168
19 24 81
19 24 94
19 24 122
19 24 43
19 24 161
19 24 107
19 24 154
19 24 159
19 24 196
19 24 122
19 24 170
19 24 193
19 24 31
19 24 102
19 24 74
19 24 88
19 24 51
19 24 178
19 24 118
19 24 63
19 24 81
19 24 76
19 24 19
19 24 123
19 24 65
19 24 79
19 24 138
19 24 163
19 24 78
19 24 120
19 24 199
19 24 158
19 24 192
19 24 64
19 24 116
19 24 75
19 24 199
19 24 99
19 24 167
19 24 7
19 24 7
19 24 59
19 24 111
19 24 18
19 24 17
19 24 103
19 24 89
19 24 5
19 24 198
19 24 40
19 24 177
19 24 21
19 24 195
19 24 83
19 24 103
19 24 121
19 24 177
19 24 118
19 24 3
19 24 175
19 24 89
19 24 21
19 24 88
19 24 82
19 24 22
19 24 41
19 24 53
19 24 148
19 24 112
19 24 107
19 24 195
19 24 189
19 24 3
19 24 171
19 24 185
19 24 35
19 24 184
19 24 10
19 24 81
19 24 94
19 24 117
19 24 110
19 24 4
19 24 188
19 24 29
19 24 17
19 24 20
19 24 174
19 24 149
19 24 85
19 24 83
19 24 134
19 24 100
19 24 184
19 24 38
19 24 163
19 24 161
19 24 83
19 24 113
19 24 158
19 24 200
19 24 136
20 25 42
20 25 169
20 25 114
20 25 168
20 25 137
20 25 79
20 25 6
20 25 69
20 25 81
20 25 89
20 25 149
20 25 122
20 25 94
20 25 61
20 25 20
20 25 77
20 25 27
20 25 13
20 25 25
20 25 159
20 25 142
20 25 194
20 25 110
20 25 73
20 25 62
20 25 3
20 25 73
20 25 187
20 25 115
20 25 73
20 25 188
20 25 164
20 25 61
20 25 84
20 25 107
20 25 150
20 25 148
20 25 21
20 25 48
20 25 153
20 25 192
20 25 183
20 25 166
20 25 155
20 25 126
20 25 82
20 25 57
20 25 21
20 25 74
20 25 90
20 25 37
20 25 84
20 25 165
20 25 24
20 25 113
20 25 16
20 25 162
20 25 143
20 25 27
20 25 84
20 25 125
20 25 15
20 25 78
20 25 79
20 25 39
20 25 129
20 25 43
20 25 40
20 25 79
20 25 195
20 25 186
20 25 58
20 25 77
20 25 43
20 25 44
20 25 135
21 26 81
21 26 100
21 26 12
21 26 164
21 26 84
21 26 47
21 26 105
21 26 118
21 26 16
21 26 177
21 26 140
21 26 37
21 26 119
21 26 180
21 26 102
21 26 23
21 26 81
21 26 49
21 26 3
21 26 115
21 26 179
21 26 85
21 26 20
21 26 7
21 26 94
21 26 175
21 26 145
21 26 155
21 26 56
21 26 120
21 26 178
21 26 51
21 26 5
21 26 53
21 26 6
21 26 118
21 26 13
21 26 176
21 26 144
21 26 10
21 26 185
21 26 170
21 26 58
21 26 89
21 26 171
21 26 163
21 26 98
21 26 118
21 26 198
21 26 146
21 26 39
21 26 196
21 26 88
21 26 5
21 26 175
21 26 82
21 26 159
21 26 50
21 26 184
21 26 82
21 26 54
21 26 105
21 26 193
21 26 1
21 26 43
21 26 8
21 26 158
21 26 36
21 26 33
21 26 127
21 26 82
21 26 16
21 26 60
21 26 135
21 26 44
21 26 24
21 26 151
22 27 89
22 27 191
22 27 180
22 27 173
22 27 140
22 27 62
22 27 124
22 27 104
22 27 53
22 27 131
22 27 12
22 27 108
22 27 191
22 27 49
22 27 159
22 27 26
22 27 196
22 27 53
22 27 67
22 27 119
22 27 5
22 27 197
22 27 178
22 27 87
22 27 171
22 27 50
22 27 151
22 27 54
22 27 110
22 27 78
22 27 123
22 27 52
22 27 196
22 27 170
22 27 169
22 27 77
22 27 48
22 27 148
22 27 85
22 27 63
22 27 111
22 27 79
22 27 184
22 27 192
22 27 45
22 27 126
22 27 179
22 27 142
22 27 114
22 27 50
22 27 130
22 27 133
22 27 183
22 27 123
22 27 2
22 27 153
22 27 144
22 27 14
22 27 174
22 27 63
22 27 196
22 27 170
22 27 105
22 27 106
22 27 58
22 27 23
22 27 153
22 27 38
22 27 136
22 27 44
22 27 192
22 27 195
22 27 36
22 27 191
22 27 148
22 27 116
22 27 5
22 27 74
22 27 187
22 27 6
22 27 162
22 27 54
22 27 40
22 27 24
22 27 189
22 27 182
22 27 121
22 27 33
22 27 117
22 27 72
22 27 170
22 27 148
22 27 126
22 27 184
22 27 151
22 27 89
22 27 185
22 27 179
22 27 25
22 27 66
22 27 113
22 27 42
22 27 35
22 27 22
22 27 77
22 27 90
22 27 56
22 27 66
22 27 111
22 27 118
22 27 158
22 27 116
22 27 75
22 27 33
22 27 147
22 27 165
22 27 149
22 27 99
22 27 107
22 27 157
22 27 187
22 27 88
22 27 45
23 28 98
23 28 104
23 28 156
23 28 31
23 28 71
23 28 68
23 28 26
23 28 49
23 28 61
23 28 101
23 28 89
23 28 141
23 28 159
23 28 181
23 28 66
23 28 194
23 28 33
23 28 125
23 28 186
23 28 137
23 28 164
23 28 177
23 28 43
23 28 127
23 28 91
23 28 14
23 28 45
23 28 62
23 28 120
23 28 75
23 28 110
23 28 90
23 28 102
23 28 31
23 28 106
23 28 78
23 28 68
23 28 126
23 28 167
23 28 163
23 28 116
23 28 178
23 28 166
23 28 36
23 28 107
23 28 33
23 28 84
23 28 23
23 28 193
23 28 15
23 28 46
23 28 54
23 28 28
23 28 128
23 28 124
23 28 35
23 28 177
23 28 96
23 28 12
23 28 163
23 28 164
23 28 10
23 28 41
23 28 78
23 28 66
23 28 60
23 28 24
23 28 28
23 28 193
23 28 187
23 28 39
23 28 37
23 28 49
23 28 68
23 28 58
23 28 57
23 28 9
23 28 187
23 28 2
23 28 188
23 28 48
23 28 149
23 28 69
23 28 95
23 28 147
23 28 6
23 28 61
23 28 55
23 28 84
23 28 91
23 28 100
23 28 130
23 28 92
23 28 126
23 28 111
23 28 177
23 28 99
24 29 128
24 29 103
24 29 142
24 29 95
24 29 17
24 29 120
24 29 48
24 29 6
24 29 189
24 29 101
24 29 162
24 29 87
24 29 159
24 29 62
24 29 2
24 29 54
24 29 78
24 29 155
24 29 143
24 29 109
24 29 193
24 29 64
24 29 196
24 29 22
24 29 116
24 29 184
24 29 39
24 29 106
24 29 171
24 29 184
24 29 144
24 29 109
24 29 100
24 29 137
24 29 2
24 29 69
24 29 72
24 29 185
24 29 65
24 29 163
24 29 38
24 29 82
24 29 38
24 29 186
24 29 119
24 29 171
24 29 148
24 29 1
24 29 76
24 29 186
24 29 172
24 29 72
24 29 71
24 29 111
24 29 144
24 29 167
24 29 165
24 29 178
24 29 115
24 29 10
24 29 111
24 29 55
24 29 23
24 29 28
24 29 21
24 29 20
24 29 21
24 29 10
24 29 130
24 29 181
24 29 79
24 29 58
24 29 166
24 29 81
24 29 200
24 29 198
24 29 185
24 29 143
24 29 175
24 29 96
24 29 186
24 29 88
24 29 190
24 29 126
24 29 65
24 29 113
24 29 51
24 29 133
24 29 170
24 29 125
24 29 182
24 29 165
24 29 174
24 29 131
24 29 55
24 29 200
24 29 151
24 29 74
24 29 141
24 29 36
24 29 128
24 29 165
24 29 103
24 29 133
24 29 47
24 29 186
24 29 44
24 29 114
24 29 86
25 30 157
25 30 27
25 30 195
25 30 132
25 30 90
25 30 182
25 30 3
25 30 190
25 30 24
25 30 12
25 30 19
25 30 157
25 30 143
25 30 43
25 30 32
25 30 130
25 30 102
25 30 196
25 30 119
25 30 42
25 30 8
25 30 51
25 30 185
25 30 35
25 30 147
25 30 172
25 30 76
25 30 37
25 30 179
25 30 79
25 30 31
25 30 30
25 30 129
25 30 81
25 30 14
25 30 179
25 30 185
25 30 77
25 30 28
25 30 141
25 30 186
25 30 178
25 30 176
25 30 143
25 30 24
25 30 106
25 30 152
25 30 38
25 30 25
25 30 35
25 30 186
25 30 9
25 30 142
25 30 62
25 30 111
25 30 68
25 30 173
25 30 44
25 30 165
25 30 42
25 30 153
25 30 111
25 30 99
25 30 39
25 30 43
25 30 147
25 30 184
25 30 198
25 30 60
25 30 136
25 30 180
25 30 174
25 30 76
25 30 143
25 30 61
25 30 9
25 30 40
25 30 16
25 30 158
25 30 66
25 30 145
25 30 160
25 30 17
25 30 34
25 30 181
25 30 60
25 30 45
25 30 187
25 30 145
25 30 97
25 30 171
25 30 91
25 30 56
25 30 125
25 30 29
25 30 198
25 30 193
25 30 147
25 30 168
25 30 194
25 30 149
25 30 107
25 30 197
25 30 174
25 30 12
25 30 166
25 30 61
25 30 32
25 30 190
25 30 30
25 30 110
25 30 59
25 30 167
25 30 185
26 31 178
26 31 139
26 31 171
26 31 70
26 31 183
26 31 20
26 31 150
26 31 5
26 31 91
26 31 127
26 31 6
26 31 88
26 31 47
26 31 43
26 31 44
26 31 107
26 31 55
26 31 91
26 31 198
26 31 43
26 31 107
26 31 196
26 31 51
26 31 39
26 31 78
26 31 31
26 31 162
26 31 79
26 31 170
26 31 153
26 31 87
26 31 173
26 31 14
26 31 18
26 31 87
26 31 50
26 31 26
26 31 182
26 31 13
26 31 156
26 31 5
26 31 160
26 31 111
26 31 152
26 31 133
26 31 54
26 31 3
26 31 9
26 31 58
26 31 151
26 31 34
26 31 134
26 31 135
26 31 34
26 31 4
26 31 159
26 31 101
26 31 153
26 31 136
26 31 50
26 31 31
26 31 187
26 31 175
26 31 54
26 31 158
26 31 39
26 31 84
26 31 155
26 31 69
26 31 93
26 31 112
26 31 129
26 31 79
26 31 6
26 31 125
26 31 35
26 31 56
26 31 120
26 31 182
26 31 127
26 31 184
26 31 157
26 31 153
26 31 166
26 31 31
26 31 98
26 31 15
26 31 74
26 31 199
26 31 75
26 31 118
26 31 31
26 31 123
26 31 188
26 31 13
26 31 155
27 32 133
27 32 175
27 32 44
27 32 75
27 32 162
27 32 70
27 32 182
27 32 138
27 32 168
27 32 198
27 32 197
27 32 198
27 32 39
27 32 49
27 32 71
27 32 50
27 32 96
27 32 135
27 32 179
27 32 105
27 32 129
27 32 99
27 32 120
27 32 115
27 32 182
27 32 29
27 32 140
27 32 34
27 32 151
27 32 7
27 32 70
27 32 193
27 32 101
27 32 153
27 32 200
27 32 92
27 32 27
27 32 123
27 32 86
27 32 118
27 32 196
27 32 26
27 32 49
27 32 6
27 32 20
27 32 91
27 32 195
27 32 180
27 32 160
27 32 101
27 32 40
27 32 103
27 32 63
27 32 65
27 32 93
27 32 31
27 32 103
27 32 44
27 32 71
27 32 62
27 32 194
27 32 76
27 32 73
27 32 137
27 32 89
27 32 62
27 32 151
27 32 188
27 32 24
27 32 137
27 32 129
27 32 15
27 32 76
27 32 85
27 32 119
27 32 3
27 32 146
27 32 78
27 32 186
27 32 118
27 32 101
27 32 91
27 32 130
27 32 62
27 32 34
27 32 23
27 32 30
27 32 154
27 32 194
27 32 131
27 32 106
27 32 198
27 32 132
27 32 12
27 32 171
27 32 83
27 32 193
27 32 172
27 32 100
27 32 64
27 32 174
27 32 19
28 33 183
28 33 194
28 33 82
28 33 182
28 33 114
28 33 167
28 33 28
28 33 59
28 33 142
28 33 134
28 33 185
28 33 190
28 33 140
28 33 179
28 33 146
28 33 21
28 33 24
28 33 176
28 33 180
28 33 153
28 33 103
28 33 39
28 33 14
28 33 84
28 33 64
28 33 144
28 33 91
28 33 92
28 33 48
28 33 2
28 33 37
28 33 40
28 33 75
28 33 6
28 33 165
28 33 6
28 33 56
28 33 115
28 33 68
28 33 9
28 33 104
28 33 185
28 33 160
28 33 106
28 33 161
28 33 29
28 33 6
28 33 83
28 33 47
28 33 29
28 33 89
28 33 89
28 33 170
28 33 19
28 33 114
28 33 110
28 33 82
28 33 183
28 33 159
28 33 33
28 33 148
28 33 47
28 33 121
28 33 157
28 33 179
28 33 84
28 33 70
28 33 121
28 33 150
28 33 139
28 33 82
28 33 150
28 33 13
28 33 187
28 33 18
28 33 77
28 33 10
28 33 104
28 33 115
28 33 170
28 33 93
28 33 53
28 33 44
28 33 109
28 33 122
28 33 132
28 33 5
28 33 73
28 33 96
28 33 196
28 33 32
28 33 14
28 33 139
28 33 200
28 33 64
28 33 96
28 33 30
28 33 151
29 34 33
29 34 191
29 34 52
29 34 93
29 34 64
29 34 116
29 34 147
29 34 102
29 34 102
29 34 59
29 34 191
29 34 181
29 34 141
29 34 27
29 34 151
29 34 31
29 34 20
29 34 168
29 34 168
29 34 47
29 34 177
29 34 2
29 34 103
29 34 77
29 34 172
29 34 63
29 34 129
29 34 148
29 34 139
29 34 46
29 34 54
29 34 25
29 34 62
29 34 180
29 34 38
29 34 56
29 34 153
29 34 11
29 34 27
29 34 23
29 34 29
29 34 179
29 34 145
29 34 7
29 34 80
29 34 67
29 34 43
29 34 176
29 34 99
29 34 82
29 34 85
29 34 66
29 34 56
29 34 88
29 34 108
29 34 20
29 34 17
29 34 23
29 34 8
29 34 26
29 34 15
29 34 157
29 34 200
29 34 54
29 34 154
29 34 147
29 34 77
29 34 101
29 34 75
29 34 143
29 34 27
29 34 180
29 34 116
29 34 154
29 34 100
29 34 126
29 34 70
29 34 20
29 34 178
29 34 138
29 34 106
29 34 178
29 34 115
29 34 177
29 34 193
29 34 33
29 34 17
29 34 13
29 34 7
29 34 78
29 34 140
29 34 67
29 34 155
29 34 156
29 34 168
29 34 122
29 34 73
29 34 39
29 34 17
29 34 85
29 34 92
29 34 33
29 34 65
29 34 164
29 34 38
29 34 182
30 35 128
30 35 173
30 35 64
30 35 150
30 35 43
30 35 17
30 35 27
30 35 123
30 35 83
30 35 15
30 35 31
30 35 196
30 35 41
30 35 67
30 35 188
30 35 72
30 35 136
30 35 189
30 35 62
30 35 69
30 35 80
30 35 161
30 35 10
30 35 152
30 35 163
30 35 158
30 35 34
30 35 115
30 35 196
30 35 158
30 35 77
30 35 77
30 35 88
30 35 190
30 35 44
30 35 13
30 35 13
30 35 139
30 35 139
30 35 24
30 35 35
30 35 7
30 35 68
30 35 4
30 35 194
30 35 179
30 35 159
30 35 14
30 35 137
30 35 133
30 35 12
30 35 173
30 35 25
30 35 54
30 35 108
30 35 72
30 35 118
30 35 148
30 35 49
30 35 5
30 35 27
30 35 38
30 35 131
30 35 143
30 35 59
30 35 136
30 35 88
30 35 64
30 35 135
30 35 4
30 35 62
30 35 94
30 35 116
30 35 26
30 35 92
30 35 136
30 35 165
30 35 34
30 35 120
30 35 126
30 35 40
30 35 18
30 35 184
30 35 149
30 35 85
30 35 23
30 35 163
30 35 162
30 35 136
30 35 32
30 35 94
30 35 7
30 35 2
30 35 31
30 35 162
30 35 29
30 35 169
30 35 117
30 35 81
30 35 150
30 35 174
30 35 141
30 35 195
30 35 151
30 35 130
31 36 78
31 36 103
31 36 36
31 36 45
31 36 74
31 36 35
31 36 159
31 36 86
31 36 199
31 36 183
31 36 129
31 36 145
31 36 141
31 36 157
31 36 43
31 36 104
31 36 31
31 36 160
31 36 65
31 36 68
31 36 144
31 36 56
31 36 28
31 36 35
31 36 105
31 36 178
31 36 40
31 36 173
31 36 50
31 36 24
31 36 83
31 36 130
31 36 150
31 36 173
31 36 111
31 36 35
31 36 159
31 36 29
31 36 196
31 36 165
31 36 134
31 36 117
31 36 164
31 36 130
31 36 192
31 36 195
31 36 142
31 36 160
31 36 124
31 36 96
31 36 84
31 36 44
31 36 91
31 36 174
31 36 53
31 36 56
31 36 34
31 36 87
31 36 172
31 36 8
31 36 135
31 36 98
31 36 61
31 36 177
31 36 179
31 36 66
31 36 92
31 36 128
31 36 164
31 36 62
31 36 141
31 36 150
31 36 63
31 36 111
31 36 198
31 36 34
31 36 193
31 36 16
31 36 160
31 36 151
31 36 154
31 36 162
31 36 30
31 36 27
31 36 66
31 36 174
31 36 188
31 36 145
31 36 44
31 36 120
31 36 1
31 36 147
31 36 165
31 36 96
31 36 91
31 36 60
31 36 18
31 36 76
31 36 88
31 36 172
31 36 126
31 36 146
31 36 9
31 36 105
31 36 42
31 36 65
31 36 187
31 36 153
31 36 62
31 36 71
31 36 23
31 36 194
32 37 92
32 37 20
32 37 107
32 37 185
32 37 46
32 37 197
32 37 2
32 37 163
32 37 98
32 37 120
32 37 195
32 37 127
32 37 142
32 37 192
32 37 177
32 37 167
32 37 199
32 37 4
32 37 161
32 37 58
32 37 13
32 37 157
32 37 106
32 37 33
32 37 128
32 37 91
32 37 92
32 37 135
32 37 12
32 37 161
32 37 46
32 37 66
32 37 55
32 37 96
32 37 144
32 37 156
32 37 159
32 37 3
32 37 102
32 37 61
32 37 179
32 37 138
32 37 21
32 37 129
32 37 160
32 37 143
32 37 8
32 37 170
32 37 172
32 37 174
32 37 22
32 37 45
32 37 56
32 37 101
32 37 8
32 37 69
32 37 167
32 37 119
32 37 69
32 37 27
32 37 87
32 37 171
32 37 132
32 37 164
32 37 52
32 37 103
32 37 100
32 37 150
32 37 77
32 37 63
32 37 68
32 37 63
32 37 43
32 37 163
32 37 32
32 37 35
32 37 176
32 37 53
32 37 48
32 37 169
32 37 141
32 37 99
32 37 80
32 37 57
32 37 124
32 37 155
32 37 126
32 37 147
32 37 6
32 37 3
32 37 111
32 37 10
32 37 35
32 37 37
32 37 127
32 37 143
32 37 15
32 37 141
32 37 94
32 37 82
32 37 152
32 37 167
32 37 200
32 37 92
32 37 11
32 37 142
32 37 9
32 37 37
32 37 19
32 37 108
32 37 88
32 37 101
33 38 96
33 38 133
33 38 114
33 38 7
33 38 19
33 38 154
33 38 56
33 38 169
33 38 76
33 38 140
33 38 153
33 38 28
33 38 164
33 38 94
33 38 37
33 38 130
33 38 77
33 38 90
33 38 96
33 38 199
33 38 143
33 38 26
33 38 177
33 38 176
33 38 77
33 38 74
33 38 121
33 38 105
33 38 41
33 38 19
33 38 41
33 38 2
33 38 131
33 38 168
33 38 162
33 38 1
33 38 55
33 38 73
33 38 58
33 38 14
33 38 41
33 38 134
33 38 145
33 38 161
33 38 35
33 38 83
33 38 115
33 38 125
33 38 47
33 38 41
33 38 2
33 38 4
33 38 171
33 38 97
33 38 160
33 38 101
33 38 190
33 38 163
33 38 79
33 38 72
33 38 69
33 38 95
33 38 103
33 38 88
33 38 90
33 38 157
33 38 198
33 38 169
33 38 17
33 38 42
33 38 97
33 38 139
33 38 83
33 38 48
33 38 32
33 38 133
33 38 59
33 38 27
33 38 193
33 38 165
33 38 125
33 38 17
33 38 184
33 38 124
33 38 148
33 38 12
33 38 33
33 38 28
33 38 83
33 38 74
33 38 176
33 38 19
33 38 109
34 39 183
34 39 118
34 39 147
34 39 8
34 39 14
34 39 125
34 39 82
34 39 48
34 39 1
34 39 18
34 39 64
34 39 147
34 39 53
34 39 67
34 39 132
34 39 101
34 39 163
34 39 65
34 39 46
34 39 154
34 39 102
34 39 143
34 39 80
34 39 182
34 39 66
34 39 143
34 39 159
34 39 1
34 39 9
34 39 179
34 39 169
34 39 137
34 39 149
34 39 174
34 39 178
34 39 126
34 39 162
34 39 52
34 39 122
34 39 178
34 39 58
34 39 179
34 39 20
34 39 21
34 39 44
34 39 21
34 39 142
34 39 11
34 39 192
34 39 93
34 39 112
34 39 56
34 39 163
34 39 40
34 39 170
34 39 86
34 39 169
34 39 180
34 39 112
34 39 38
34 39 91
34 39 83
34 39 143
34 39 59
34 39 183
34 39 100
34 39 39
34 39 13
34 39 199
34 39 2
34 39 35
34 39 173
34 39 160
34 39 28
34 39 70
34 39 181
34 39 104
34 39 178
34 39 154
34 39 95
34 39 162
34 39 127
34 39 9
34 39 159
34 39 66
34 39 140
34 39 164
34 39 11
34 39 178
34 39 64
34 39 69
34 39 139
34 39 75
34 39 12
34 39 193
34 39 87
34 39 30
34 39 14
34 39 26
34 39 144
34 39 142
34 39 164
34 39 83
34 39 87
34 39 107
34 39 103
34 39 195
34 39 183
34 39 6
34 39 15
34 39 164
34 39 110
35 40 80
35 40 127
35 40 62
35 40 164
35 40 147
35 40 125
35 40 90
35 40 92
35 40 91
35 40 11
35 40 155
35 40 16
35 40 197
35 40 184
35 40 47
35 40 171
35 40 125
35 40 37
35 40 150
35 40 4
35 40 85
35 40 152
35 40 57
35 40 140
35 40 55
35 40 30
35 40 193
35 40 27
35 40 180
35 40 147
35 40 94
35 40 52
35 40 194
35 40 29
35 40 36
35 40 133
35 40 185
35 40 118
35 40 119
35 40 75
35 40 47
35 40 5
35 40 17
35 40 179
35 40 164
35 40 71
35 40 64
35 40 110
35 40 184
35 40 54
35 40 87
35 40 182
35 40 153
35 40 185
35 40 127
35 40 196
35 40 65
35 40 44
35 40 165
35 40 96
35 40 114
35 40 73
35 40 144
35 40 117
35 40 2
35 40 127
35 40 140
35 40 66
35 40 199
35 40 61
35 40 91
35 40 197
35 40 94
35 40 183
35 40 147
35 40 195
35 40 196
35 40 97
35 40 103
35 40 85
35 40 125
35 40 131
35 40 174
35 40 187
35 40 200
35 40 153
35 40 120
35 40 83
36 41 81
36 41 71
36 41 82
36 41 54
36 41 103
36 41 111
36 41 85
36 41 187
36 41 55
36 41 162
36 41 97
36 41 63
36 41 34
36 41 160
36 41 66
36 41 129
36 41 97
36 41 20
36 41 184
36 41 143
36 41 29
36 41 117
36 41 108
36 41 157
36 41 37
36 41 176
36 41 87
36 41 165
36 41 114
36 41 91
36 41 116
36 41 152
36 41 40
36 41 49
36 41 7
36 41 187
36 41 94
36 41 185
36 41 68
36 41 67
36 41 198
36 41 12
36 41 24
36 41 185
36 41 20
36 41 132
36 41 49
36 41 193
36 41 71
36 41 125
36 41 15
36 41 101
36 41 49
36 41 67
36 41 76
36 41 110
36 41 179
36 41 101
36 41 184
36 41 180
36 41 124
36 41 11
36 41 157
36 41 18
36 41 122
36 41 136
36 41 185
36 41 183
36 41 179
36 41 172
36 41 125
36 41 51
36 41 142
36 41 158
36 41 42
36 41 67
36 41 77
36 41 72
36 41 12
36 41 83
37 42 136
37 42 2
37 42 134
37 42 5
37 42 197
37 42 172
37 42 187
37 42 152
37 42 131
37 42 179
37 42 167
37 42 164
37 42 27
37 42 141
37 42 20
37 42 105
37 42 30
37 42 160
37 42 125
37 42 23
37 42 4
37 42 10
37 42 180
37 42 138
37 42 90
37 42 107
37 42 135
37 42 40
37 42 191
37 42 112
37 42 138
37 42 82
37 42 78
37 42 125
37 42 30
37 42 1
37 42 175
37 42 196
37 42 177
37 42 64
37 42 66
37 42 65
37 42 187
37 42 61
37 42 3
37 42 70
37 42 8
37 42 111
37 42 147
37 42 7
37 42 24
37 42 103
37 42 18
37 42 70
37 42 173
37 42 87
37 42 111
37 42 135
37 42 148
37 42 40
37 42 106
37 42 145
37 42 170
37 42 179
37 42 135
37 42 154
37 42 95
37 42 155
37 42 55
37 42 38
37 42 200
37 42 176
37 42 71
37 42 37
37 42 30
37 42 50
37 42 157
37 42 79
37 42 135
37 42 9
37 42 4
37 42 147
37 42 2
37 42 182
37 42 107
37 42 49
37 42 81
37 42 85
37 42 2
37 42 167
37 42 150
37 42 140
37 42 176
37 42 116
37 42 94
37 42 40
37 42 62
37 42 109
37 42 168
37 42 92
37 42 11
37 42 96
37 42 183
37 42 149
37 42 140
37 42 165
37 42 198
38 43 97
38 43 173
38 43 173
38 43 120
38 43 186
38 43 5
38 43 102
38 43 180
38 43 11
38 43 193
38 43 79
38 43 36
38 43 166
38 43 144
38 43 159
38 43 185
38 43 119
38 43 145
38 43 41
38 43 165
38 43 130
38 43 149
38 43 17
38 43 90
38 43 198
38 43 198
38 43 146
38 43 41
38 43 145
38 43 152
38 43 107
38 43 16
38 43 174
38 43 85
38 43 42
38 43 192
38 43 167
38 43 5
38 43 173
38 43 140
38 43 177
38 43 192
38 43 85
38 43 63
38 43 107
38 43 67
38 43 70
38 43 155
38 43 60
38 43 17
38 43 186
38 43 66
38 43 110
38 43 82
38 43 94
38 43 117
38 43 77
38 43 92
38 43 31
38 43 146
38 43 58
38 43 194
38 43 60
38 43 25
38 43 75
38 43 2
38 43 191
38 43 40
38 43 140
38 43 118
38 43 45
38 43 36
38 43 180
38 43 27
38 43 120
38 43 180
38 43 93
38 43 109
38 43 8
38 43 88
38 43 62
38 43 50
38 43 179
38 43 28
38 43 181
38 43 35
38 43 187
38 43 67
38 43 1
38 43 152
38 43 31
38 43 135
38 43 108
38 43 165
38 43 180
38 43 92
38 43 69
38 43 122
38 43 107
38 43 121
38 43 147
38 43 191
38 43 69
38 43 101
38 43 118
38 43 59
38 43 199
38 43 147
38 43 59
38 43 94
38 43 91
38 43 166
39 44 155
39 44 41
39 44 138
39 44 85
39 44 139
39 44 120
39 44 189
39 44 108
39 44 7
39 44 146
39 44 66
39 44 32
39 44 191
39 44 39
39 44 121
39 44 40
39 44 175
39 44 196
39 44 154
39 44 158
39 44 129
39 44 154
39 44 15
39 44 140
39 44 10
39 44 71
39 44 85
39 44 187
39 44 177
39 44 116
39 44 3
39 44 127
39 44 132
39 44 128
39 44 51
39 44 149
39 44 116
39 44 58
39 44 15
39 44 133
39 44 196
39 44 179
39 44 126
39 44 174
39 44 36
39 44 34
39 44 153
39 44 167
39 44 89
39 44 89
39 44 195
39 44 64
39 44 86
39 44 9
39 44 101
39 44 44
39 44 166
39 44 76
39 44 132
39 44 143
39 44 65
39 44 120
39 44 167
39 44 119
39 44 166
39 44 32
39 44 6
39 44 4
39 44 57
39 44 117
39 44 42
39 44 122
39 44 37
39 44 18
39 44 150
39 44 145
39 44 49
39 44 121
39 44 5
39 44 44
39 44 102
39 44 192
39 44 53
39 44 104
39 44 106
39 44 184
39 44 31
39 44 17
39 44 44
39 44 173
39 44 68
39 44 37
39 44 94
39 44 121
39 44 75
39 44 200
39 44 188
40 45 18
40 45 58
40 45 87
40 45 32
40 45 118
40 45 163
40 45 138
40 45 112
40 45 82
40 45 180
40 45 152
40 45 28
40 45 101
40 45 89
40 45 171
40 45 75
40 45 57
40 45 170
40 45 159
40 45 186
40 45 185
40 45 170
40 45 23
40 45 118
40 45 121
40 45 120
40 45 173
40 45 31
40 45 198
40 45 121
40 45 29
40 45 197
40 45 9
40 45 60
40 45 138
40 45 73
40 45 95
40 45 154
40 45 23
40 45 49
40 45 27
40 45 145
40 45 50
40 45 86
40 45 102
40 45 146
40 45 130
40 45 21
40 45 158
40 45 18
40 45 4
40 45 156
40 45 26
40 45 31
40 45 116
40 45 96
40 45 66
40 45 99
40 45 33
40 45 75
40 45 44
40 45 196
40 45 85
40 45 157
40 45 190
40 45 107
40 45 160
40 45 122
40 45 156
40 45 133
40 45 10
40 45 187
40 45 185
40 45 1
40 45 51
40 45 108
40 45 18
40 45 29
40 45 154
40 45 17
40 45 23
40 45 137
40 45 36
40 45 151
40 45 154
40 45 195
40 45 136
40 45 3
40 45 164
40 45 80
40 45 46
40 45 129
40 45 178
40 45 102
40 45 64
40 45 116
40 45 21
40 45 102
40 45 194
40 45 28
40 45 20
40 45 178
40 45 159
40 45 190
40 45 71
40 45 135
40 45 56
41 46 133
41 46 139
41 46 177
41 46 143
41 46 83
41 46 126
41 46 136
41 46 112
41 46 83
41 46 107
41 46 93
41 46 185
41 46 192
41 46 146
41 46 30
41 46 85
41 46 89
41 46 161
41 46 146
41 46 134
41 46 149
41 46 25
41 46 115
41 46 62
41 46 10
41 46 46
41 46 24
41 46 88
41 46 110
41 46 43
41 46 34
41 46 5
41 46 78
41 46 162
41 46 164
41 46 46
41 46 115
41 46 132
41 46 6
41 46 78
41 46 98
41 46 140
41 46 111
41 46 60
41 46 18
41 46 153
41 46 133
41 46 24
41 46 87
41 46 39
41 46 101
41 46 198
41 46 191
41 46 162
41 46 10
41 46 72
41 46 82
41 46 2
41 46 111
41 46 15
41 46 30
41 46 106
41 46 4
41 46 132
41 46 67
41 46 17
41 46 169
41 46 148
41 46 52
41 46 50
41 46 131
41 46 197
41 46 188
41 46 39
41 46 98
41 46 7
41 46 80
41 46 94
41 46 157
41 46 2
42 47 126
42 47 156
42 47 169
42 47 100
42 47 75
42 47 136
42 47 164
42 47 75
42 47 199
42 47 40
42 47 90
42 47 119
42 47 58
42 47 7
42 47 10
42 47 23
42 47 7
42 47 57
42 47 3
42 47 122
42 47 151
42 47 176
42 47 195
42 47 61
42 47 137
42 47 112
42 47 33
42 47 35
42 47 150
42 47 46
42 47 108
42 47 75
42 47 26
42 47 197
42 47 64
42 47 159
42 47 169
42 47 104
42 47 118
42 47 126
42 47 140
42 47 199
42 47 121
42 47 12
42 47 168
42 47 199
42 47 96
42 47 137
42 47 82
42 47 128
42 47 197
42 47 78
42 47 130
42 47 109
42 47 1
42 47 55
42 47 71
42 47 44
42 47 177
42 47 152
42 47 80
42 47 74
42 47 181
42 47 193
42 47 92
42 47 193
42 47 54
42 47 180
42 47 175
42 47 138
42 47 60
42 47 27
42 47 94
42 47 196
42 47 98
42 47 133
42 47 57
42 47 135
42 47 145
42 47 65
42 47 76
42 47 91
42 47 114
42 47 106
42 47 190
42 47 99
42 47 68
42 47 32
42 47 60
42 47 175
42 47 152
42 47 189
42 47 125
43 48 111
43 48 23
43 48 139
43 48 18
43 48 139
43 48 98
43 48 196
43 48 114
43 48 196
43 48 165
43 48 41
43 48 123
43 48 74
43 48 127
43 48 10
43 48 89
43 48 7
43 48 52
43 48 150
43 48 94
43 48 124
43 48 148
43 48 98
43 48 167
43 48 58
43 48 158
43 48 92
43 48 164
43 48 131
43 48 87
43 48 8
43 48 27
43 48 127
43 48 187
43 48 62
43 48 70
43 48 93
43 48 172
43 48 100
43 48 195
43 48 152
43 48 7
43 48 15
43 48 10
43 48 3
43 48 38
43 48 95
43 48 23
43 48 32
43 48 173
43 48 8
43 48 119
43 48 71
43 48 113
43 48 103
43 48 74
43 48 153
43 48 133
43 48 102
43 48 185
43 48 168
43 48 114
43 48 134
43 48 171
43 48 56
43 48 166
43 48 86
43 48 93
43 48 100
43 48 181
43 48 20
43 48 182
43 48 71
43 48 157
43 48 168
43 48 95
43 48 26
43 48 41
43 48 174
43 48 167
43 48 34
43 48 158
43 48 107
43 48 67
43 48 102
43 48 126
43 48 20
43 48 70
43 48 188
43 48 180
43 48 179
43 48 85
43 48 35
44 49 5
44 49 172
44 49 156
44 49 9
44 49 142
44 49 30
44 49 66
44 49 137
44 49 101
44 49 138
44 49 76
44 49 28
44 49 67
44 49 52
44 49 67
44 49 18
44 49 85
44 49 136
44 49 168
44 49 94
44 49 108
44 49 68
44 49 167
44 49 158
44 49 84
44 49 2
44 49 41
44 49 98
44 49 96
44 49 100
44 49 90
44 49 192
44 49 118
44 49 107
44 49 55
44 49 113
44 49 9
44 49 185
44 49 58
44 49 41
44 49 185
44 49 98
44 49 56
44 49 120
44 49 75
44 49 199
44 49 30
44 49 126
44 49 78
44 49 130
44 49 144
44 49 67
44 49 140
44 49 117
44 49 133
44 49 157
44 49 100
44 49 111
44 49 198
44 49 72
44 49 125
44 49 43
44 49 49
44 49 41
44 49 164
44 49 33
44 49 121
44 49 174
44 49 115
44 49 38
44 49 183
44 49 169
44 49 14
44 49 88
44 49 78
44 49 127
44 49 100
44 49 185
44 49 15
44 49 127
44 49 32
44 49 53
44 49 83
44 49 52
44 49 22
44 49 191
44 49 2
44 49 127
44 49 98
44 49 14
44 49 53
44 49 186
44 49 100
44 49 141
44 49 114
44 49 192
44 49 131
44 49 189
44 49 27
44 49 52
45 50 67
45 50 178
45 50 26
45 50 162
45 50 40
45 50 109
45 50 191
45 50 178
45 50 106
45 50 80
45 50 37
45 50 171
45 50 18
45 50 148
45 50 167
45 50 181
45 50 185
45 50 157
45 50 90
45 50 65
45 50 61
45 50 117
45 50 82
45 50 144
45 50 57
45 50 165
45 50 191
45 50 88
45 50 32
45 50 51
45 50 67
45 50 143
45 50 178
45 50 44
45 50 69
45 50 113
45 50 159
45 50 91
45 50 41
45 50 117
45 50 101
45 50 182
45 50 166
45 50 13
45 50 8
45 50 32
45 50 173
45 50 42
45 50 17
45 50 28
45 50 67
45 50 72
45 50 14
45 50 193
45 50 163
45 50 154
45 50 147
45 50 49
45 50 185
45 50 141
45 50 195
45 50 176
45 50 85
45 50 112
45 50 184
45 50 73
45 50 164
45 50 34
45 50 115
45 50 40
45 50 63
45 50 74
45 50 36
45 50 48
45 50 29
45 50 139
45 50 91
45 50 122
45 50 132
45 50 58
45 50 44
45 50 13
45 50 21
45 50 158
45 50 20
45 50 50
45 50 126
45 50 81
45 50 2
45 50 17
45 50 173
45 50 88
45 50 110
45 50 58
45 50 166
45 50 52
45 50 190
45 50 178
45 50 192
45 50 102
46 51 131
46 51 93
46 51 155
46 51 16
46 51 177
46 51 4
46 51 94
46 51 2
46 51 156
46 51 77
46 51 160
46 51 178
46 51 58
46 51 59
46 51 52
46 51 108
46 51 20
46 51 200
46 51 15
46 51 110
46 51 131
46 51 8
46 51 144
46 51 174
46 51 177
46 51 49
46 51 168
46 51 63
46 51 164
46 51 35
46 51 84
46 51 97
46 51 63
46 51 88
46 51 30
46 51 64
46 51 195
46 51 58
46 51 159
46 51 164
46 51 71
46 51 153
46 51 197
46 51 36
46 51 168
46 51 129
46 51 123
46 51 66
46 51 62
46 51 171
46 51 26
46 51 131
46 51 104
46 51 112
46 51 101
46 51 33
46 51 26
46 51 146
46 51 83
46 51 193
46 51 180
46 51 187
46 51 156
46 51 22
46 51 18
46 51 73
46 51 193
46 51 100
46 51 75
46 51 141
46 51 125
46 51 4
46 51 157
46 51 27
46 51 12
46 51 19
46 51 106
46 51 72
46 51 178
46 51 22
46 51 171
46 51 34
46 51 83
46 51 151
46 51 67
46 51 161
46 51 60
46 51 166
46 51 4
46 51 181
46 51 166
46 51 14
46 51 158
46 51 170
46 51 111
46 51 119
46 51 164
46 51 29
46 51 31
46 51 54
46 51 187
46 51 3
46 51 128
46 51 188
46 51 14
46 51 169
46 51 104
46 51 32
46 51 68
46 51 2
47 52 69
47 52 180
47 52 26
47 52 93
47 52 23
47 52 190
47 52 5
47 52 107
47 52 61
47 52 20
47 52 89
47 52 163
47 52 79
47 52 35
47 52 74
47 52 102
47 52 179
47 52 37
47 52 100
47 52 77
47 52 171
47 52 78
47 52 160
47 52 155
47 52 87
47 52 165
47 52 80
47 52 40
47 52 131
47 52 151
47 52 149
47 52 9
47 52 196
47 52 198
47 52 188
47 52 123
47 52 71
47 52 100
47 52 45
47 52 74
47 52 24
47 52 8
47 52 141
47 52 107
47 52 63
47 52 95
47 52 128
47 52 189
47 52 42
47 52 99
47 52 171
47 52 34
47 52 193
47 52 69
47 52 198
47 52 35
47 52 61
47 52 192
47 52 131
47 52 21
47 52 15
47 52 38
47 52 90
47 52 146
47 52 154
47 52 119
47 52 116
47 52 134
47 52 187
47 52 51
47 52 134
47 52 1
47 52 70
47 52 23
47 52 71
47 52 141
47 52 29
47 52 24
47 52 61
47 52 64
47 52 2
47 52 27
47 52 32
47 52 101
47 52 129
47 52 15
47 52 169
47 52 188
48 53 194
48 53 118
48 53 15
48 53 184
48 53 10
48 53 168
48 53 134
48 53 74
48 53 95
48 53 107
48 53 32
48 53 19
48 53 79
48 53 103
48 53 128
48 53 192
48 53 177
48 53 51
48 53 142
48 53 182
48 53 80
48 53 113
48 53 115
48 53 14
48 53 111
48 53 183
48 53 177
48 53 40
48 53 172
48 53 170
48 53 199
48 53 116
48 53 142
48 53 91
48 53 200
48 53 44
48 53 60
48 53 99
48 53 40
48 53 48
48 53 115
48 53 157
48 53 181
48 53 127
48 53 200
48 53 98
48 53 125
48 53 5
48 53 32
48 53 92
48 53 42
48 53 51
48 53 143
48 53 190
48 53 17
48 53 116
48 53 25
48 53 92
48 53 44
48 53 68
48 53 78
48 53 23
48 53 189
48 53 137
48 53 128
48 53 93
48 53 173
48 53 46
48 53 6
48 53 118
48 53 200
48 53 13
48 53 104
48 53 84
48 53 170
48 53 188
48 53 192
48 53 148
48 53 11
48 53 98
48 53 39
48 53 79
48 53 108
48 53 7
48 53 91
48 53 46
48 53 104
48 53 14
48 53 189
48 53 29
48 53 164
48 53 162
49 54 33
49 54 188
49 54 28
49 54 23
49 54 106
49 54 85
49 54 184
49 54 31
49 54 125
49 54 70
49 54 86
49 54 30
49 54 176
49 54 147
49 54 74
49 54 191
49 54 59
49 54 14
49 54 73
49 54 121
49 54 148
49 54 17
49 54 158
49 54 126
49 54 25
49 54 164
49 54 105
49 54 128
49 54 75
49 54 173
49 54 93
49 54 61
49 54 129
49 54 47
49 54 162
49 54 173
49 54 127
49 54 137
49 54 20
49 54 79
49 54 113
49 54 151
49 54 69
49 54 134
49 54 115
49 54 196
49 54 154
49 54 178
49 54 191
49 54 173
49 54 89
49 54 58
49 54 191
49 54 180
49 54 116
49 54 199
49 54 134
49 54 62
49 54 145
49 54 37
49 54 11
49 54 25
49 54 160
49 54 155
49 54 108
49 54 63
49 54 182
49 54 47
49 54 36
49 54 116
49 54 67
49 54 131
49 54 117
49 54 55
49 54 108
49 54 30
49 54 143
49 54 174
49 54 149
49 54 110
49 54 99
49 54 112
49 54 26
49 54 161
49 54 23
49 54 96
49 54 126
49 54 66
49 54 128
49 54 36
49 54 68
49 54 161
49 54 173
49 54 81
49 54 79
49 54 50
49 54 86
49 54 170
49 54 131
49 54 92
49 54 164
49 54 148
49 54 9
49 54 102
49 54 179
50 55 175
50 55 45
50 55 134
50 55 52
50 55 181
50 55 13
50 55 150
50 55 152
50 55 181
50 55 174
50 55 140
50 55 111
50 55 100
50 55 95
50 55 145
50 55 102
50 55 110
50 55 175
50 55 74
50 55 68
50 55 189
50 55 38
50 55 139
50 55 31
50 55 119
50 55 15
50 55 62
50 55 195
50 55 51
50 55 155
50 55 27
50 55 41
50 55 10
50 55 166
50 55 36
50 55 120
50 55 146
50 55 200
50 55 49
50 55 102
50 55 199
50 55 78
50 55 195
50 55 102
50 55 172
50 55 70
50 55 68
50 55 179
50 55 83
50 55 29
50 55 101
50 55 188
50 55 171
50 55 191
50 55 25
50 55 165
50 55 187
50 55 124
50 55 7
50 55 165
50 55 5
50 55 163
50 55 81
50 55 81
50 55 130
50 55 115
50 55 145
50 55 138
50 55 187
50 55 147
50 55 106
50 55 22
50 55 198
50 55 154
50 55 135
50 55 169
50 55 50
50 55 12
50 55 153
50 55 47
50 55 137
50 55 191
50 55 8
50 55 141
50 55 170
50 55 95
50 55 199
50 55 44
50 55 102
50 55 118
50 55 84
50 55 107
50 55 79
51 56 135
51 56 114
51 56 59
51 56 175
51 56 23
51 56 121
51 56 170
51 56 108
51 56 43
51 56 93
51 56 57
51 56 92
51 56 195
51 56 12
51 56 144
51 56 149
51 56 10
51 56 35
51 56 134
51 56 16
51 56 92
51 56 127
51 56 49
51 56 125
51 56 59
51 56 17
51 56 70
51 56 146
51 56 49
51 56 84
51 56 104
51 56 13
51 56 48
51 56 47
51 56 138
51 56 136
51 56 161
51 56 161
51 56 24
51 56 177
51 56 195
51 56 86
51 56 185
51 56 107
51 56 102
51 56 57
51 56 187
51 56 20
51 56 151
51 56 134
51 56 62
51 56 29
51 56 191
51 56 183
51 56 126
51 56 181
51 56 64
51 56 111
51 56 34
51 56 13
51 56 70
51 56 52
51 56 107
51 56 164
51 56 55
51 56 36
51 56 114
51 56 145
51 56 148
51 56 84
51 56 164
51 56 62
51 56 81
51 56 46
51 56 69
51 56 68
51 56 25
51 56 198
51 56 167
51 56 143
51 56 33
51 56 61
51 56 107
51 56 117
51 56 162
51 56 187
51 56 189
51 56 141
51 56 164
51 56 65
51 56 188
51 56 76
51 56 14
51 56 97
51 56 175
51 56 185
51 56 150
51 56 195
51 56 125
51 56 42
51 56 181
51 56 134
51 56 11
51 56 40
51 56 68
51 56 184
51 56 23
51 56 115
51 56 129
51 56 185
51 56 135
51 56 78
52 57 136
52 57 56
52 57 170
52 57 194
52 57 38
52 57 146
52 57 172
52 57 184
52 57 44
52 57 183
52 57 94
52 57 54
52 57 134
52 57 65
52 57 19
52 57 89
52 57 122
52 57 118
52 57 137
52 57 82
52 57 45
52 57 97
52 57 103
52 57 33
52 57 25
52 57 36
52 57 37
52 57 99
52 57 139
52 57 74
52 57 131
52 57 108
52 57 116
52 57 40
52 57 59
52 57 181
52 57 25
52 57 182
52 57 190
52 57 182
52 57 15
52 57 151
52 57 170
52 57 132
52 57 166
52 57 79
52 57 95
52 57 69
52 57 5
52 57 88
52 57 112
52 57 154
52 57 122
52 57 190
52 57 11
52 57 195
52 57 52
52 57 86
52 57 200
52 57 177
52 57 108
52 57 47
52 57 58
52 57 200
52 57 35
52 57 137
52 57 95
52 57 70
52 57 164
52 57 143
52 57 165
52 57 54
52 57 176
52 57 114
52 57 196
52 57 196
52 57 18
52 57 163
52 57 158
52 57 62
52 57 55
52 57 123
52 57 91
52 57 109
52 57 62
52 57 115
52 57 16
52 57 120
52 57 6
52 57 28
52 57 13
52 57 99
52 57 18
52 57 23
52 57 62
52 57 194
52 57 159
52 57 117
52 57 66
52 57 80
52 57 131
52 57 120
52 57 75
53 58 47
53 58 25
53 58 46
53 58 119
53 58 97
53 58 169
53 58 101
53 58 1
53 58 114
53 58 122
53 58 125
53 58 153
53 58 17
53 58 190
53 58 177
53 58 21
53 58 91
53 58 140
53 58 167
53 58 200
53 58 7
53 58 195
53 58 127
53 58 129
53 58 24
53 58 13
53 58 184
53 58 193
53 58 118
53 58 158
53 58 78
53 58 139
53 58 192
53 58 92
53 58 95
53 58 176
53 58 184
53 58 55
53 58 69
53 58 117
53 58 46
53 58 84
53 58 115
53 58 72
53 58 38
53 58 186
53 58 51
53 58 74
53 58 77
53 58 192
53 58 37
53 58 188
53 58 183
53 58 190
53 58 192
53 58 75
53 58 66
53 58 87
53 58 192
53 58 141
53 58 195
53 58 165
53 58 46
53 58 124
53 58 108
53 58 34
53 58 102
53 58 193
53 58 42
53 58 125
53 58 40
53 58 156
53 58 156
53 58 71
53 58 40
53 58 191
53 58 149
53 58 118
53 58 174
53 58 79
53 58 150
53 58 2
53 58 96
53 58 86
53 58 13
53 58 33
53 58 153
53 58 53
53 58 8
53 58 56
53 58 90
53 58 198
53 58 11
53 58 70
53 58 196
53 58 27
53 58 148
53 58 35
53 58 186
53 58 124
54 59 76
54 59 200
54 59 60
54 59 117
54 59 13
54 59 34
54 59 177
54 59 43
54 59 158
54 59 84
54 59 44
54 59 171
54 59 144
54 59 132
54 59 106
54 59 2
54 59 24
54 59 181
54 59 90
54 59 59
54 59 114
54 59 157
54 59 56
54 59 101
54 59 193
54 59 129
54 59 160
54 59 46
54 59 57
54 59 180
54 59 35
54 59 2
54 59 14
54 59 101
54 59 186
54 59 87
54 59 62
54 59 188
54 59 164
54 59 65
54 59 72
54 59 31
54 59 143
54 59 11
54 59 29
54 59 57
54 59 89
54 59 109
54 59 110
54 59 47
54 59 96
54 59 181
54 59 153
54 59 32
54 59 87
54 59 30
54 59 77
54 59 110
54 59 14
54 59 71
54 59 56
54 59 46
54 59 4
54 59 12
54 59 189
54 59 173
54 59 20
54 59 69
54 59 125
54 59 77
54 59 128
54 59 185
54 59 7
54 59 174
54 59 198
54 59 113
54 59 11
54 59 18
54 59 45
54 59 48
54 59 149
54 59 81
54 59 16
54 59 118
54 59 48
54 59 42
54 59 184
54 59 179
54 59 164
54 59 44
54 59 68
54 59 51
54 59 187
54 59 33
54 59 9
54 59 111
54 59 56
54 59 86
54 59 100
54 59 88
54 59 179
54 59 90
54 59 28
54 59 100
54 59 108
54 59 141
55 60 135
55 60 183
55 60 197
55 60 160
55 60 145
55 60 101
55 60 143
55 60 166
55 60 6
55 60 35
55 60 18
55 60 115
55 60 93
55 60 154
55 60 79
55 60 94
55 60 68
55 60 136
55 60 17
55 60 55
55 60 39
55 60 198
55 60 122
55 60 94
55 60 74
55 60 190
55 60 102
55 60 51
55 60 137
55 60 85
55 60 150
55 60 55
55 60 63
55 60 176
55 60 125
55 60 44
55 60 44
55 60 160
55 60 95
55 60 126
55 60 138
55 60 60
55 60 118
55 60 5
55 60 166
55 60 181
55 60 3
55 60 57
55 60 138
55 60 71
55 60 94
55 60 136
55 60 198
55 60 72
55 60 1
55 60 119
55 60 181
55 60 91
55 60 59
55 60 46
55 60 60
55 60 22
55 60 35
55 60 17
55 60 175
55 60 79
55 60 177
55 60 191
55 60 23
55 60 91
55 60 192
55 60 89
55 60 140
55 60 139
55 60 96
55 60 38
55 60 136
55 60 44
55 60 39
55 60 5
55 60 187
55 60 67
55 60 20
55 60 20
55 60 84
55 60 182
55 60 18
55 60 108
55 60 46
55 60 171
55 60 96
55 60 133
55 60 157
55 60 36
55 60 129
55 60 42
55 60 87
56 61 61
56 61 10
56 61 146
56 61 7
56 61 154
56 61 43
56 61 32
56 61 100
56 61 133
56 61 68
56 61 182
56 61 153
56 61 40
56 61 4
56 61 55
56 61 164
56 61 26
56 61 176
56 61 190
56 61 134
56 61 117
56 61 191
56 61 178
56 61 10
56 61 42
56 61 94
56 61 96
56 61 199
56 61 86
56 61 192
56 61 10
56 61 69
56 61 130
56 61 107
56 61 54
56 61 71
56 61 52
56 61 44
56 61 35
56 61 131
56 61 70
56 61 188
56 61 123
56 61 112
56 61 65
56 61 172
56 61 142
56 61 71
56 61 186
56 61 184
56 61 158
56 61 191
56 61 163
56 61 179
56 61 56
56 61 131
56 61 196
56 61 108
56 61 169
56 61 88
56 61 116
56 61 5
56 61 173
56 61 8
56 61 182
56 61 155
56 61 31
56 61 12
56 61 36
56 61 111
56 61 154
56 61 1
56 61 73
56 61 116
56 61 66
56 61 2
56 61 101
56 61 66
56 61 152
56 61 103
56 61 111
56 61 106
56 61 127
56 61 194
56 61 79
56 61 102
56 61 23
56 61 84
56 61 88
56 61 70
56 61 6
56 61 185
56 61 41
56 61 92
56 61 200
56 61 18
56 61 192
56 61 66
57 62 167
57 62 97
57 62 25
57 62 16
57 62 92
57 62 20
57 62 196
57 62 147
57 62 11
57 62 31
57 62 69
57 62 14
57 62 105
57 62 163
57 62 188
57 62 192
57 62 24
57 62 199
57 62 114
57 62 188
57 62 17
57 62 194
57 62 140
57 62 123
57 62 52
57 62 101
57 62 118
57 62 109
57 62 26
57 62 93
57 62 61
57 62 42
57 62 13
57 62 119
57 62 200
57 62 187
57 62 189
57 62 90
57 62 40
57 62 186
57 62 50
57 62 149
57 62 138
57 62 122
57 62 166
57 62 141
57 62 180
57 62 102
57 62 120
57 62 33
57 62 120
57 62 177
57 62 40
57 62 89
57 62 58
57 62 8
57 62 41
57 62 5
57 62 13
57 62 34
57 62 69
57 62 163
57 62 29
57 62 118
57 62 119
57 62 15
57 62 113
57 62 15
57 62 51
57 62 41
57 62 71
57 62 95
57 62 24
57 62 81
57 62 17
57 62 74
57 62 84
57 62 115
57 62 185
57 62 183
57 62 59
57 62 48
57 62 57
57 62 92
57 62 67
57 62 22
57 62 172
57 62 111
57 62 107
57 62 199
57 62 28
57 62 189
57 62 111
57 62 159
57 62 73
57 62 158
57 62 179
57 62 144
58 63 143
58 63 110
58 63 150
58 63 106
58 63 12
58 63 113
58 63 140
58 63 97
58 63 103
58 63 153
58 63 79
58 63 138
58 63 13
58 63 20
58 63 181
58 63 200
58 63 116
58 63 113
58 63 65
58 63 176
58 63 73
58 63 156
58 63 54
58 63 111
58 63 167
58 63 60
58 63 183
58 63 183
58 63 134
58 63 30
58 63 51
58 63 198
58 63 4
58 63 185
58 63 39
58 63 141
58 63 125
58 63 189
58 63 67
58 63 189
58 63 137
58 63 192
58 63 82
58 63 109
58 63 200
58 63 174
58 63 123
58 63 23
58 63 186
58 63 189
58 63 39
58 63 174
58 63 130
58 63 46
58 63 56
58 63 169
58 63 165
58 63 102
58 63 45
58 63 121
58 63 37
58 63 98
58 63 104
58 63 153
58 63 127
58 63 178
58 63 116
58 63 88
58 63 27
58 63 44
58 63 11
58 63 33
58 63 37
58 63 66
58 63 152
58 63 74
58 63 132
58 63 99
58 63 47
58 63 43
58 63 10
58 63 32
58 63 59
58 63 132
58 63 159
58 63 127
58 63 130
58 63 88
58 63 115
58 63 19
58 63 11
58 63 93
58 63 85
58 63 176
58 63 153
58 63 60
58 63 65
58 63 172
58 63 82
58 63 148
58 63 10
58 63 138
59 64 49
59 64 146
59 64 176
59 64 179
59 64 141
59 64 32
59 64 26
59 64 106
59 64 38
59 64 137
59 64 61
59 64 89
59 64 99
59 64 94
59 64 9
59 64 1
59 64 28
59 64 146
59 64 32
59 64 199
59 64 1
59 64 154
59 64 130
59 64 43
59 64 31
59 64 199
59 64 66
59 64 64
59 64 168
59 64 9
59 64 113
59 64 51
59 64 189
59 64 70
59 64 47
59 64 80
59 64 160
59 64 47
59 64 174
59 64 182
59 64 161
59 64 142
59 64 121
59 64 152
59 64 89
59 64 123
59 64 64
59 64 28
59 64 67
59 64 33
59 64 93
59 64 103
59 64 33
59 64 26
59 64 122
59 64 79
59 64 174
59 64 77
59 64 30
59 64 42
59 64 27
59 64 106
59 64 50
59 64 197
59 64 29
59 64 131
59 64 34
59 64 161
59 64 183
59 64 26
59 64 74
59 64 82
59 64 11
59 64 92
59 64 184
59 64 41
59 64 77
59 64 32
59 64 29
59 64 181
59 64 150
59 64 36
59 64 69
59 64 184
59 64 119
60 65 178
60 65 193
60 65 60
60 65 145
60 65 189
60 65 141
60 65 48
60 65 18
60 65 111
60 65 35
60 65 41
60 65 62
60 65 77
60 65 33
60 65 35
60 65 38
60 65 181
60 65 103
60 65 22
60 65 167
60 65 160
60 65 176
60 65 139
60 65 106
60 65 25
60 65 118
60 65 182
60 65 91
60 65 179
60 65 25
60 65 17
60 65 17
60 65 90
60 65 68
60 65 75
60 65 18
60 65 39
60 65 102
60 65 200
60 65 15
60 65 159
60 65 123
60 65 29
60 65 123
60 65 111
60 65 30
60 65 149
60 65 144
60 65 131
60 65 170
60 65 47
60 65 53
60 65 47
60 65 185
60 65 189
60 65 187
60 65 90
60 65 138
60 65 149
60 65 178
60 65 3
60 65 88
60 65 133
60 65 65
60 65 40
60 65 88
60 65 94
60 65 137
60 65 6
60 65 133
60 65 94
60 65 170
60 65 22
60 65 88
60 65 110
60 65 179
60 65 69
60 65 54
60 65 122
60 65 25
60 65 11
60 65 6
60 65 57
60 65 177
60 65 122
60 65 78
60 65 175
60 65 116
60 65 116
60 65 90
60 65 35
60 65 142
60 65 191
60 65 94
60 65 9
60 65 48
60 65 112
60 65 106
60 65 57
61 66 168
61 66 89
61 66 65
61 66 12
61 66 9
61 66 18
61 66 15
61 66 8
61 66 14
61 66 182
61 66 85
61 66 80
61 66 128
61 66 126
61 66 109
61 66 137
61 66 93
61 66 32
61 66 50
61 66 18
61 66 115
61 66 124
61 66 141
61 66 15
61 66 53
61 66 77
61 66 117
61 66 193
61 66 187
61 66 102
61 66 21
61 66 72
61 66 169
61 66 42
61 66 96
61 66 10
61 66 170
61 66 36
61 66 67
61 66 112
61 66 3
61 66 54
61 66 138
61 66 154
61 66 69
61 66 132
61 66 166
61 66 108
61 66 13
61 66 15
61 66 63
61 66 54
61 66 151
61 66 197
61 66 118
61 66 44
61 66 181
61 66 184
61 66 108
61 66 142
61 66 72
61 66 96
61 66 151
61 66 92
61 66 200
61 66 135
61 66 139
61 66 40
61 66 178
61 66 45
61 66 165
61 66 103
61 66 152
61 66 79
61 66 67
61 66 86
61 66 163
61 66 153
61 66 186
61 66 101
61 66 58
61 66 63
61 66 142
61 66 3
61 66 35
61 66 149
61 66 80
61 66 38
61 66 80
61 66 74
61 66 81
61 66 159
61 66 49
61 66 133
61 66 28
61 66 139
61 66 123
61 66 41
61 66 60
61 66 183
61 66 199
61 66 113
61 66 64
61 66 115
61 66 178
61 66 61
61 66 30
61 66 151
61 66 60
61 66 81
61 66 122
61 66 111
61 66 150
61 66 41
61 66 181
62 67 164
62 67 181
62 67 12
62 67 15
62 67 2
62 67 194
62 67 195
62 67 109
62 67 33
62 67 126
62 67 94
62 67 183
62 67 94
62 67 149
62 67 62
62 67 94
62 67 197
62 67 50
62 67 138
62 67 154
62 67 24
62 67 32
62 67 38
62 67 12
62 67 40
62 67 22
62 67 66
62 67 91
62 67 170
62 67 149
62 67 172
62 67 147
62 67 7
62 67 18
62 67 69
62 67 197
62 67 195
62 67 56
62 67 82
62 67 134
62 67 195
62 67 65
62 67 190
62 67 161
62 67 140
62 67 114
62 67 167
62 67 111
62 67 72
62 67 81
62 67 109
62 67 200
62 67 184
62 67 41
62 67 79
62 67 187
62 67 74
62 67 80
62 67 20
62 67 101
62 67 132
62 67 125
62 67 195
62 67 182
62 67 61
62 67 64
62 67 93
62 67 122
62 67 164
62 67 94
62 67 61
62 67 195
62 67 20
62 67 140
62 67 106
62 67 43
62 67 159
62 67 39
62 67 78
62 67 113
62 67 106
62 67 34
62 67 168
62 67 99
62 67 200
62 67 29
62 67 104
62 67 170
62 67 76
62 67 85
62 67 143
62 67 174
62 67 11
62 67 21
62 67 161
62 67 5
62 67 173
62 67 143
62 67 154
62 67 167
62 67 63
62 67 64
62 67 186
63 68 95
63 68 140
63 68 167
63 68 147
63 68 32
63 68 157
63 68 105
63 68 105
63 68 19
63 68 99
63 68 193
63 68 176
63 68 46
63 68 134
63 68 71
63 68 11
63 68 36
63 68 158
63 68 18
63 68 73
63 68 60
63 68 112
63 68 40
63 68 147
63 68 117
63 68 10
63 68 196
63 68 121
63 68 67
63 68 136
63 68 180
63 68 21
63 68 7
63 68 38
63 68 161
63 68 178
63 68 184
63 68 49
63 68 56
63 68 175
63 68 116
63 68 23
63 68 25
63 68 73
63 68 167
63 68 108
63 68 108
63 68 9
63 68 77
63 68 9
63 68 27
63 68 70
63 68 139
63 68 144
63 68 19
63 68 55
63 68 181
63 68 9
63 68 37
63 68 32
63 68 178
63 68 18
63 68 2
63 68 175
63 68 99
63 68 67
63 68 53
63 68 13
63 68 151
63 68 131
63 68 170
63 68 146
63 68 75
63 68 16
63 68 135
63 68 73
63 68 90
63 68 107
63 68 180
63 68 97
63 68 115
63 68 161
63 68 26
63 68 72
63 68 98
63 68 88
63 68 120
63 68 1
63 68 191
63 68 63
63 68 145
63 68 44
63 68 197
63 68 14
63 68 80
63 68 155
63 68 71
63 68 70
63 68 76
63 68 35
63 68 132
63 68 147
63 68 118
63 68 92
63 68 145
63 68 130
64 69 21
64 69 139
64 69 53
64 69 39
64 69 106
64 69 30
64 69 57
64 69 46
64 69 65
64 69 41
64 69 135
64 69 152
64 69 177
64 69 23
64 69 144
64 69 186
64 69 196
64 69 152
64 69 57
64 69 161
64 69 191
64 69 157
64 69 23
64 69 56
64 69 158
64 69 104
64 69 110
64 69 51
64 69 46
64 69 172
64 69 77
64 69 107
64 69 91
64 69 52
64 69 105
64 69 117
64 69 138
64 69 38
64 69 33
64 69 19
64 69 97
64 69 79
64 69 61
64 69 69
64 69 198
64 69 72
64 69 128
64 69 29
64 69 39
64 69 126
64 69 41
64 69 177
64 69 147
64 69 163
64 69 185
64 69 11
64 69 89
64 69 172
64 69 119
64 69 80
64 69 6
64 69 16
64 69 78
64 69 139
64 69 115
64 69 3
64 69 107
64 69 114
64 69 5
64 69 38
64 69 200
64 69 16
64 69 200
64 69 64
64 69 112
64 69 110
64 69 17
64 69 130
64 69 33
64 69 96
64 69 156
64 69 134
64 69 164
64 69 12
64 69 90
64 69 113
65 70 18
65 70 187
65 70 68
65 70 90
65 70 53
65 70 88
65 70 15
65 70 91
65 70 5
65 70 53
65 70 132
65 70 28
65 70 163
65 70 1
65 70 185
65 70 50
65 70 109
65 70 160
65 70 162
65 70 30
65 70 95
65 70 28
65 70 46
65 70 157
65 70 64
65 70 194
65 70 173
65 70 53
65 70 123
65 70 18
65 70 40
65 70 15
65 70 166
65 70 120
65 70 64
65 70 60
65 70 45
65 70 175
65 70 187
65 70 50
65 70 190
65 70 84
65 70 109
65 70 199
65 70 4
65 70 65
65 70 19
65 70 160
65 70 52
65 70 170
65 70 173
65 70 157
65 70 162
65 70 102
65 70 67
65 70 28
65 70 57
65 70 128
65 70 131
65 70 197
65 70 72
65 70 62
65 70 152
65 70 13
65 70 139
65 70 185
65 70 74
65 70 156
65 70 157
65 70 70
65 70 28
65 70 112
65 70 101
65 70 31
65 70 73
65 70 166
65 70 79
65 70 81
65 70 13
65 70 156
65 70 141
65 70 98
65 70 159
65 70 143
65 70 193
65 70 124
65 70 44
65 70 91
65 70 173
65 70 5
65 70 159
65 70 131
65 70 54
66 71 179
66 71 156
66 71 91
66 71 26
66 71 65
66 71 30
66 71 175
66 71 149
66 71 156
66 71 77
66 71 2
66 71 116
66 71 102
66 71 21
66 71 96
66 71 166
66 71 138
66 71 179
66 71 77
66 71 111
66 71 167
66 71 167
66 71 106
66 71 104
66 71 127
66 71 131
66 71 184
66 71 101
66 71 1
66 71 133
66 71 168
66 71 167
66 71 62
66 71 28
66 71 147
66 71 185
66 71 192
66 71 99
66 71 129
66 71 140
66 71 33
66 71 28
66 71 175
66 71 150
66 71 111
66 71 170
66 71 161
66 71 123
66 71 176
66 71 96
66 71 19
66 71 133
66 71 129
66 71 62
66 71 159
66 71 191
66 71 53
66 71 95
66 71 159
66 71 185
66 71 168
66 71 10
66 71 129
66 71 39
66 71 34
66 71 88
66 71 125
66 71 64
66 71 59
66 71 120
66 71 191
66 71 195
66 71 150
66 71 77
66 71 40
66 71 51
66 71 125
66 71 71
66 71 139
66 71 171
66 71 2
66 71 152
66 71 52
66 71 86
66 71 14
66 71 151
66 71 103
66 71 175
66 71 101
66 71 77
66 71 168
66 71 168
66 71 194
67 72 200
67 72 58
67 72 165
67 72 196
67 72 174
67 72 87
67 72 130
67 72 108
67 72 97
67 72 23
67 72 82
67 72 120
67 72 32
67 72 156
67 72 200
67 72 18
67 72 98
67 72 197
67 72 92
67 72 151
67 72 136
67 72 196
67 72 124
67 72 56
67 72 23
67 72 119
67 72 142
67 72 123
67 72 97
67 72 85
67 72 53
67 72 60
67 72 195
67 72 124
67 72 188
67 72 92
67 72 25
67 72 96
67 72 68
67 72 174
67 72 14
67 72 24
67 72 92
67 72 47
67 72 25
67 72 64
67 72 16
67 72 141
67 72 79
67 72 54
67 72 62
67 72 30
67 72 174
67 72 142
67 72 125
67 72 39
67 72 184
67 72 14
67 72 69
67 72 98
67 72 171
67 72 60
67 72 35
67 72 189
67 72 195
67 72 180
67 72 35
67 72 182
67 72 103
67 72 158
67 72 77
67 72 172
67 72 29
67 72 30
67 72 34
67 72 69
67 72 163
67 72 152
67 72 63
67 72 73
67 72 129
67 72 147
67 72 23
67 72 16
67 72 123
67 72 100
67 72 155
67 72 85
67 72 195
67 72 34
67 72 73
67 72 118
67 72 69
67 72 28
67 72 83
67 72 67
67 72 123
67 72 144
67 72 114
67 72 42
67 72 100
68 73 20
68 73 136
68 73 164
68 73 92
68 73 36
68 73 60
68 73 155
68 73 149
68 73 98
68 73 158
68 73 77
68 73 68
68 73 112
68 73 64
68 73 136
68 73 165
68 73 36
68 73 184
68 73 146
68 73 178
68 73 179
68 73 135
68 73 72
68 73 77
68 73 42
68 73 24
68 73 145
68 73 123
68 73 27
68 73 60
68 73 91
68 73 43
68 73 102
68 73 95
68 73 59
68 73 114
68 73 184
68 73 51
68 73 49
68 73 146
68 73 174
68 73 134
68 73 30
68 73 103
68 73 35
68 73 27
68 73 4
68 73 133
68 73 29
68 73 111
68 73 18
68 73 168
68 73 182
68 73 9
68 73 6
68 73 41
68 73 3
68 73 161
68 73 86
68 73 102
68 73 39
68 73 186
68 73 36
68 73 7
68 73 50
68 73 188
68 73 140
68 73 106
68 73 7
68 73 127
68 73 90
68 73 172
68 73 79
68 73 81
68 73 46
68 73 142
68 73 5
68 73 13
68 73 138
68 73 159
68 73 133
68 73 57
68 73 109
68 73 92
68 73 193
68 73 41
68 73 37
68 73 163
68 73 167
68 73 63
68 73 36
68 73 200
68 73 6
68 73 100
68 73 176
68 73 119
68 73 18
68 73 104
68 73 73
68 73 112
68 73 41
68 73 172
68 73 191
68 73 171
68 73 83
68 73 165
68 73 153
68 73 71
68 73 82
68 73 114
68 73 93
68 73 187
69 74 178
69 74 43
69 74 41
69 74 11
69 74 127
69 74 109
69 74 151
69 74 60
69 74 154
69 74 112
69 74 35
69 74 17
69 74 122
69 74 178
69 74 100
69 74 56
69 74 117
69 74 189
69 74 71
69 74 142
69 74 185
69 74 116
69 74 172
69 74 60
69 74 18
69 74 101
69 74 19
69 74 74
69 74 88
69 74 77
69 74 148
69 74 141
69 74 196
69 74 144
69 74 87
69 74 28
69 74 185
69 74 159
69 74 58
69 74 182
69 74 145
69 74 62
69 74 176
69 74 190
69 74 191
69 74 54
69 74 24
69 74 99
69 74 121
69 74 169
69 74 71
69 74 84
69 74 1
69 74 36
69 74 141
69 74 137
69 74 154
69 74 22
69 74 16
69 74 111
69 74 80
69 74 130
69 74 3
69 74 115
69 74 185
69 74 147
69 74 134
69 74 28
69 74 125
69 74 177
69 74 34
69 74 21
69 74 44
69 74 174
69 74 91
69 74 39
69 74 27
69 74 87
69 74 96
69 74 82
69 74 14
69 74 33
69 74 117
69 74 60
69 74 130
69 74 189
69 74 103
69 74 32
69 74 138
69 74 19
69 74 117
69 74 120
69 74 176
69 74 184
69 74 134
69 74 38
69 74 150
69 74 137
69 74 3
69 74 58
69 74 139
69 74 119
69 74 78
69 74 69
69 74 4
69 74 179
69 74 171
69 74 169
69 74 191
69 74 175
70 75 26
70 75 99
70 75 118
70 75 104
70 75 164
70 75 52
70 75 170
70 75 93
70 75 63
70 75 179
70 75 94
70 75 96
70 75 34
70 75 89
70 75 147
70 75 82
70 75 156
70 75 85
70 75 87
70 75 113
70 75 5
70 75 193
70 75 54
70 75 150
70 75 180
70 75 7
70 75 69
70 75 41
70 75 23
70 75 42
70 75 11
70 75 141
70 75 28
70 75 160
70 75 156
70 75 28
70 75 88
70 75 134
70 75 168
70 75 11
70 75 83
70 75 80
70 75 60
70 75 137
70 75 15
70 75 51
70 75 6
70 75 101
70 75 3
70 75 27
70 75 60
70 75 105
70 75 190
70 75 192
70 75 80
70 75 7
70 75 139
70 75 87
70 75 74
70 75 174
70 75 183
70 75 46
70 75 147
70 75 70
70 75 120
70 75 142
70 75 11
70 75 25
70 75 193
70 75 192
70 75 111
70 75 150
70 75 68
70 75 151
70 75 185
70 75 126
70 75 75
70 75 43
70 75 134
70 75 2
70 75 99
70 75 14
70 75 155
70 75 90
70 75 4
70 75 39
70 75 163
70 75 114
71 76 81
71 76 113
71 76 129
71 76 154
71 76 114
71 76 187
71 76 160
71 76 187
71 76 137
71 76 156
71 76 124
71 76 180
71 76 154
71 76 145
71 76 16
71 76 129
71 76 23
71 76 114
71 76 100
71 76 155
71 76 48
71 76 176
71 76 77
71 76 194
71 76 6
71 76 64
71 76 182
71 76 13
71 76 66
71 76 74
71 76 37
71 76 185
71 76 31
71 76 181
71 76 58
71 76 9
71 76 176
71 76 173
71 76 126
71 76 62
71 76 89
71 76 34
71 76 152
71 76 25
71 76 19
71 76 173
71 76 190
71 76 141
71 76 102
71 76 113
71 76 195
71 76 104
71 76 163
71 76 200
71 76 41
71 76 51
71 76 99
71 76 71
71 76 61
71 76 144
71 76 112
71 76 74
71 76 138
71 76 187
71 76 181
71 76 80
71 76 28
71 76 124
71 76 101
71 76 189
71 76 88
71 76 23
71 76 31
71 76 57
71 76 53
71 76 107
71 76 173
71 76 125
71 76 105
71 76 39
71 76 50
71 76 112
71 76 178
71 76 191
71 76 149
71 76 150
71 76 162
71 76 44
71 76 199
71 76 185
71 76 174
71 76 112
71 76 198
71 76 130
71 76 81
71 76 17
71 76 109
71 76 47
71 76 3
71 76 177
71 76 170
71 76 157
71 76 74
71 76 170
72 77 2
72 77 77
72 77 93
72 77 89
72 77 73
72 77 87
72 77 169
72 77 107
72 77 89
72 77 89
72 77 172
72 77 126
72 77 12
72 77 7
72 77 124
72 77 186
72 77 2
72 77 88
72 77 43
72 77 136
72 77 155
72 77 61
72 77 136
72 77 181
72 77 192
72 77 11
72 77 137
72 77 166
72 77 110
72 77 72
72 77 13
72 77 53
72 77 189
72 77 90
72 77 86
72 77 59
72 77 90
72 77 175
72 77 32
72 77 104
72 77 54
72 77 198
72 77 154
72 77 66
72 77 173
72 77 30
72 77 112
72 77 142
72 77 10
72 77 50
72 77 150
72 77 15
72 77 8
72 77 25
72 77 17
72 77 120
72 77 88
72 77 69
72 77 123
72 77 193
72 77 113
72 77 191
72 77 70
72 77 125
72 77 159
72 77 95
72 77 13
72 77 153
72 77 58
72 77 79
72 77 64
72 77 100
72 77 18
72 77 185
72 77 91
72 77 45
72 77 78
72 77 183
72 77 80
72 77 141
72 77 73
72 77 190
72 77 32
72 77 83
72 77 115
72 77 72
72 77 92
72 77 30
72 77 18
72 77 57
72 77 5
72 77 72
72 77 115
72 77 120
72 77 84
72 77 38
72 77 60
72 77 51
72 77 36
72 77 189
72 77 164
72 77 93
72 77 83
72 77 47
72 77 49
72 77 34
72 77 187
72 77 163
72 77 93
72 77 165
73 78 127
73 78 46
73 78 107
73 78 173
73 78 93
73 78 71
73 78 172
73 78 132
73 78 27
73 78 32
73 78 82
73 78 186
73 78 142
73 78 67
73 78 55
73 78 50
73 78 18
73 78 57
73 78 148
73 78 174
73 78 164
73 78 19
73 78 62
73 78 26
73 78 41
73 78 104
73 78 43
73 78 12
73 78 56
73 78 158
73 78 112
73 78 182
73 78 172
73 78 35
73 78 198
73 78 95
73 78 184
73 78 185
73 78 92
73 78 55
73 78 103
73 78 86
73 78 161
73 78 183
73 78 138
73 78 140
73 78 11
73 78 110
73 78 46
73 78 36
73 78 117
73 78 179
73 78 190
73 78 121
73 78 19
73 78 5
73 78 52
73 78 190
73 78 40
73 78 63
73 78 45
73 78 29
73 78 151
73 78 172
73 78 168
73 78 29
73 78 127
73 78 43
73 78 102
73 78 186
73 78 7
73 78 157
73 78 138
73 78 91
73 78 14
73 78 195
73 78 101
73 78 126
73 78 64
73 78 115
73 78 99
73 78 183
73 78 198
73 78 181
73 78 13
73 78 57
73 78 155
73 78 129
73 78 142
73 78 52
73 78 169
73 78 200
73 78 65
73 78 15
73 78 174
73 78 112
73 78 105
73 78 38
73 78 182
73 78 134
73 78 144
73 78 120
73 78 89
73 78 175
73 78 129
74 79 141
74 79 25
74 79 17
74 79 166
74 79 177
74 79 23
74 79 116
74 79 164
74 79 109
74 79 4
74 79 16
74 79 187
74 79 93
74 79 31
74 79 193
74 79 160
74 79 163
74 79 137
74 79 134
74 79 147
74 79 121
74 79 170
74 79 85
74 79 47
74 79 176
74 79 76
74 79 152
74 79 31
74 79 184
74 79 176
74 79 129
74 79 18
74 79 70
74 79 43
74 79 188
74 79 120
74 79 171
74 79 66
74 79 68
74 79 180
74 79 57
74 79 29
74 79 116
74 79 121
74 79 41
74 79 123
74 79 95
74 79 71
74 79 136
74 79 80
74 79 183
74 79 112
74 79 109
74 79 100
74 79 34
74 79 117
74 79 104
74 79 105
74 79 190
74 79 160
74 79 20
74 79 162
74 79 135
74 79 125
74 79 18
74 79 73
74 79 30
74 79 94
74 79 104
74 79 12
74 79 132
74 79 77
74 79 76
74 79 43
74 79 192
74 79 36
74 79 160
74 79 20
74 79 4
74 79 31
74 79 11
74 79 54
74 79 23
74 79 8
74 79 169
74 79 49
74 79 131
74 79 23
74 79 15
74 79 185
74 79 23
74 79 149
74 79 136
74 79 57
74 79 17
74 79 176
74 79 87
74 79 150
74 79 134
74 79 111
74 79 139
74 79 131
74 79 185
74 79 50
74 79 110
74 79 42
74 79 34
74 79 129
75 80 12
75 80 62
75 80 157
75 80 85
75 80 55
75 80 173
75 80 11
75 80 163
75 80 84
75 80 99
75 80 175
75 80 54
75 80 30
75 80 35
75 80 72
75 80 126
75 80 173
75 80 116
75 80 168
75 80 41
75 80 50
75 80 178
75 80 35
75 80 63
75 80 15
75 80 132
75 80 81
75 80 195
75 80 6
75 80 181
75 80 138
75 80 200
75 80 115
75 80 34
75 80 31
75 80 68
75 80 116
75 80 186
75 80 155
75 80 187
75 80 110
75 80 112
75 80 129
75 80 139
75 80 48
75 80 91
75 80 174
75 80 158
75 80 32
75 80 187
75 80 172
75 80 81
75 80 43
75 80 47
75 80 92
75 80 111
75 80 81
75 80 16
75 80 38
75 80 107
75 80 173
75 80 147
75 80 154
75 80 144
75 80 88
75 80 171
75 80 67
75 80 80
75 80 14
75 80 30
75 80 94
75 80 8
75 80 62
75 80 103
75 80 170
75 80 183
75 80 187
75 80 128
76 81 107
76 81 151
76 81 135
76 81 179
76 81 98
76 81 100
76 81 47
76 81 105
76 81 191
76 81 151
76 81 103
76 81 121
76 81 76
76 81 27
76 81 42
76 81 113
76 81 108
76 81 41
76 81 44
76 81 197
76 81 168
76 81 110
76 81 40
76 81 67
76 81 17
76 81 104
76 81 116
76 81 141
76 81 86
76 81 39
76 81 33
76 81 198
76 81 81
76 81 119
76 81 95
76 81 4
76 81 90
76 81 166
76 81 53
76 81 26
76 81 149
76 81 109
76 81 146
76 81 162
76 81 18
76 81 61
76 81 118
76 81 12
76 81 177
76 81 160
76 81 198
76 81 81
76 81 69
76 81 29
76 81 12
76 81 161
76 81 163
76 81 115
76 81 4
76 81 5
76 81 14
76 81 121
76 81 148
76 81 184
76 81 138
76 81 76
76 81 164
76 81 180
76 81 21
76 81 197
76 81 47
76 81 144
76 81 127
76 81 46
76 81 192
76 81 167
76 81 144
76 81 70
76 81 154
76 81 119
76 81 94
76 81 157
76 81 106
76 81 118
76 81 145
76 81 53
76 81 140
76 81 86
76 81 99
76 81 109
76 81 69
76 81 54
76 81 82
76 81 140
76 81 142
76 81 128
76 81 120
76 81 175
76 81 167
76 81 20
76 81 126
76 81 102
76 81 164
76 81 19
76 81 106
76 81 114
76 81 148
76 81 184
76 81 5
77 82 183
77 82 71
77 82 1
77 82 180
77 82 95
77 82 65
77 82 77
77 82 75
77 82 39
77 82 101
77 82 176
77 82 49
77 82 40
77 82 164
77 82 112
77 82 38
77 82 10
77 82 66
77 82 146
77 82 155
77 82 116
77 82 27
77 82 110
77 82 51
77 82 140
77 82 104
77 82 30
77 82 134
77 82 71
77 82 7
77 82 171
77 82 192
77 82 117
77 82 19
77 82 79
77 82 182
77 82 90
77 82 172
77 82 107
77 82 184
77 82 162
77 82 181
77 82 176
77 82 174
77 82 160
77 82 56
77 82 40
77 82 112
77 82 115
77 82 104
77 82 72
77 82 157
77 82 56
77 82 162
77 82 160
77 82 59
77 82 116
77 82 124
77 82 74
77 82 31
77 82 135
77 82 170
77 82 196
77 82 142
77 82 114
77 82 78
77 82 35
77 82 181
77 82 97
77 82 148
77 82 22
77 82 113
77 82 140
77 82 179
77 82 32
77 82 42
77 82 139
77 82 40
77 82 183
77 82 39
77 82 43
77 82 12
77 82 116
77 82 110
77 82 188
77 82 31
77 82 12
77 82 178
77 82 141
77 82 95
77 82 167
77 82 10
77 82 183
77 82 109
77 82 192
77 82 54
77 82 82
77 82 167
77 82 142
77 82 39
77 82 135
77 82 26
77 82 132
77 82 131
77 82 71
77 82 151
77 82 100
77 82 96
77 82 91
77 82 114
77 82 106
77 82 42
77 82 91
77 82 183
78 83 127
78 83 53
78 83 181
78 83 22
78 83 156
78 83 154
78 83 92
78 83 126
78 83 102
78 83 23
78 83 65
78 83 98
78 83 199
78 83 70
78 83 44
78 83 138
78 83 168
78 83 65
78 83 54
78 83 48
78 83 31
78 83 61
78 83 32
78 83 115
78 83 71
78 83 35
78 83 10
78 83 17
78 83 114
78 83 128
78 83 191
78 83 169
78 83 83
78 83 81
78 83 72
78 83 193
78 83 10
78 83 135
78 83 8
78 83 70
78 83 180
78 83 180
78 83 175
78 83 37
78 83 54
78 83 67
78 83 24
78 83 173
78 83 138
78 83 158
78 83 85
78 83 141
78 83 6
78 83 13
78 83 156
78 83 173
78 83 165
78 83 14
78 83 49
78 83 32
78 83 26
78 83 68
78 83 102
78 83 125
78 83 156
78 83 38
78 83 73
78 83 65
78 83 19
78 83 129
78 83 162
78 83 42
78 83 116
78 83 180
78 83 29
78 83 130
78 83 137
78 83 10
78 83 104
78 83 88
78 83 121
78 83 66
78 83 30
78 83 147
78 83 49
78 83 101
78 83 140
78 83 121
78 83 193
78 83 107
78 83 92
78 83 72
78 83 147
78 83 76
78 83 167
78 83 69
78 83 21
78 83 66
78 83 120
78 83 127
78 83 149
78 83 69
78 83 46
78 83 50
78 83 34
78 83 180
78 83 76
78 83 128
78 83 70
78 83 95
78 83 195
79 84 83
79 84 152
79 84 174
79 84 23
79 84 195
79 84 175
79 84 64
79 84 182
79 84 68
79 84 116
79 84 142
79 84 23
79 84 116
79 84 3
79 84 80
79 84 33
79 84 123
79 84 151
79 84 104
79 84 197
79 84 53
79 84 94
79 84 80
79 84 8
79 84 130
79 84 111
79 84 151
79 84 149
79 84 188
79 84 180
79 84 148
79 84 66
79 84 13
79 84 59
79 84 28
79 84 24
79 84 151
79 84 80
79 84 160
79 84 154
79 84 55
79 84 43
79 84 13
79 84 187
79 84 178
79 84 158
79 84 69
79 84 48
79 84 103
79 84 12
79 84 135
79 84 135
79 84 47
79 84 5
79 84 37
79 84 102
79 84 198
79 84 30
79 84 190
79 84 2
79 84 88
79 84 66
79 84 60
79 84 57
79 84 39
79 84 11
79 84 120
79 84 33
79 84 57
79 84 122
79 84 197
79 84 104
79 84 26
79 84 191
79 84 73
79 84 122
79 84 125
79 84 33
79 84 128
79 84 92
79 84 117
79 84 162
79 84 181
79 84 19
79 84 107
79 84 131
79 84 85
79 84 17
79 84 127
79 84 79
79 84 6
79 84 92
79 84 159
79 84 116
79 84 193
79 84 104
79 84 54
79 84 7
79 84 165
79 84 63
79 84 45
79 84 154
79 84 87
79 84 81
79 84 56
79 84 200
79 84 104
79 84 121
79 84 140
79 84 36
79 84 133
79 84 5
79 84 11
80 85 97
80 85 83
80 85 37
80 85 114
80 85 75
80 85 177
80 85 75
80 85 79
80 85 76
80 85 116
80 85 143
80 85 84
80 85 96
80 85 83
80 85 63
80 85 43
80 85 123
80 85 184
80 85 107
80 85 192
80 85 44
80 85 84
80 85 159
80 85 124
80 85 111
80 85 87
80 85 102
80 85 140
80 85 198
80 85 135
80 85 28
80 85 129
80 85 145
80 85 164
80 85 78
80 85 87
80 85 124
80 85 132
80 85 142
80 85 36
80 85 139
80 85 35
80 85 2
80 85 31
80 85 99
80 85 78
80 85 58
80 85 166
80 85 183
80 85 134
80 85 143
80 85 132
80 85 66
80 85 75
80 85 123
80 85 179
80 85 1
80 85 7
80 85 55
80 85 127
80 85 14
80 85 185
80 85 176
80 85 2
80 85 2
80 85 115
80 85 137
80 85 76
80 85 43
80 85 60
80 85 2
80 85 102
80 85 180
80 85 75
80 85 142
80 85 146
80 85 100
80 85 96
80 85 95
80 85 124
80 85 81
80 85 108
80 85 173
80 85 107
80 85 157
80 85 156
80 85 88
80 85 182
80 85 110
80 85 52
80 85 18
80 85 63
80 85 108
80 85 136
80 85 22
80 85 171
81 86 172
81 86 112
81 86 34
81 86 166
81 86 17
81 86 54
81 86 186
81 86 79
81 86 18
81 86 69
81 86 107
81 86 121
81 86 196
81 86 59
81 86 139
81 86 15
81 86 20
81 86 10
81 86 159
81 86 179
81 86 72
81 86 84
81 86 175
81 86 126
81 86 117
81 86 138
81 86 9
81 86 23
81 86 155
81 86 83
81 86 75
81 86 78
81 86 2
81 86 23
81 86 50
81 86 31
81 86 186
81 86 161
81 86 114
81 86 57
81 86 62
81 86 156
81 86 53
81 86 42
81 86 1
81 86 135
81 86 4
81 86 162
81 86 185
81 86 170
81 86 89
81 86 44
81 86 86
81 86 167
81 86 6
81 86 176
81 86 164
81 86 82
81 86 38
81 86 170
81 86 10
81 86 2
81 86 135
81 86 108
81 86 70
81 86 200
81 86 90
81 86 180
81 86 50
81 86 147
81 86 170
81 86 135
81 86 156
81 86 197
81 86 135
81 86 35
81 86 70
81 86 61
81 86 42
81 86 52
81 86 91
81 86 11
81 86 38
81 86 133
81 86 156
81 86 88
81 86 56
81 86 6
81 86 179
81 86 118
81 86 3
81 86 103
81 86 71
81 86 107
81 86 88
81 86 77
82 87 32
82 87 94
82 87 91
82 87 77
82 87 116
82 87 124
82 87 182
82 87 152
82 87 116
82 87 198
82 87 60
82 87 148
82 87 114
82 87 137
82 87 29
82 87 28
82 87 178
82 87 193
82 87 135
82 87 148
82 87 169
82 87 69
82 87 27
82 87 165
82 87 68
82 87 102
82 87 27
82 87 195
82 87 112
82 87 186
82 87 44
82 87 192
82 87 131
82 87 83
82 87 41
82 87 15
82 87 114
82 87 194
82 87 115
82 87 140
82 87 48
82 87 64
82 87 96
82 87 121
82 87 38
82 87 32
82 87 17
82 87 160
82 87 36
82 87 101
82 87 152
82 87 84
82 87 32
82 87 175
82 87 65
82 87 117
82 87 101
82 87 148
82 87 182
82 87 41
82 87 66
82 87 22
82 87 50
82 87 120
82 87 168
82 87 101
82 87 56
82 87 107
82 87 37
82 87 133
82 87 154
82 87 76
82 87 166
82 87 14
82 87 9
82 87 146
82 87 167
82 87 109
82 87 140
82 87 156
82 87 84
82 87 46
82 87 55
82 87 62
82 87 160
82 87 164
82 87 71
82 87 66
82 87 51
82 87 120
82 87 116
82 87 142
82 87 156
82 87 49
82 87 51
82 87 56
83 88 28
83 88 163
83 88 70
83 88 192
83 88 36
83 88 83
83 88 72
83 88 75
83 88 56
83 88 107
83 88 101
83 88 101
83 88 67
83 88 90
83 88 169
83 88 177
83 88 94
83 88 70
83 88 8
83 88 9
83 88 5
83 88 18
83 88 109
83 88 144
83 88 177
83 88 18
83 88 143
83 88 198
83 88 200
83 88 58
83 88 39
83 88 40
83 88 150
83 88 129
83 88 167
83 88 49
83 88 107
83 88 70
83 88 163
83 88 100
83 88 22
83 88 169
83 88 123
83 88 8
83 88 136
83 88 46
83 88 169
83 88 195
83 88 152
83 88 149
83 88 79
83 88 45
83 88 143
83 88 123
83 88 120
83 88 86
83 88 67
83 88 177
83 88 90
83 88 9
83 88 103
83 88 49
83 88 123
83 88 6
83 88 141
83 88 111
83 88 155
83 88 178
83 88 163
83 88 129
83 88 22
83 88 54
83 88 183
83 88 164
83 88 194
83 88 97
83 88 46
83 88 148
83 88 150
83 88 143
83 88 87
83 88 136
83 88 110
83 88 145
83 88 6
83 88 138
83 88 37
83 88 186
83 88 88
83 88 9
83 88 180
83 88 199
83 88 117
83 88 145
83 88 165
84 89 169
84 89 135
84 89 79
84 89 199
84 89 115
84 89 14
84 89 60
84 89 149
84 89 113
84 89 2
84 89 154
84 89 52
84 89 140
84 89 81
84 89 152
84 89 94
84 89 16
84 89 143
84 89 91
84 89 28
84 89 160
84 89 116
84 89 31
84 89 106
84 89 7
84 89 145
84 89 81
84 89 51
84 89 93
84 89 146
84 89 79
84 89 164
84 89 81
84 89 48
84 89 69
84 89 14
84 89 11
84 89 126
84 89 2
84 89 126
84 89 116
84 89 165
84 89 2
84 89 61
84 89 104
84 89 129
84 89 147
84 89 68
84 89 89
84 89 144
84 89 20
84 89 51
84 89 167
84 89 133
84 89 126
84 89 169
84 89 94
84 89 130
84 89 1
84 89 170
84 89 30
84 89 50
84 89 142
84 89 164
84 89 187
84 89 95
84 89 14
84 89 34
84 89 33
84 89 99
84 89 7
84 89 190
84 89 68
84 89 12
84 89 18
84 89 170
84 89 109
84 89 81
84 89 121
84 89 25
84 89 73
84 89 106
84 89 10
84 89 112
84 89 181
84 89 139
84 89 156
84 89 111
84 89 3
84 89 188
84 89 162
84 89 1
84 89 65
84 89 107
84 89 197
84 89 58
84 89 81
84 89 5
84 89 162
84 89 8
84 89 80
84 89 93
84 89 186
84 89 29
84 89 8
84 89 63
84 89 77
84 89 139
84 89 46
84 89 99
84 89 176
84 89 46
84 89 115
84 89 93
84 89 102
84 89 23
84 89 45
84 89 126
84 89 101
84 89 177
84 89 180
84 89 30
84 89 137
84 89 11
85 90 107
85 90 125
85 90 131
85 90 176
85 90 196
85 90 131
85 90 51
85 90 76
85 90 62
85 90 104
85 90 29
85 90 200
85 90 160
85 90 139
85 90 187
85 90 30
85 90 105
85 90 78
85 90 114
85 90 33
85 90 172
85 90 22
85 90 100
85 90 161
85 90 10
85 90 132
85 90 121
85 90 55
85 90 26
85 90 91
85 90 174
85 90 168
85 90 24
85 90 106
85 90 180
85 90 41
85 90 56
85 90 83
85 90 190
85 90 149
85 90 110
85 90 142
85 90 55
85 90 21
85 90 191
85 90 51
85 90 175
85 90 120
85 90 19
85 90 95
85 90 1
85 90 135
85 90 115
85 90 22
85 90 56
85 90 187
85 90 154
85 90 66
85 90 167
85 90 80
85 90 166
85 90 85
85 90 78
85 90 73
85 90 63
85 90 168
85 90 152
85 90 151
85 90 190
85 90 72
85 90 195
85 90 182
85 90 172
85 90 121
85 90 91
85 90 73
85 90 176
85 90 69
85 90 115
85 90 45
85 90 53
85 90 136
85 90 132
85 90 132
85 90 103
85 90 198
85 90 12
85 90 53
85 90 42
85 90 101
85 90 56
85 90 142
85 90 11
85 90 60
85 90 188
85 90 178
86 91 78
86 91 123
86 91 40
86 91 31
86 91 121
86 91 173
86 91 199
86 91 35
86 91 61
86 91 171
86 91 153
86 91 114
86 91 74
86 91 197
86 91 174
86 91 39
86 91 9
86 91 83
86 91 109
86 91 123
86 91 132
86 91 197
86 91 137
86 91 15
86 91 112
86 91 184
86 91 181
86 91 154
86 91 54
86 91 129
86 91 82
86 91 140
86 91 186
86 91 105
86 91 98
86 91 80
86 91 74
86 91 44
86 91 198
86 91 144
86 91 98
86 91 130
86 91 18
86 91 143
86 91 8
86 91 154
86 91 169
86 91 17
86 91 187
86 91 148
86 91 122
86 91 142
86 91 45
86 91 186
86 91 190
86 91 85
86 91 93
86 91 157
86 91 11
86 91 123
86 91 165
86 91 111
86 91 192
86 91 49
86 91 26
86 91 165
86 91 128
86 91 68
86 91 81
86 91 100
86 91 15
86 91 5
86 91 163
86 91 168
86 91 101
86 91 13
86 91 106
86 91 140
86 91 4
86 91 100
86 91 179
86 91 101
86 91 77
86 91 163
86 91 48
86 91 45
86 91 97
86 91 96
86 91 5
87 92 49
87 92 131
87 92 88
87 92 87
87 92 136
87 92 153
87 92 28
87 92 13
87 92 23
87 92 188
87 92 131
87 92 51
87 92 62
87 92 25
87 92 181
87 92 20
87 92 185
87 92 32
87 92 75
87 92 90
87 92 37
87 92 160
87 92 112
87 92 105
87 92 26
87 92 80
87 92 60
87 92 180
87 92 133
87 92 30
87 92 143
87 92 133
87 92 29
87 92 78
87 92 60
87 92 108
87 92 147
87 92 141
87 92 83
87 92 159
87 92 164
87 92 196
87 92 7
87 92 166
87 92 59
87 92 26
87 92 179
87 92 48
87 92 166
87 92 5
87 92 67
87 92 58
87 92 115
87 92 37
87 92 125
87 92 95
87 92 76
87 92 132
87 92 36
87 92 55
87 92 12
87 92 149
87 92 18
87 92 67
87 92 121
87 92 152
87 92 52
87 92 182
87 92 69
87 92 88
87 92 167
87 92 9
87 92 107
87 92 165
87 92 113
87 92 108
87 92 194
87 92 181
87 92 34
87 92 36
87 92 151
87 92 114
87 92 159
87 92 165
87 92 46
87 92 22
87 92 99
87 92 95
87 92 94
87 92 179
87 92 30
87 92 177
87 92 199
87 92 146
87 92 179
87 92 145
87 92 112
87 92 147
87 92 112
87 92 75
87 92 90
87 92 55
87 92 148
87 92 37
87 92 147
87 92 161
87 92 164
87 92 18
87 92 42
87 92 10
87 92 116
87 92 151
87 92 122
87 92 141
87 92 185
88 93 13
88 93 77
88 93 83
88 93 95
88 93 192
88 93 191
88 93 150
88 93 110
88 93 47
88 93 50
88 93 18
88 93 176
88 93 2
88 93 66
88 93 183
88 93 161
88 93 96
88 93 166
88 93 137
88 93 175
88 93 36
88 93 80
88 93 158
88 93 173
88 93 138
88 93 198
88 93 143
88 93 59
88 93 166
88 93 31
88 93 78
88 93 79
88 93 70
88 93 39
88 93 155
88 93 78
88 93 188
88 93 53
88 93 174
88 93 88
88 93 20
88 93 47
88 93 80
88 93 89
88 93 81
88 93 197
88 93 185
88 93 54
88 93 198
88 93 80
88 93 196
88 93 6
88 93 72
88 93 48
88 93 160
88 93 146
88 93 96
88 93 186
88 93 24
88 93 80
88 93 52
88 93 146
88 93 109
88 93 58
88 93 179
88 93 161
88 93 110
88 93 184
88 93 154
88 93 54
88 93 200
88 93 165
88 93 162
88 93 187
88 93 8
88 93 70
88 93 6
88 93 95
88 93 12
88 93 173
88 93 8
88 93 166
88 93 157
88 93 192
88 93 78
88 93 107
88 93 167
88 93 165
88 93 172
88 93 3
88 93 139
88 93 144
88 93 90
88 93 181
88 93 181
88 93 83
88 93 168
88 93 84
88 93 186
89 94 147
89 94 54
89 94 103
89 94 86
89 94 96
89 94 116
89 94 186
89 94 115
89 94 47
89 94 3
89 94 14
89 94 73
89 94 186
89 94 114
89 94 51
89 94 189
89 94 118
89 94 73
89 94 57
89 94 140
89 94 153
89 94 148
89 94 126
89 94 193
89 94 103
89 94 42
89 94 123
89 94 185
89 94 9
89 94 25
89 94 193
89 94 10
89 94 187
89 94 95
89 94 123
89 94 58
89 94 146
89 94 48
89 94 117
89 94 156
89 94 139
89 94 140
89 94 127
89 94 181
89 94 171
89 94 71
89 94 98
89 94 185
89 94 64
89 94 159
89 94 178
89 94 13
89 94 121
89 94 60
89 94 118
89 94 160
89 94 79
89 94 148
89 94 184
89 94 37
89 94 140
89 94 165
89 94 70
89 94 75
89 94 112
89 94 103
89 94 49
89 94 171
89 94 19
89 94 47
89 94 197
89 94 93
89 94 178
89 94 165
89 94 86
89 94 10
89 94 129
89 94 165
89 94 101
89 94 187
89 94 55
89 94 152
89 94 170
89 94 175
89 94 111
89 94 26
89 94 130
89 94 34
89 94 186
89 94 169
89 94 186
89 94 8
89 94 7
89 94 13
89 94 126
89 94 23
89 94 146
89 94 72
89 94 199
89 94 167
89 94 139
90 95 135
90 95 17
90 95 138
90 95 195
90 95 134
90 95 120
90 95 68
90 95 141
90 95 46
90 95 76
90 95 106
90 95 86
90 95 94
90 95 179
90 95 173
90 95 16
90 95 169
90 95 141
90 95 13
90 95 20
90 95 170
90 95 29
90 95 154
90 95 71
90 95 97
90 95 40
90 95 178
90 95 156
90 95 41
90 95 74
90 95 103
90 95 90
90 95 149
90 95 195
90 95 158
90 95 198
90 95 191
90 95 178
90 95 128
90 95 23
90 95 134
90 95 16
90 95 133
90 95 165
90 95 151
90 95 42
90 95 43
90 95 194
90 95 188
90 95 181
90 95 8
90 95 8
90 95 94
90 95 164
90 95 113
90 95 184
90 95 25
90 95 59
90 95 194
90 95 190
90 95 11
90 95 20
90 95 94
90 95 56
90 95 54
90 95 18
90 95 7
90 95 122
90 95 122
90 95 195
90 95 107
90 95 110
90 95 76
90 95 199
90 95 111
90 95 20
90 95 125
90 95 194
90 95 187
90 95 113
90 95 34
90 95 112
90 95 19
90 95 164
90 95 94
90 95 148
90 95 165
90 95 118
90 95 37
90 95 54
90 95 176
90 95 9
90 95 141
90 95 7
90 95 182
90 95 23
90 95 30
90 95 21
90 95 92
90 95 190
90 95 182
90 95 154
90 95 118
90 95 155
90 95 51
90 95 56
90 95 55
90 95 36
90 95 198
90 95 180
90 95 155
90 95 179
90 95 48
90 95 78
90 95 39
90 95 53
90 95 186
90 95 195
91 96 173
91 96 76
91 96 73
91 96 187
91 96 102
91 96 10
91 96 150
91 96 17
91 96 2
91 96 182
91 96 130
91 96 175
91 96 149
91 96 102
91 96 185
91 96 41
91 96 19
91 96 43
91 96 114
91 96 86
91 96 80
91 96 46
91 96 20
91 96 181
91 96 12
91 96 166
91 96 71
91 96 178
91 96 153
91 96 123
91 96 145
91 96 61
91 96 61
91 96 2
91 96 137
91 96 91
91 96 158
91 96 180
91 96 71
91 96 115
91 96 163
91 96 98
91 96 113
91 96 78
91 96 46
91 96 69
91 96 185
91 96 38
91 96 196
91 96 61
91 96 187
91 96 145
91 96 126
91 96 77
91 96 97
91 96 150
91 96 172
91 96 51
91 96 133
91 96 155
91 96 3
91 96 4
91 96 189
91 96 70
91 96 130
91 96 144
91 96 88
91 96 5
91 96 166
91 96 113
91 96 57
91 96 4
91 96 170
91 96 138
91 96 182
91 96 96
91 96 192
91 96 82
91 96 97
91 96 187
91 96 180
91 96 14
91 96 106
91 96 9
91 96 188
91 96 128
91 96 1
91 96 55
91 96 41
91 96 124
91 96 81
92 97 117
92 97 24
92 97 196
92 97 167
92 97 35
92 97 71
92 97 23
92 97 88
92 97 178
92 97 25
92 97 150
92 97 160
92 97 55
92 97 42
92 97 62
92 97 78
92 97 177
92 97 20
92 97 102
92 97 186
92 97 169
92 97 17
92 97 131
92 97 103
92 97 110
92 97 92
92 97 37
92 97 16
92 97 114
92 97 182
92 97 84
92 97 87
92 97 166
92 97 182
92 97 155
92 97 74
92 97 2
92 97 82
92 97 24
92 97 69
92 97 20
92 97 172
92 97 29
92 97 69
92 97 75
92 97 115
92 97 148
92 97 152
92 97 37
92 97 119
92 97 119
92 97 53
92 97 80
92 97 20
92 97 177
92 97 161
92 97 119
92 97 189
92 97 112
92 97 109
92 97 41
92 97 19
92 97 154
92 97 82
92 97 9
92 97 79
92 97 194
92 97 80
92 97 98
92 97 90
92 97 198
92 97 142
92 97 90
92 97 177
92 97 136
92 97 167
92 97 12
92 97 145
92 97 41
92 97 12
92 97 113
92 97 16
92 97 81
92 97 73
92 97 63
92 97 87
92 97 35
92 97 148
92 97 200
92 97 171
92 97 153
92 97 133
92 97 25
92 97 115
92 97 121
92 97 131
93 98 28
93 98 62
93 98 175
93 98 90
93 98 59
93 98 9
93 98 194
93 98 198
93 98 66
93 98 72
93 98 86
93 98 181
93 98 171
93 98 113
93 98 136
93 98 100
93 98 165
93 98 180
93 98 156
93 98 67
93 98 70
93 98 46
93 98 81
93 98 2
93 98 43
93 98 200
93 98 31
93 98 30
93 98 179
93 98 109
93 98 165
93 98 29
93 98 17
93 98 17
93 98 55
93 98 66
93 98 9
93 98 176
93 98 90
93 98 59
93 98 156
93 98 42
93 98 117
93 98 173
93 98 181
93 98 29
93 98 31
93 98 86
93 98 5
93 98 32
93 98 58
93 98 159
93 98 199
93 98 196
93 98 41
93 98 195
93 98 182
93 98 147
93 98 198
93 98 195
93 98 89
93 98 87
93 98 80
93 98 186
93 98 161
93 98 94
93 98 177
93 98 13
93 98 153
93 98 98
93 98 188
93 98 27
93 98 77
93 98 10
93 98 100
93 98 26
93 98 134
93 98 131
93 98 98
93 98 197
93 98 83
93 98 198
93 98 59
93 98 7
93 98 199
93 98 74
93 98 125
93 98 165
93 98 185
93 98 26
93 98 12
93 98 57
93 98 17
93 98 69
93 98 170
93 98 111
93 98 82
93 98 17
94 99 15
94 99 173
94 99 124
94 99 149
94 99 135
94 99 103
94 99 184
94 99 12
94 99 108
94 99 135
94 99 169
94 99 184
94 99 43
94 99 57
94 99 193
94 99 119
94 99 172
94 99 133
94 99 13
94 99 52
94 99 134
94 99 23
94 99 87
94 99 115
94 99 59
94 99 136
94 99 183
94 99 140
94 99 35
94 99 136
94 99 120
94 99 157
94 99 102
94 99 66
94 99 68
94 99 185
94 99 133
94 99 109
94 99 15
94 99 117
94 99 18
94 99 102
94 99 29
94 99 186
94 99 24
94 99 163
94 99 43
94 99 163
94 99 47
94 99 129
94 99 185
94 99 54
94 99 137
94 99 112
94 99 177
94 99 144
94 99 157
94 99 136
94 99 156
94 99 154
94 99 131
94 99 2
94 99 161
94 99 113
94 99 42
94 99 48
94 99 174
94 99 77
94 99 101
94 99 75
94 99 102
94 99 154
94 99 79
94 99 2
94 99 149
94 99 73
94 99 108
94 99 45
94 99 116
94 99 189
94 99 196
95 100 38
95 100 27
95 100 16
95 100 22
95 100 70
95 100 65
95 100 7
95 100 149
95 100 199
95 100 86
95 100 88
95 100 149
95 100 158
95 100 41
95 100 25
95 100 113
95 100 186
95 100 55
95 100 164
95 100 197
95 100 120
95 100 131
95 100 57
95 100 81
95 100 123
95 100 28
95 100 193
95 100 189
95 100 56
95 100 112
95 100 98
95 100 47
95 100 44
95 100 101
95 100 17
95 100 38
95 100 126
95 100 127
95 100 136
95 100 11
95 100 9
95 100 36
95 100 8
95 100 134
95 100 151
95 100 109
95 100 113
95 100 56
95 100 60
95 100 120
95 100 119
95 100 1
95 100 88
95 100 102
95 100 169
95 100 10
95 100 97
95 100 46
95 100 95
95 100 35
95 100 6
95 100 5
95 100 62
95 100 91
95 100 5
95 100 67
95 100 74
95 100 61
95 100 113
95 100 19
95 100 11
95 100 66
95 100 186
95 100 70
95 100 110
95 100 86
95 100 154
95 100 58
95 100 195
95 100 132
95 100 26
95 100 117
95 100 85
95 100 9
95 100 117
95 100 199
95 100 37
95 100 1
95 100 99
95 100 185
95 100 77
95 100 81
95 100 143
95 100 194
95 100 192
95 100 14
95 100 196
95 100 82
95 100 43
95 100 187
95 100 117
95 100 31
95 100 88
95 100 120
95 100 104
95 100 41
96 101 55
96 101 68
96 101 16
96 101 37
96 101 128
96 101 123
96 101 19
96 101 158
96 101 47
96 101 56
96 101 141
96 101 147
96 101 90
96 101 99
96 101 29
96 101 28
96 101 31
96 101 85
96 101 175
96 101 16
96 101 134
96 101 154
96 101 26
96 101 137
96 101 156
96 101 16
96 101 17
96 101 93
96 101 133
96 101 165
96 101 33
96 101 96
96 101 79
96 101 133
96 101 92
96 101 65
96 101 187
96 101 160
96 101 60
96 101 17
96 101 164
96 101 44
96 101 114
96 101 60
96 101 148
96 101 43
96 101 90
96 101 132
96 101 67
96 101 135
96 101 12
96 101 76
96 101 184
96 101 156
96 101 170
96 101 142
96 101 146
96 101 46
96 101 54
96 101 55
96 101 194
96 101 56
96 101 136
96 101 19
96 101 163
96 101 193
96 101 107
96 101 40
96 101 90
96 101 116
96 101 13
96 101 136
96 101 57
96 101 47
96 101 149
96 101 105
96 101 151
96 101 136
96 101 31
96 101 132
96 101 158
96 101 159
96 101 117
96 101 123
96 101 79
96 101 114
96 101 100
96 101 98
96 101 50
96 101 78
96 101 103
96 101 180
96 101 144
96 101 33
96 101 138
97 102 186
97 102 2
97 102 165
97 102 122
97 102 92
97 102 126
97 102 187
97 102 32
97 102 130
97 102 56
97 102 146
97 102 25
97 102 87
97 102 152
97 102 149
97 102 138
97 102 83
97 102 115
97 102 149
97 102 173
97 102 73
97 102 58
97 102 153
97 102 116
97 102 147
97 102 150
97 102 41
97 102 26
97 102 120
97 102 107
97 102 199
97 102 76
97 102 19
97 102 60
97 102 150
97 102 154
97 102 111
97 102 48
97 102 45
97 102 52
97 102 82
97 102 94
97 102 91
97 102 53
97 102 157
97 102 81
97 102 48
97 102 25
97 102 121
97 102 19
97 102 72
97 102 43
97 102 31
97 102 131
97 102 169
97 102 21
97 102 89
97 102 156
97 102 112
97 102 21
97 102 168
97 102 180
97 102 113
97 102 147
97 102 157
97 102 143
97 102 16
97 102 120
97 102 45
97 102 115
97 102 155
97 102 15
97 102 76
97 102 159
97 102 164
97 102 11
97 102 93
97 102 140
97 102 37
97 102 92
97 102 166
97 102 7
97 102 146
97 102 78
97 102 2
97 102 124
97 102 59
97 102 12
97 102 111
97 102 141
97 102 178
97 102 180
97 102 106
97 102 23
97 102 1
97 102 166
97 102 76
97 102 133
97 102 79
97 102 142
97 102 195
97 102 58
97 102 35
97 102 175
97 102 182
98 103 12
98 103 160
98 103 48
98 103 99
98 103 160
98 103 119
98 103 150
98 103 73
98 103 170
98 103 61
98 103 126
98 103 101
98 103 162
98 103 97
98 103 126
98 103 101
98 103 50
98 103 13
98 103 28
98 103 15
98 103 114
98 103 155
98 103 189
98 103 131
98 103 138
98 103 28
98 103 186
98 103 137
98 103 176
98 103 159
98 103 66
98 103 128
98 103 68
98 103 110
98 103 136
98 103 124
98 103 198
98 103 102
98 103 2
98 103 118
98 103 188
98 103 157
98 103 115
98 103 169
98 103 57
98 103 68
98 103 68
98 103 187
98 103 160
98 103 91
98 103 149
98 103 187
98 103 136
98 103 30
98 103 29
98 103 188
98 103 82
98 103 127
98 103 87
98 103 24
98 103 45
98 103 40
98 103 195
98 103 44
98 103 162
98 103 87
98 103 146
98 103 33
98 103 57
98 103 128
98 103 39
98 103 127
98 103 115
98 103 83
98 103 120
98 103 164
98 103 190
98 103 82
98 103 101
98 103 170
98 103 125
98 103 128
98 103 127
98 103 123
98 103 73
98 103 25
98 103 177
98 103 179
98 103 140
98 103 28
98 103 19
98 103 137
98 103 96
98 103 87
98 103 44
98 103 77
98 103 200
98 103 143
98 103 131
98 103 98
98 103 124
98 103 81
98 103 81
98 103 40
98 103 143
99 104 165
99 104 174
99 104 108
99 104 87
99 104 123
99 104 46
99 104 2
99 104 150
99 104 107
99 104 130
99 104 106
99 104 46
99 104 152
99 104 125
99 104 74
99 104 109
99 104 47
99 104 77
99 104 178
99 104 179
99 104 13
99 104 140
99 104 45
99 104 176
99 104 121
99 104 129
99 104 114
99 104 167
99 104 121
99 104 70
99 104 40
99 104 60
99 104 24
99 104 128
99 104 131
99 104 103
99 104 105
99 104 72
99 104 135
99 104 48
99 104 53
99 104 19
99 104 187
99 104 14
99 104 180
99 104 118
99 104 55
99 104 138
99 104 77
99 104 86
99 104 72
99 104 121
99 104 90
99 104 112
99 104 127
99 104 122
99 104 180
99 104 59
99 104 181
99 104 17
99 104 162
99 104 44
99 104 65
99 104 152
99 104 83
99 104 152
99 104 133
99 104 194
99 104 182
99 104 196
99 104 126
99 104 92
99 104 159
99 104 3
99 104 88
99 104 150
99 104 129
99 104 72
99 104 139
99 104 144
99 104 12
99 104 37
99 104 39
99 104 13
99 104 165
99 104 197
99 104 57
99 104 75
99 104 78
99 104 193
99 104 189
99 104 177
99 104 193
99 104 92
99 104 107
99 104 194
99 104 17
99 104 137
99 104 49
99 104 63
99 104 90
99 104 133
99 104 77
99 104 47
99 104 121
99 104 89
99 104 75
99 104 88
99 104 57
99 104 73
99 104 70
99 104 73
100 105 181
100 105 123
100 105 19
100 105 170
100 105 24
100 105 125
100 105 33
100 105 60
100 105 2
100 105 183
100 105 164
100 105 104
100 105 152
100 105 189
100 105 47
100 105 164
100 105 169
100 105 102
100 105 25
100 105 177
100 105 69
100 105 132
100 105 29
100 105 94
100 105 106
100 105 14
100 105 155
100 105 64
100 105 121
100 105 194
100 105 105
100 105 141
100 105 118
100 105 192
100 105 189
100 105 93
100 105 56
100 105 116
100 105 77
100 105 195
100 105 44
100 105 99
100 105 41
100 105 161
100 105 49
100 105 38
100 105 68
100 105 63
100 105 181
100 105 86
100 105 152
100 105 89
100 105 163
100 105 118
100 105 189
100 105 174
100 105 197
100 105 187
100 105 132
100 105 174
100 105 62
100 105 2
100 105 106
100 105 165
100 105 55
100 105 148
100 105 110
100 105 66
100 105 68
100 105 163
100 105 55
100 105 174
100 105 190
100 105 133
100 105 121
100 105 40
100 105 95
100 105 89
100 105 172
100 105 189
100 105 88
100 105 158
100 105 82
100 105 75
100 105 64
100 105 71
100 105 85
100 105 165
100 105 8
100 105 175
100 105 186
100 105 149
