10000 253828
1 6 14
1 6 113
1 6 122
1 6 191
1 6 117
1 6 59
1 6 187
1 6 184
1 6 72
1 6 197
1 6 77
1 6 116
1 6 79
1 6 81
1 6 106
1 6 68
1 6 29
1 6 20
1 6 144
1 6 24
1 6 170
1 6 57
1 6 155
1 6 156
1 6 94
1 6 101
1 6 140
1 6 166
1 6 177
1 6 95
1 6 28
1 6 77
1 6 87
1 6 138
1 6 58
1 6 44
1 6 174
1 6 99
1 6 80
1 6 27
1 6 184
1 6 64
1 6 122
1 6 46
1 6 30
1 6 77
1 6 15
1 6 170
1 6 24
1 6 20
1 6 18
1 6 145
1 6 5
1 6 3
1 6 185
1 6 123
1 6 1
1 6 171
1 6 126
1 6 174
1 6 55
1 6 188
1 6 17
1 6 18
1 6 54
1 6 133
1 6 70
1 6 162
1 6 105
1 6 172
1 6 59
1 6 182
1 6 62
1 6 55
1 6 157
1 6 163
1 6 3
1 6 141
1 6 92
1 6 34
1 6 73
1 6 53
1 6 9
1 6 157
1 6 109
1 6 21
1 6 118
1 6 196
1 6 127
1 6 44
1 6 101
1 6 20
1 6 11
1 6 199
1 6 36
1 6 66
1 6 24
1 6 62
1 6 73
1 6 148
1 6 122
1 6 196
1 6 194
1 6 81
1 6 151
1 6 179
1 6 153
2 7 1
2 7 139
2 7 108
2 7 109
2 7 50
2 7 69
2 7 20
2 7 134
2 7 106
2 7 45
2 7 93
2 7 127
2 7 37
2 7 196
2 7 132
2 7 81
2 7 12
2 7 25
2 7 112
2 7 65
2 7 117
2 7 139
2 7 77
2 7 108
2 7 14
2 7 177
2 7 43
2 7 163
2 7 54
2 7 125
2 7 36
2 7 192
2 7 78
2 7 34
2 7 96
2 7 22
2 7 88
2 7 104
2 7 15
2 7 2
2 7 61
2 7 191
2 7 200
2 7 133
2 7 66
2 7 77
2 7 48
2 7 28
2 7 7
2 7 157
2 7 142
2 7 109
2 7 59
2 7 125
2 7 160
2 7 24
2 7 55
2 7 194
2 7 66
2 7 21
2 7 4
2 7 141
2 7 176
2 7 182
2 7 107
2 7 166
2 7 82
2 7 172
2 7 59
2 7 5
2 7 115
2 7 24
2 7 59
2 7 36
2 7 9
2 7 112
2 7 96
2 7 61
2 7 140
2 7 175
2 7 114
2 7 48
2 7 161
2 7 37
2 7 18
2 7 18
2 7 74
2 7 139
2 7 130
3 8 88
3 8 86
3 8 74
3 8 186
3 8 137
3 8 72
3 8 89
3 8 77
3 8 13
3 8 197
3 8 152
3 8 191
3 8 152
3 8 85
3 8 7
3 8 30
3 8 54
3 8 29
3 8 171
3 8 29
3 8 78
3 8 157
3 8 144
3 8 117
3 8 90
3 8 141
3 8 98
3 8 17
3 8 148
3 8 18
3 8 19
3 8 43
3 8 76
3 8 89
3 8 17
3 8 94
3 8 139
3 8 158
3 8 196
3 8 117
3 8 115
3 8 42
3 8 151
3 8 153
3 8 104
3 8 181
3 8 158
3 8 120
3 8 172
3 8 27
3 8 49
3 8 37
3 8 186
3 8 197
3 8 160
3 8 157
3 8 155
3 8 105
3 8 110
3 8 45
3 8 72
3 8 32
3 8 153
3 8 39
3 8 81
3 8 121
3 8 157
3 8 81
3 8 50
3 8 170
3 8 67
3 8 30
3 8 21
3 8 102
3 8 20
3 8 185
3 8 51
3 8 190
3 8 22
3 8 84
3 8 27
3 8 125
3 8 190
3 8 151
3 8 35
3 8 157
3 8 49
3 8 29
3 8 4
3 8 59
3 8 6
3 8 81
3 8 136
3 8 25
3 8 77
3 8 159
3 8 30
3 8 89
3 8 29
3 8 157
3 8 101
3 8 61
3 8 117
4 9 115
4 9 126
4 9 150
4 9 97
4 9 183
4 9 121
4 9 74
4 9 54
4 9 194
4 9 102
4 9 144
4 9 173
4 9 113
4 9 24
4 9 44
4 9 6
4 9 115
4 9 192
4 9 111
4 9 76
4 9 171
4 9 156
4 9 161
4 9 87
4 9 39
4 9 132
4 9 56
4 9 26
4 9 135
4 9 141
4 9 171
4 9 163
4 9 47
4 9 87
4 9 93
4 9 125
4 9 57
4 9 20
4 9 151
4 9 195
4 9 182
4 9 88
4 9 152
4 9 63
4 9 92
4 9 141
4 9 30
4 9 45
4 9 185
4 9 2
4 9 145
4 9 105
4 9 11
4 9 62
4 9 40
4 9 80
4 9 51
4 9 20
4 9 96
4 9 77
4 9 133
4 9 42
4 9 92
4 9 119
4 9 151
4 9 132
4 9 157
4 9 66
4 9 127
4 9 155
4 9 80
4 9 61
4 9 159
4 9 44
4 9 124
4 9 81
4 9 176
4 9 30
4 9 178
4 9 112
4 9 137
4 9 116
4 9 194
4 9 116
4 9 47
4 9 136
4 9 123
4 9 195
4 9 97
4 9 138
4 9 43
4 9 56
4 9 37
4 9 96
4 9 123
4 9 194
5 10 124
5 10 197
5 10 136
5 10 5
5 10 145
5 10 86
5 10 113
5 10 45
5 10 5
5 10 123
5 10 119
5 10 136
5 10 43
5 10 143
5 10 23
5 10 177
5 10 156
5 10 72
5 10 185
5 10 26
5 10 149
5 10 72
5 10 100
5 10 178
5 10 62
5 10 103
5 10 167
5 10 196
5 10 74
5 10 199
5 10 200
5 10 35
5 10 64
5 10 47
5 10 140
5 10 42
5 10 55
5 10 58
5 10 67
5 10 63
5 10 177
5 10 122
5 10 96
5 10 154
5 10 70
5 10 30
5 10 27
5 10 101
5 10 143
5 10 132
5 10 161
5 10 87
5 10 194
5 10 56
5 10 19
5 10 26
5 10 68
5 10 93
5 10 138
5 10 22
5 10 95
5 10 52
5 10 34
5 10 8
5 10 49
5 10 144
5 10 143
5 10 195
5 10 168
5 10 171
5 10 96
5 10 4
5 10 187
5 10 38
5 10 100
5 10 188
5 10 7
5 10 196
5 10 73
5 10 151
5 10 151
5 10 129
5 10 106
5 10 81
5 10 17
5 10 129
5 10 140
5 10 125
5 10 8
5 10 125
5 10 189
5 10 59
5 10 109
5 10 87
5 10 176
5 10 127
5 10 188
5 10 138
5 10 10
5 10 192
6 11 143
6 11 164
6 11 164
6 11 81
6 11 87
6 11 140
6 11 105
6 11 44
6 11 167
6 11 99
6 11 84
6 11 106
6 11 62
6 11 125
6 11 146
6 11 78
6 11 139
6 11 51
6 11 99
6 11 72
6 11 85
6 11 35
6 11 63
6 11 115
6 11 182
6 11 135
6 11 119
6 11 187
6 11 24
6 11 54
6 11 49
6 11 190
6 11 78
6 11 148
6 11 63
6 11 10
6 11 163
6 11 111
6 11 114
6 11 58
6 11 54
6 11 107
6 11 180
6 11 95
6 11 2
6 11 182
6 11 71
6 11 185
6 11 72
6 11 168
6 11 46
6 11 7
6 11 69
6 11 85
6 11 60
6 11 65
6 11 83
6 11 154
6 11 200
6 11 42
6 11 82
6 11 104
6 11 56
6 11 102
6 11 162
6 11 17
6 11 77
6 11 105
6 11 174
6 11 105
6 11 14
6 11 28
6 11 186
6 11 95
6 11 170
6 11 133
6 11 144
6 11 194
6 11 158
6 11 62
6 11 23
6 11 108
6 11 177
6 11 197
6 11 171
6 11 156
6 11 186
6 11 98
6 11 8
6 11 79
6 11 125
6 11 111
6 11 146
6 11 174
6 11 132
6 11 49
6 11 52
6 11 71
6 11 195
6 11 128
7 12 149
7 12 96
7 12 118
7 12 121
7 12 175
7 12 199
7 12 166
7 12 194
7 12 80
7 12 66
7 12 1
7 12 60
7 12 18
7 12 166
7 12 72
7 12 13
7 12 33
7 12 114
7 12 102
7 12 109
7 12 154
7 12 1
7 12 147
7 12 70
7 12 161
7 12 75
7 12 27
7 12 79
7 12 164
7 12 72
7 12 199
7 12 189
7 12 147
7 12 200
7 12 134
7 12 113
7 12 81
7 12 7
7 12 149
7 12 194
7 12 49
7 12 173
7 12 90
7 12 153
7 12 82
7 12 86
7 12 21
7 12 24
7 12 78
7 12 66
7 12 103
7 12 114
7 12 157
7 12 8
7 12 134
7 12 170
7 12 22
7 12 70
7 12 7
7 12 44
7 12 81
7 12 40
7 12 124
7 12 32
7 12 61
7 12 171
7 12 17
7 12 115
7 12 160
7 12 143
7 12 66
7 12 168
7 12 78
7 12 14
7 12 27
7 12 117
7 12 161
7 12 134
7 12 77
7 12 11
7 12 23
7 12 138
7 12 100
7 12 115
7 12 116
7 12 140
7 12 157
7 12 136
7 12 31
8 13 145
8 13 114
8 13 136
8 13 51
8 13 90
8 13 112
8 13 137
8 13 22
8 13 79
8 13 141
8 13 154
8 13 24
8 13 48
8 13 120
8 13 144
8 13 180
8 13 91
8 13 180
8 13 159
8 13 143
8 13 154
8 13 128
8 13 86
8 13 109
8 13 132
8 13 147
8 13 190
8 13 188
8 13 7
8 13 18
8 13 11
8 13 97
8 13 141
8 13 8
8 13 46
8 13 110
8 13 17
8 13 151
8 13 98
8 13 78
8 13 78
8 13 103
8 13 129
8 13 1
8 13 121
8 13 124
8 13 96
8 13 92
8 13 9
8 13 20
8 13 123
8 13 55
8 13 190
8 13 162
8 13 86
8 13 147
8 13 103
8 13 26
8 13 158
8 13 183
8 13 176
8 13 15
8 13 57
8 13 199
8 13 119
8 13 119
8 13 147
8 13 142
8 13 76
8 13 139
8 13 85
8 13 34
8 13 194
8 13 184
8 13 170
8 13 56
8 13 49
8 13 182
8 13 20
8 13 89
8 13 83
8 13 49
8 13 98
8 13 91
8 13 33
8 13 166
8 13 42
8 13 129
8 13 128
8 13 42
8 13 69
9 14 18
9 14 6
9 14 155
9 14 172
9 14 7
9 14 115
9 14 147
9 14 35
9 14 105
9 14 141
9 14 185
9 14 50
9 14 175
9 14 66
9 14 68
9 14 84
9 14 38
9 14 2
9 14 153
9 14 144
9 14 86
9 14 136
9 14 4
9 14 109
9 14 133
9 14 10
9 14 18
9 14 160
9 14 169
9 14 90
9 14 151
9 14 162
9 14 13
9 14 86
9 14 14
9 14 67
9 14 30
9 14 197
9 14 104
9 14 53
9 14 122
9 14 7
9 14 1
9 14 37
9 14 81
9 14 66
9 14 36
9 14 110
9 14 171
9 14 38
9 14 33
9 14 159
9 14 145
9 14 41
9 14 200
9 14 60
9 14 158
9 14 42
9 14 170
9 14 24
9 14 141
9 14 20
9 14 54
9 14 51
9 14 37
9 14 119
9 14 126
9 14 102
9 14 122
9 14 62
9 14 140
9 14 76
9 14 198
9 14 6
9 14 20
9 14 123
9 14 166
9 14 87
9 14 148
9 14 188
9 14 83
9 14 62
9 14 74
9 14 37
9 14 4
9 14 193
9 14 194
9 14 6
9 14 167
9 14 186
9 14 178
9 14 26
9 14 168
9 14 80
9 14 154
9 14 190
9 14 175
9 14 132
9 14 72
9 14 191
9 14 21
9 14 52
9 14 40
9 14 103
10 15 83
10 15 48
10 15 174
10 15 104
10 15 137
10 15 19
10 15 66
10 15 110
10 15 177
10 15 119
10 15 9
10 15 135
10 15 194
10 15 185
10 15 169
10 15 153
10 15 68
10 15 106
10 15 9
10 15 195
10 15 172
10 15 13
10 15 130
10 15 26
10 15 192
10 15 179
10 15 185
10 15 99
10 15 158
10 15 161
10 15 130
10 15 182
10 15 174
10 15 148
10 15 159
10 15 189
10 15 55
10 15 41
10 15 104
10 15 114
10 15 70
10 15 55
10 15 30
10 15 127
10 15 114
10 15 20
10 15 114
10 15 154
10 15 118
10 15 15
10 15 148
10 15 119
10 15 36
10 15 168
10 15 24
10 15 61
10 15 20
10 15 118
10 15 137
10 15 107
10 15 83
10 15 194
10 15 176
10 15 140
10 15 165
10 15 5
10 15 166
10 15 69
10 15 45
10 15 151
10 15 197
10 15 162
10 15 186
10 15 19
10 15 87
10 15 129
10 15 199
10 15 31
10 15 101
10 15 75
10 15 55
10 15 107
10 15 138
10 15 16
10 15 151
10 15 154
10 15 107
10 15 152
10 15 19
10 15 149
10 15 146
10 15 33
10 15 104
10 15 111
11 16 55
11 16 159
11 16 96
11 16 133
11 16 69
11 16 52
11 16 157
11 16 86
11 16 117
11 16 83
11 16 79
11 16 38
11 16 161
11 16 194
11 16 77
11 16 37
11 16 89
11 16 66
11 16 27
11 16 131
11 16 97
11 16 136
11 16 102
11 16 34
11 16 5
11 16 18
11 16 179
11 16 11
11 16 67
11 16 173
11 16 113
11 16 67
11 16 77
11 16 173
11 16 106
11 16 63
11 16 104
11 16 146
11 16 74
11 16 20
11 16 9
11 16 77
11 16 74
11 16 195
11 16 64
11 16 172
11 16 158
11 16 14
11 16 151
11 16 27
11 16 181
11 16 159
11 16 112
11 16 151
11 16 53
11 16 22
11 16 107
11 16 11
11 16 135
11 16 22
11 16 124
11 16 21
11 16 59
11 16 121
11 16 178
11 16 149
11 16 141
11 16 151
11 16 169
11 16 128
11 16 37
11 16 168
11 16 151
11 16 2
11 16 188
11 16 135
11 16 69
11 16 7
11 16 15
11 16 114
11 16 25
11 16 103
11 16 58
11 16 20
11 16 189
11 16 171
11 16 94
11 16 40
11 16 197
11 16 33
11 16 74
11 16 94
11 16 57
11 16 5
11 16 183
11 16 81
11 16 40
11 16 95
11 16 178
11 16 48
11 16 123
11 16 150
11 16 157
11 16 155
11 16 57
11 16 57
11 16 67
11 16 199
11 16 181
11 16 162
11 16 58
11 16 178
11 16 144
11 16 178
11 16 9
11 16 97
11 16 2
11 16 124
11 16 114
12 17 194
12 17 86
12 17 124
12 17 185
12 17 20
12 17 9
12 17 24
12 17 52
12 17 66
12 17 127
12 17 151
12 17 5
12 17 150
12 17 84
12 17 131
12 17 113
12 17 163
12 17 164
12 17 17
12 17 101
12 17 169
12 17 94
12 17 153
12 17 148
12 17 196
12 17 114
12 17 121
12 17 183
12 17 165
12 17 54
12 17 88
12 17 131
12 17 131
12 17 8
12 17 5
12 17 51
12 17 20
12 17 198
12 17 117
12 17 104
12 17 30
12 17 134
12 17 17
12 17 198
12 17 53
12 17 119
12 17 166
12 17 188
12 17 151
12 17 18
12 17 29
12 17 43
12 17 39
12 17 147
12 17 71
12 17 65
12 17 95
12 17 129
12 17 111
12 17 108
12 17 155
12 17 141
12 17 110
12 17 143
12 17 16
12 17 23
12 17 191
12 17 115
12 17 171
12 17 31
12 17 37
12 17 132
12 17 121
12 17 151
12 17 95
12 17 125
12 17 192
12 17 135
12 17 193
12 17 70
12 17 130
12 17 192
12 17 153
12 17 35
12 17 117
12 17 79
12 17 122
12 17 66
12 17 123
13 18 66
13 18 198
13 18 138
13 18 109
13 18 122
13 18 130
13 18 110
13 18 59
13 18 57
13 18 128
13 18 93
13 18 183
13 18 89
13 18 49
13 18 56
13 18 196
13 18 5
13 18 21
13 18 115
13 18 1
13 18 106
13 18 8
13 18 148
13 18 200
13 18 66
13 18 69
13 18 7
13 18 79
13 18 149
13 18 2
13 18 195
13 18 5
13 18 92
13 18 78
13 18 121
13 18 43
13 18 126
13 18 116
13 18 2
13 18 117
13 18 100
13 18 176
13 18 59
13 18 47
13 18 69
13 18 103
13 18 3
13 18 150
13 18 56
13 18 76
13 18 30
13 18 48
13 18 89
13 18 93
13 18 2
13 18 47
13 18 7
13 18 164
13 18 46
13 18 141
13 18 24
13 18 142
13 18 6
13 18 54
13 18 30
13 18 100
13 18 161
13 18 62
13 18 3
13 18 52
13 18 15
13 18 75
13 18 196
13 18 57
13 18 169
13 18 42
13 18 133
13 18 172
13 18 148
13 18 105
13 18 45
13 18 121
13 18 44
13 18 24
13 18 60
13 18 8
13 18 109
13 18 21
13 18 1
13 18 17
13 18 10
13 18 14
13 18 4
13 18 160
13 18 198
13 18 131
13 18 188
13 18 68
13 18 170
13 18 63
13 18 152
13 18 21
13 18 126
13 18 190
13 18 19
13 18 148
13 18 47
13 18 180
13 18 188
13 18 195
13 18 150
13 18 43
14 19 2
14 19 197
14 19 57
14 19 194
14 19 70
14 19 119
14 19 117
14 19 150
14 19 147
14 19 58
14 19 101
14 19 89
14 19 185
14 19 61
14 19 177
14 19 43
14 19 59
14 19 121
14 19 37
14 19 87
14 19 138
14 19 46
14 19 23
14 19 115
14 19 189
14 19 178
14 19 17
14 19 182
14 19 32
14 19 59
14 19 37
14 19 90
14 19 146
14 19 92
14 19 111
14 19 39
14 19 106
14 19 65
14 19 133
14 19 13
14 19 8
14 19 66
14 19 120
14 19 122
14 19 117
14 19 81
14 19 120
14 19 66
14 19 41
14 19 155
14 19 195
14 19 2
14 19 30
14 19 102
14 19 177
14 19 7
14 19 115
14 19 49
14 19 39
14 19 95
14 19 145
14 19 118
14 19 34
14 19 59
14 19 54
14 19 175
14 19 178
14 19 16
14 19 86
14 19 186
14 19 1
14 19 83
14 19 95
14 19 146
14 19 38
14 19 55
14 19 49
14 19 177
14 19 185
14 19 72
14 19 106
14 19 153
14 19 120
14 19 19
14 19 3
14 19 6
14 19 15
14 19 50
14 19 41
14 19 179
14 19 52
14 19 160
14 19 39
14 19 73
14 19 101
14 19 110
14 19 167
14 19 1
14 19 178
14 19 90
14 19 178
14 19 70
14 19 192
14 19 1
14 19 181
15 20 72
15 20 25
15 20 190
15 20 6
15 20 71
15 20 92
15 20 171
15 20 12
15 20 16
15 20 14
15 20 62
15 20 16
15 20 21
15 20 45
15 20 148
15 20 115
15 20 176
15 20 181
15 20 23
15 20 143
15 20 8
15 20 35
15 20 189
15 20 53
15 20 126
15 20 46
15 20 168
15 20 200
15 20 104
15 20 200
15 20 35
15 20 137
15 20 112
15 20 100
15 20 7
15 20 91
15 20 7
15 20 159
15 20 105
15 20 14
15 20 91
15 20 111
15 20 126
15 20 51
15 20 36
15 20 54
15 20 68
15 20 61
15 20 78
15 20 114
15 20 192
15 20 65
15 20 38
15 20 82
15 20 181
15 20 112
15 20 50
15 20 160
15 20 147
15 20 15
15 20 48
15 20 75
15 20 52
15 20 164
15 20 62
15 20 77
15 20 82
15 20 128
15 20 143
15 20 121
15 20 65
15 20 173
15 20 97
15 20 163
15 20 57
15 20 34
15 20 1
15 20 28
15 20 149
15 20 118
15 20 39
15 20 180
15 20 41
15 20 154
15 20 81
15 20 68
15 20 69
15 20 160
15 20 42
15 20 54
15 20 31
15 20 196
15 20 112
16 21 36
16 21 84
16 21 81
16 21 106
16 21 32
16 21 193
16 21 153
16 21 83
16 21 135
16 21 72
16 21 126
16 21 116
16 21 190
16 21 147
16 21 12
16 21 108
16 21 172
16 21 52
16 21 190
16 21 108
16 21 94
16 21 119
16 21 34
16 21 68
16 21 174
16 21 124
16 21 36
16 21 131
16 21 89
16 21 69
16 21 61
16 21 96
16 21 168
16 21 40
16 21 187
16 21 113
16 21 77
16 21 73
16 21 139
16 21 38
16 21 166
16 21 32
16 21 13
16 21 193
16 21 41
16 21 147
16 21 34
16 21 168
16 21 124
16 21 127
16 21 94
16 21 34
16 21 56
16 21 125
16 21 131
16 21 129
16 21 55
16 21 87
16 21 179
16 21 73
16 21 55
16 21 73
16 21 123
16 21 100
16 21 176
16 21 165
16 21 42
16 21 28
16 21 11
16 21 73
16 21 198
16 21 28
16 21 47
16 21 66
16 21 101
16 21 51
16 21 97
16 21 20
16 21 21
16 21 120
16 21 54
16 21 20
16 21 22
16 21 51
16 21 91
16 21 51
16 21 175
16 21 190
16 21 108
16 21 194
16 21 100
16 21 3
16 21 134
16 21 68
16 21 5
16 21 29
16 21 1
16 21 118
16 21 5
16 21 21
16 21 53
16 21 138
16 21 126
16 21 121
16 21 125
16 21 157
16 21 5
16 21 37
17 22 198
17 22 42
17 22 140
17 22 67
17 22 73
17 22 1
17 22 84
17 22 105
17 22 192
17 22 91
17 22 156
17 22 84
17 22 59
17 22 40
17 22 28
17 22 85
17 22 184
17 22 31
17 22 196
17 22 136
17 22 136
17 22 118
17 22 125
17 22 174
17 22 165
17 22 113
17 22 92
17 22 27
17 22 134
17 22 31
17 22 55
17 22 114
17 22 69
17 22 61
17 22 147
17 22 113
17 22 45
17 22 5
17 22 79
17 22 72
17 22 30
17 22 128
17 22 81
17 22 71
17 22 27
17 22 96
17 22 15
17 22 162
17 22 156
17 22 73
17 22 55
17 22 164
17 22 173
17 22 32
17 22 72
17 22 29
17 22 181
17 22 147
17 22 188
17 22 170
17 22 179
17 22 48
17 22 110
17 22 199
17 22 142
17 22 134
17 22 38
17 22 3
17 22 193
17 22 48
17 22 183
17 22 172
17 22 168
17 22 128
17 22 3
17 22 70
17 22 105
17 22 40
17 22 196
17 22 13
17 22 197
17 22 34
17 22 84
17 22 184
17 22 175
17 22 164
17 22 126
17 22 10
17 22 38
17 22 196
17 22 175
17 22 54
17 22 8
17 22 63
17 22 33
17 22 79
17 22 172
17 22 88
17 22 32
17 22 131
17 22 123
17 22 84
18 23 89
18 23 2
18 23 33
18 23 57
18 23 115
18 23 97
18 23 124
18 23 100
18 23 42
18 23 130
18 23 79
18 23 119
18 23 140
18 23 146
18 23 28
18 23 133
18 23 132
18 23 138
18 23 165
18 23 75
18 23 123
18 23 43
18 23 138
18 23 163
18 23 199
18 23 11
18 23 76
18 23 143
18 23 31
18 23 96
18 23 129
18 23 1
18 23 194
18 23 82
18 23 42
18 23 121
18 23 95
18 23 91
18 23 5
18 23 95
18 23 52
18 23 7
18 23 127
18 23 187
18 23 75
18 23 23
18 23 17
18 23 180
18 23 20
18 23 46
18 23 141
18 23 139
18 23 70
18 23 71
18 23 157
18 23 51
18 23 94
18 23 88
18 23 157
18 23 143
18 23 179
18 23 128
18 23 176
18 23 35
18 23 51
18 23 30
18 23 189
18 23 198
18 23 160
18 23 60
18 23 123
18 23 166
18 23 160
18 23 173
18 23 36
18 23 108
18 23 189
18 23 80
18 23 19
18 23 76
18 23 182
18 23 193
18 23 87
18 23 119
18 23 162
18 23 7
18 23 152
18 23 35
18 23 164
18 23 131
18 23 146
18 23 139
19 24 28
19 24 88
19 24 136
19 24 64
19 24 82
19 24 86
19 24 79
19 24 15
19 24 100
19 24 9
19 24 185
19 24 101
19 24 43
19 24 20
19 24 136
19 24 187
19 24 187
19 24 129
19 24 111
19 24 66
19 24 19
19 24 49
19 24 104
19 24 2
19 24 72
19 24 169
19 24 129
19 24 155
19 24 106
19 24 12
19 24 83
19 24 177
19 24 93
19 24 84
19 24 30
19 24 156
19 24 178
19 24 182
19 24 101
19 24 73
19 24 82
19 24 148
19 24 16
19 24 41
19 24 165
19 24 132
19 24 4
19 24 5
19 24 26
19 24 69
19 24 38
19 24 65
19 24 169
19 24 120
19 24 166
19 24 172
19 24 27
19 24 135
19 24 98
19 24 45
19 24 147
19 24 196
19 24 164
19 24 89
19 24 164
19 24 60
19 24 181
19 24 93
19 24 65
19 24 173
19 24 33
19 24 87
19 24 112
19 24 103
19 24 51
19 24 28
19 24 133
19 24 85
19 24 133
19 24 162
19 24 28
19 24 122
19 24 124
19 24 67
19 24 95
19 24 151
19 24 101
19 24 57
19 24 148
19 24 8
19 24 111
19 24 42
19 24 172
19 24 175
19 24 31
19 24 45
19 24 96
19 24 104
19 24 100
19 24 145
19 24 117
19 24 39
19 24 156
19 24 84
20 25 112
20 25 107
20 25 41
20 25 126
20 25 153
20 25 41
20 25 30
20 25 198
20 25 171
20 25 37
20 25 98
20 25 10
20 25 98
20 25 32
20 25 80
20 25 56
20 25 149
20 25 39
20 25 39
20 25 124
20 25 52
20 25 34
20 25 50
20 25 21
20 25 116
20 25 59
20 25 133
20 25 29
20 25 131
20 25 80
20 25 27
20 25 192
20 25 22
20 25 156
20 25 9
20 25 26
20 25 56
20 25 7
20 25 110
20 25 1
20 25 103
20 25 163
20 25 59
20 25 192
20 25 41
20 25 95
20 25 129
20 25 20
20 25 186
20 25 92
20 25 28
20 25 12
20 25 140
20 25 9
20 25 33
20 25 169
20 25 45
20 25 61
20 25 69
20 25 81
20 25 177
20 25 38
20 25 124
20 25 148
20 25 106
20 25 55
20 25 82
20 25 130
20 25 111
20 25 6
20 25 172
20 25 186
20 25 97
20 25 80
20 25 122
20 25 165
20 25 103
20 25 171
20 25 151
20 25 47
20 25 38
20 25 102
20 25 130
20 25 91
20 25 102
20 25 176
20 25 84
20 25 143
20 25 42
20 25 172
20 25 45
20 25 119
20 25 197
20 25 80
20 25 72
20 25 22
20 25 29
20 25 67
20 25 95
20 25 49
20 25 143
20 25 67
20 25 116
21 26 88
21 26 50
21 26 194
21 26 73
21 26 160
21 26 38
21 26 152
21 26 85
21 26 27
21 26 62
21 26 63
21 26 116
21 26 119
21 26 58
21 26 167
21 26 146
21 26 17
21 26 53
21 26 37
21 26 170
21 26 90
21 26 151
21 26 93
21 26 53
21 26 12
21 26 141
21 26 98
21 26 154
21 26 137
21 26 103
21 26 200
21 26 150
21 26 27
21 26 142
21 26 9
21 26 112
21 26 31
21 26 103
21 26 39
21 26 23
21 26 197
21 26 35
21 26 118
21 26 93
21 26 180
21 26 30
21 26 193
21 26 49
21 26 60
21 26 166
21 26 110
21 26 29
21 26 200
21 26 117
21 26 187
21 26 59
21 26 135
21 26 153
21 26 103
21 26 121
21 26 27
21 26 85
21 26 43
21 26 39
21 26 109
21 26 184
21 26 136
21 26 47
21 26 194
21 26 149
21 26 199
21 26 35
21 26 37
21 26 161
21 26 182
21 26 170
21 26 8
21 26 80
21 26 14
21 26 86
21 26 198
21 26 164
21 26 121
21 26 29
21 26 104
21 26 193
21 26 141
21 26 79
21 26 187
21 26 80
21 26 49
21 26 93
21 26 97
22 27 45
22 27 100
22 27 64
22 27 187
22 27 69
22 27 179
22 27 158
22 27 107
22 27 23
22 27 196
22 27 162
22 27 103
22 27 88
22 27 167
22 27 83
22 27 20
22 27 106
22 27 112
22 27 2
22 27 31
22 27 63
22 27 124
22 27 163
22 27 91
22 27 28
22 27 81
22 27 189
22 27 65
22 27 192
22 27 47
22 27 145
22 27 79
22 27 82
22 27 123
22 27 93
22 27 70
22 27 110
22 27 70
22 27 92
22 27 99
22 27 137
22 27 111
22 27 44
22 27 46
22 27 69
22 27 106
22 27 72
22 27 174
22 27 75
22 27 47
22 27 165
22 27 28
22 27 153
22 27 200
22 27 103
22 27 39
22 27 152
22 27 59
22 27 142
22 27 120
22 27 12
22 27 144
22 27 103
22 27 136
22 27 31
22 27 147
22 27 50
22 27 89
22 27 79
22 27 21
22 27 116
22 27 1
22 27 55
22 27 162
22 27 121
22 27 80
22 27 100
22 27 198
22 27 113
22 27 53
22 27 149
22 27 107
22 27 155
22 27 29
22 27 82
22 27 168
22 27 14
22 27 195
22 27 180
22 27 100
22 27 73
22 27 153
23 28 38
23 28 177
23 28 127
23 28 102
23 28 104
23 28 155
23 28 25
23 28 18
23 28 101
23 28 80
23 28 90
23 28 141
23 28 116
23 28 192
23 28 24
23 28 25
23 28 175
23 28 85
23 28 154
23 28 72
23 28 133
23 28 199
23 28 13
23 28 37
23 28 176
23 28 73
23 28 100
23 28 46
23 28 76
23 28 14
23 28 164
23 28 168
23 28 30
23 28 13
23 28 18
23 28 187
23 28 29
23 28 70
23 28 131
23 28 29
23 28 192
23 28 112
23 28 30
23 28 116
23 28 137
23 28 8
23 28 18
23 28 140
23 28 168
23 28 119
23 28 161
23 28 39
23 28 100
23 28 67
23 28 120
23 28 76
23 28 75
23 28 194
23 28 81
23 28 177
23 28 166
23 28 144
23 28 49
23 28 191
23 28 142
23 28 200
23 28 35
23 28 123
23 28 134
23 28 196
23 28 160
23 28 135
23 28 152
23 28 167
23 28 19
23 28 147
23 28 71
23 28 59
23 28 35
23 28 80
23 28 171
23 28 36
23 28 128
23 28 178
23 28 78
23 28 80
23 28 95
23 28 40
23 28 113
23 28 51
23 28 31
23 28 200
23 28 180
23 28 8
24 29 74
24 29 39
24 29 194
24 29 124
24 29 150
24 29 87
24 29 1
24 29 24
24 29 54
24 29 100
24 29 20
24 29 45
24 29 162
24 29 101
24 29 73
24 29 46
24 29 39
24 29 184
24 29 69
24 29 123
24 29 13
24 29 143
24 29 58
24 29 176
24 29 104
24 29 76
24 29 171
24 29 198
24 29 84
24 29 193
24 29 199
24 29 94
24 29 173
24 29 47
24 29 67
24 29 49
24 29 37
24 29 125
24 29 163
24 29 83
24 29 178
24 29 43
24 29 142
24 29 15
24 29 38
24 29 104
24 29 105
24 29 10
24 29 104
24 29 183
24 29 63
24 29 60
24 29 143
24 29 81
24 29 197
24 29 66
24 29 117
24 29 26
24 29 81
24 29 179
24 29 23
24 29 60
24 29 96
24 29 153
24 29 200
24 29 67
24 29 123
24 29 41
24 29 60
24 29 116
24 29 160
24 29 41
24 29 40
24 29 179
24 29 175
24 29 196
24 29 9
24 29 181
24 29 8
24 29 54
24 29 72
24 29 150
24 29 187
24 29 162
24 29 164
24 29 130
24 29 110
24 29 64
24 29 62
24 29 163
24 29 118
24 29 45
24 29 188
24 29 172
24 29 145
24 29 74
24 29 134
24 29 137
24 29 97
24 29 101
24 29 2
24 29 92
24 29 121
24 29 122
24 29 171
24 29 64
24 29 86
25 30 44
25 30 116
25 30 62
25 30 162
25 30 165
25 30 57
25 30 196
25 30 147
25 30 44
25 30 6
25 30 49
25 30 58
25 30 163
25 30 81
25 30 22
25 30 81
25 30 146
25 30 113
25 30 191
25 30 32
25 30 182
25 30 126
25 30 92
25 30 59
25 30 166
25 30 118
25 30 54
25 30 113
25 30 185
25 30 142
25 30 66
25 30 143
25 30 40
25 30 123
25 30 49
25 30 20
25 30 155
25 30 44
25 30 121
25 30 141
25 30 186
25 30 196
25 30 62
25 30 50
25 30 100
25 30 115
25 30 52
25 30 56
25 30 189
25 30 18
25 30 66
25 30 57
25 30 196
25 30 9
25 30 24
25 30 99
25 30 26
25 30 79
25 30 168
25 30 141
25 30 59
25 30 99
25 30 129
25 30 54
25 30 174
25 30 197
25 30 2
25 30 97
25 30 14
25 30 106
25 30 26
25 30 91
25 30 114
25 30 147
25 30 162
25 30 5
25 30 34
25 30 25
25 30 133
25 30 15
25 30 103
25 30 151
25 30 121
25 30 57
25 30 103
25 30 35
25 30 56
25 30 129
25 30 116
25 30 134
25 30 133
25 30 118
25 30 93
25 30 122
25 30 37
25 30 117
25 30 124
25 30 5
25 30 5
25 30 39
25 30 72
25 30 88
25 30 11
25 30 120
26 31 157
26 31 44
26 31 86
26 31 54
26 31 154
26 31 60
26 31 131
26 31 46
26 31 117
26 31 138
26 31 72
26 31 38
26 31 51
26 31 179
26 31 151
26 31 199
26 31 9
26 31 153
26 31 127
26 31 129
26 31 44
26 31 99
26 31 187
26 31 2
26 31 142
26 31 46
26 31 141
26 31 171
26 31 107
26 31 33
26 31 143
26 31 181
26 31 141
26 31 12
26 31 159
26 31 40
26 31 159
26 31 1
26 31 134
26 31 183
26 31 101
26 31 134
26 31 163
26 31 41
26 31 194
26 31 103
26 31 176
26 31 133
26 31 68
26 31 59
26 31 152
26 31 14
26 31 36
26 31 200
26 31 122
26 31 176
26 31 130
26 31 13
26 31 2
26 31 180
26 31 106
26 31 196
26 31 92
26 31 27
26 31 14
26 31 31
26 31 98
26 31 59
26 31 91
26 31 29
26 31 179
26 31 197
26 31 42
26 31 34
26 31 107
26 31 153
26 31 61
26 31 139
26 31 157
26 31 118
26 31 184
26 31 182
27 32 44
27 32 177
27 32 114
27 32 170
27 32 145
27 32 174
27 32 116
27 32 107
27 32 92
27 32 199
27 32 70
27 32 63
27 32 152
27 32 108
27 32 34
27 32 28
27 32 51
27 32 183
27 32 95
27 32 112
27 32 65
27 32 64
27 32 117
27 32 45
27 32 49
27 32 47
27 32 199
27 32 130
27 32 41
27 32 90
27 32 67
27 32 35
27 32 11
27 32 80
27 32 6
27 32 36
27 32 113
27 32 64
27 32 190
27 32 66
27 32 102
27 32 146
27 32 147
27 32 89
27 32 44
27 32 143
27 32 200
27 32 60
27 32 40
27 32 1
27 32 17
27 32 110
27 32 188
27 32 155
27 32 85
27 32 44
27 32 57
27 32 25
27 32 100
27 32 111
27 32 197
27 32 80
27 32 93
27 32 136
27 32 119
27 32 78
27 32 129
27 32 194
27 32 51
27 32 60
27 32 111
27 32 27
27 32 158
27 32 7
27 32 88
27 32 181
27 32 81
27 32 2
27 32 55
27 32 131
27 32 135
27 32 68
27 32 47
27 32 195
27 32 9
27 32 187
27 32 192
27 32 46
27 32 141
27 32 150
27 32 62
27 32 152
27 32 32
27 32 104
27 32 87
27 32 99
27 32 74
27 32 65
27 32 152
27 32 166
27 32 3
27 32 32
28 33 97
28 33 135
28 33 73
28 33 160
28 33 91
28 33 155
28 33 191
28 33 145
28 33 136
28 33 182
28 33 122
28 33 127
28 33 16
28 33 32
28 33 195
28 33 162
28 33 27
28 33 50
28 33 114
28 33 114
28 33 37
28 33 3
28 33 172
28 33 171
28 33 84
28 33 39
28 33 103
28 33 155
28 33 38
28 33 70
28 33 26
28 33 137
28 33 96
28 33 118
28 33 130
28 33 83
28 33 80
28 33 1
28 33 113
28 33 15
28 33 171
28 33 122
28 33 43
28 33 71
28 33 18
28 33 51
28 33 84
28 33 194
28 33 49
28 33 140
28 33 108
28 33 148
28 33 115
28 33 35
28 33 119
28 33 159
28 33 31
28 33 102
28 33 73
28 33 39
28 33 155
28 33 188
28 33 82
28 33 122
28 33 50
28 33 4
28 33 129
28 33 198
28 33 149
28 33 88
28 33 16
28 33 94
28 33 153
28 33 15
28 33 163
28 33 156
28 33 124
28 33 110
28 33 197
28 33 33
28 33 193
28 33 178
28 33 50
28 33 85
28 33 22
28 33 109
28 33 91
28 33 104
28 33 126
28 33 30
28 33 85
28 33 86
28 33 58
28 33 56
28 33 41
28 33 172
28 33 21
28 33 87
28 33 149
28 33 91
28 33 179
28 33 136
28 33 107
28 33 149
29 34 37
29 34 154
29 34 160
29 34 2
29 34 64
29 34 161
29 34 156
29 34 54
29 34 67
29 34 117
29 34 39
29 34 188
29 34 67
29 34 74
29 34 6
29 34 166
29 34 5
29 34 101
29 34 198
29 34 108
29 34 93
29 34 149
29 34 186
29 34 181
29 34 80
29 34 141
29 34 14
29 34 177
29 34 94
29 34 168
29 34 95
29 34 117
29 34 91
29 34 137
29 34 76
29 34 60
29 34 89
29 34 73
29 34 163
29 34 84
29 34 15
29 34 144
29 34 135
29 34 113
29 34 170
29 34 123
29 34 178
29 34 25
29 34 95
29 34 12
29 34 2
29 34 65
29 34 153
29 34 31
29 34 48
29 34 194
29 34 181
29 34 49
29 34 125
29 34 20
29 34 195
29 34 154
29 34 62
29 34 77
29 34 148
29 34 192
29 34 15
29 34 136
29 34 89
29 34 49
29 34 170
29 34 111
29 34 51
29 34 16
29 34 97
29 34 86
29 34 31
29 34 66
29 34 194
29 34 169
29 34 136
29 34 115
29 34 177
29 34 127
29 34 115
29 34 146
29 34 184
29 34 41
29 34 115
29 34 89
29 34 123
29 34 121
29 34 157
29 34 188
29 34 133
29 34 154
29 34 163
29 34 131
29 34 22
29 34 45
29 34 156
29 34 41
30 35 45
30 35 16
30 35 160
30 35 98
30 35 125
30 35 172
30 35 116
30 35 186
30 35 14
30 35 86
30 35 159
30 35 130
30 35 25
30 35 196
30 35 70
30 35 107
30 35 169
30 35 115
30 35 148
30 35 115
30 35 10
30 35 28
30 35 52
30 35 144
30 35 131
30 35 181
30 35 14
30 35 98
30 35 36
30 35 198
30 35 198
30 35 138
30 35 117
30 35 56
30 35 184
30 35 59
30 35 187
30 35 192
30 35 107
30 35 162
30 35 108
30 35 180
30 35 67
30 35 19
30 35 158
30 35 197
30 35 44
30 35 99
30 35 34
30 35 191
30 35 29
30 35 153
30 35 64
30 35 81
30 35 144
30 35 19
30 35 125
30 35 150
30 35 79
30 35 80
30 35 13
30 35 66
30 35 136
30 35 179
30 35 142
30 35 94
30 35 165
30 35 85
30 35 70
30 35 82
30 35 10
30 35 99
30 35 171
30 35 110
30 35 5
30 35 54
30 35 193
30 35 84
30 35 189
30 35 93
30 35 81
30 35 107
30 35 175
30 35 38
30 35 166
30 35 27
30 35 184
30 35 10
30 35 63
30 35 38
30 35 82
30 35 178
30 35 164
30 35 105
30 35 182
30 35 122
30 35 95
30 35 163
30 35 13
30 35 109
30 35 169
30 35 87
30 35 138
30 35 107
30 35 162
30 35 195
30 35 147
30 35 30
30 35 28
31 36 123
31 36 132
31 36 139
31 36 37
31 36 194
31 36 70
31 36 73
31 36 25
31 36 14
31 36 183
31 36 166
31 36 4
31 36 88
31 36 161
31 36 95
31 36 191
31 36 113
31 36 76
31 36 161
31 36 174
31 36 152
31 36 39
31 36 63
31 36 2
31 36 167
31 36 140
31 36 122
31 36 47
31 36 29
31 36 192
31 36 133
31 36 124
31 36 150
31 36 143
31 36 50
31 36 131
31 36 65
31 36 127
31 36 148
31 36 34
31 36 38
31 36 69
31 36 64
31 36 26
31 36 74
31 36 100
31 36 159
31 36 109
31 36 71
31 36 47
31 36 175
31 36 171
31 36 65
31 36 181
31 36 67
31 36 135
31 36 107
31 36 157
31 36 149
31 36 13
31 36 11
31 36 121
31 36 101
31 36 32
31 36 135
31 36 27
31 36 191
31 36 60
31 36 197
31 36 189
31 36 174
31 36 32
31 36 124
31 36 76
31 36 141
31 36 153
31 36 134
31 36 150
31 36 194
31 36 45
31 36 150
31 36 123
31 36 147
31 36 159
31 36 131
31 36 27
31 36 118
32 37 19
32 37 86
32 37 153
32 37 80
32 37 99
32 37 101
32 37 170
32 37 189
32 37 117
32 37 48
32 37 26
32 37 107
32 37 123
32 37 153
32 37 160
32 37 178
32 37 156
32 37 191
32 37 81
32 37 126
32 37 78
32 37 41
32 37 56
32 37 36
32 37 52
32 37 61
32 37 2
32 37 40
32 37 50
32 37 168
32 37 19
32 37 81
32 37 42
32 37 33
32 37 154
32 37 168
32 37 175
32 37 150
32 37 63
32 37 117
32 37 57
32 37 179
32 37 89
32 37 73
32 37 5
32 37 178
32 37 83
32 37 70
32 37 182
32 37 28
32 37 60
32 37 104
32 37 156
32 37 68
32 37 107
32 37 106
32 37 18
32 37 185
32 37 15
32 37 93
32 37 45
32 37 78
32 37 27
32 37 68
32 37 196
32 37 12
32 37 158
32 37 2
32 37 77
32 37 40
32 37 160
32 37 163
32 37 137
32 37 149
32 37 165
32 37 111
32 37 94
32 37 152
32 37 182
32 37 105
32 37 179
32 37 23
32 37 99
32 37 58
32 37 122
32 37 34
32 37 184
32 37 15
32 37 78
32 37 8
32 37 186
32 37 70
32 37 147
33 38 191
33 38 114
33 38 148
33 38 84
33 38 4
33 38 74
33 38 40
33 38 73
33 38 27
33 38 6
33 38 131
33 38 179
33 38 192
33 38 96
33 38 156
33 38 68
33 38 124
33 38 135
33 38 112
33 38 133
33 38 32
33 38 138
33 38 1
33 38 122
33 38 144
33 38 53
33 38 119
33 38 64
33 38 59
33 38 77
33 38 36
33 38 36
33 38 17
33 38 192
33 38 200
33 38 92
33 38 63
33 38 81
33 38 192
33 38 123
33 38 4
33 38 23
33 38 52
33 38 189
33 38 186
33 38 33
33 38 180
33 38 200
33 38 137
33 38 111
33 38 68
33 38 42
33 38 160
33 38 35
33 38 64
33 38 6
33 38 144
33 38 27
33 38 180
33 38 44
33 38 188
33 38 10
33 38 43
33 38 110
33 38 4
33 38 133
33 38 82
33 38 119
33 38 141
33 38 195
33 38 188
33 38 9
33 38 182
33 38 42
33 38 98
33 38 190
33 38 180
33 38 91
33 38 38
33 38 114
33 38 195
33 38 18
33 38 46
33 38 33
33 38 152
33 38 136
33 38 130
33 38 189
33 38 77
33 38 177
33 38 35
33 38 162
33 38 157
33 38 5
33 38 100
33 38 30
33 38 37
33 38 65
33 38 71
33 38 29
33 38 183
33 38 51
33 38 119
33 38 112
33 38 57
33 38 114
34 39 87
34 39 8
34 39 136
34 39 66
34 39 162
34 39 120
34 39 63
34 39 76
34 39 59
34 39 123
34 39 74
34 39 190
34 39 96
34 39 11
34 39 1
34 39 59
34 39 126
34 39 115
34 39 193
34 39 91
34 39 130
34 39 20
34 39 136
34 39 144
34 39 170
34 39 63
34 39 186
34 39 155
34 39 38
34 39 199
34 39 32
34 39 167
34 39 109
34 39 73
34 39 116
34 39 175
34 39 81
34 39 167
34 39 37
34 39 101
34 39 179
34 39 103
34 39 135
34 39 158
34 39 191
34 39 4
34 39 189
34 39 47
34 39 110
34 39 121
34 39 140
34 39 135
34 39 41
34 39 116
34 39 54
34 39 136
34 39 40
34 39 163
34 39 158
34 39 175
34 39 110
34 39 183
34 39 82
34 39 3
34 39 80
34 39 34
34 39 10
34 39 12
34 39 66
34 39 103
34 39 178
34 39 47
34 39 119
34 39 181
34 39 91
34 39 88
34 39 179
34 39 134
34 39 158
34 39 69
34 39 39
34 39 50
34 39 37
34 39 70
34 39 92
34 39 42
34 39 140
34 39 113
34 39 160
34 39 95
34 39 189
34 39 8
35 40 195
35 40 52
35 40 14
35 40 30
35 40 65
35 40 160
35 40 167
35 40 129
35 40 145
35 40 146
35 40 73
35 40 22
35 40 8
35 40 117
35 40 81
35 40 22
35 40 131
35 40 39
35 40 78
35 40 131
35 40 12
35 40 47
35 40 57
35 40 179
35 40 167
35 40 47
35 40 59
35 40 180
35 40 18
35 40 151
35 40 123
35 40 198
35 40 36
35 40 158
35 40 146
35 40 89
35 40 20
35 40 118
35 40 159
35 40 81
35 40 137
35 40 30
35 40 91
35 40 161
35 40 197
35 40 73
35 40 86
35 40 190
35 40 114
35 40 28
35 40 59
35 40 174
35 40 120
35 40 27
35 40 154
35 40 95
35 40 124
35 40 23
35 40 57
35 40 10
35 40 60
35 40 84
35 40 25
35 40 165
35 40 58
35 40 138
35 40 31
35 40 125
35 40 119
35 40 104
35 40 90
35 40 8
35 40 60
35 40 51
35 40 37
35 40 178
35 40 117
35 40 144
35 40 128
35 40 48
35 40 163
35 40 35
35 40 109
35 40 8
35 40 94
35 40 30
35 40 33
35 40 33
35 40 47
35 40 144
35 40 79
35 40 17
35 40 166
35 40 6
35 40 107
36 41 40
36 41 165
36 41 87
36 41 92
36 41 86
36 41 172
36 41 189
36 41 173
36 41 101
36 41 35
36 41 73
36 41 11
36 41 164
36 41 61
36 41 185
36 41 82
36 41 123
36 41 105
36 41 145
36 41 181
36 41 75
36 41 111
36 41 9
36 41 193
36 41 184
36 41 59
36 41 191
36 41 93
36 41 146
36 41 131
36 41 152
36 41 166
36 41 156
36 41 188
36 41 114
36 41 101
36 41 177
36 41 94
36 41 126
36 41 145
36 41 85
36 41 68
36 41 142
36 41 190
36 41 120
36 41 38
36 41 114
36 41 178
36 41 64
36 41 169
36 41 93
36 41 73
36 41 25
36 41 122
36 41 153
36 41 34
36 41 28
36 41 32
36 41 112
36 41 82
36 41 37
36 41 45
36 41 124
36 41 93
36 41 200
36 41 199
36 41 88
36 41 36
36 41 115
36 41 166
36 41 46
36 41 3
36 41 114
36 41 6
36 41 73
36 41 114
36 41 127
36 41 69
36 41 19
36 41 54
36 41 130
36 41 25
36 41 42
36 41 79
36 41 74
36 41 27
36 41 200
36 41 97
36 41 72
36 41 119
36 41 181
36 41 15
36 41 182
36 41 9
36 41 107
36 41 119
36 41 111
36 41 84
36 41 145
36 41 38
36 41 185
36 41 120
36 41 166
36 41 186
36 41 81
36 41 69
37 42 46
37 42 162
37 42 155
37 42 55
37 42 32
37 42 109
37 42 150
37 42 197
37 42 15
37 42 116
37 42 151
37 42 75
37 42 22
37 42 175
37 42 152
37 42 182
37 42 200
37 42 19
37 42 169
37 42 54
37 42 75
37 42 66
37 42 199
37 42 157
37 42 82
37 42 116
37 42 175
37 42 6
37 42 4
37 42 135
37 42 108
37 42 84
37 42 102
37 42 130
37 42 25
37 42 81
37 42 22
37 42 100
37 42 166
37 42 40
37 42 146
37 42 121
37 42 2
37 42 3
37 42 178
37 42 105
37 42 84
37 42 169
37 42 137
37 42 56
37 42 163
37 42 129
37 42 68
37 42 124
37 42 151
37 42 7
37 42 160
37 42 81
37 42 55
37 42 5
37 42 10
37 42 38
37 42 97
37 42 94
37 42 21
37 42 182
37 42 69
37 42 37
37 42 184
37 42 117
37 42 13
37 42 90
37 42 119
37 42 71
37 42 73
37 42 97
37 42 49
37 42 192
37 42 121
37 42 131
37 42 17
37 42 78
37 42 170
37 42 4
37 42 139
37 42 80
37 42 102
37 42 145
37 42 50
37 42 187
37 42 189
37 42 1
37 42 139
37 42 97
37 42 175
38 43 29
38 43 193
38 43 55
38 43 63
38 43 59
38 43 6
38 43 72
38 43 186
38 43 119
38 43 171
38 43 33
38 43 158
38 43 46
38 43 112
38 43 135
38 43 88
38 43 61
38 43 116
38 43 103
38 43 185
38 43 56
38 43 11
38 43 7
38 43 183
38 43 10
38 43 154
38 43 101
38 43 13
38 43 129
38 43 45
38 43 199
38 43 140
38 43 149
38 43 194
38 43 89
38 43 52
38 43 33
38 43 69
38 43 124
38 43 58
38 43 102
38 43 132
38 43 81
38 43 81
38 43 56
38 43 74
38 43 134
38 43 184
38 43 122
38 43 82
38 43 43
38 43 114
38 43 183
38 43 57
38 43 112
38 43 25
38 43 61
38 43 49
38 43 92
38 43 170
38 43 100
38 43 60
38 43 189
38 43 169
38 43 54
38 43 6
38 43 80
38 43 40
38 43 112
38 43 43
38 43 168
38 43 87
38 43 81
38 43 113
38 43 24
38 43 112
38 43 99
38 43 130
38 43 36
38 43 186
38 43 172
38 43 15
38 43 110
38 43 92
38 43 11
38 43 28
38 43 101
38 43 132
38 43 78
38 43 175
38 43 94
38 43 83
38 43 98
38 43 30
38 43 196
38 43 118
38 43 35
38 43 199
38 43 35
38 43 189
38 43 199
38 43 32
38 43 18
38 43 162
38 43 159
38 43 20
38 43 18
38 43 133
38 43 106
38 43 200
38 43 115
38 43 179
38 43 152
38 43 78
38 43 97
39 44 135
39 44 187
39 44 36
39 44 27
39 44 72
39 44 125
39 44 180
39 44 117
39 44 161
39 44 111
39 44 75
39 44 109
39 44 86
39 44 188
39 44 156
39 44 68
39 44 84
39 44 38
39 44 109
39 44 96
39 44 182
39 44 61
39 44 149
39 44 40
39 44 200
39 44 79
39 44 149
39 44 38
39 44 93
39 44 119
39 44 174
39 44 176
39 44 120
39 44 38
39 44 99
39 44 199
39 44 93
39 44 152
39 44 123
39 44 66
39 44 109
39 44 63
39 44 194
39 44 4
39 44 147
39 44 10
39 44 37
39 44 53
39 44 133
39 44 134
39 44 19
39 44 124
39 44 37
39 44 172
39 44 48
39 44 170
39 44 76
39 44 33
39 44 135
39 44 101
39 44 165
39 44 108
39 44 21
39 44 58
39 44 197
39 44 155
39 44 6
39 44 80
39 44 138
39 44 114
39 44 175
39 44 21
39 44 39
39 44 192
39 44 56
39 44 115
39 44 110
39 44 153
39 44 25
39 44 94
39 44 191
39 44 165
39 44 109
39 44 195
39 44 131
39 44 1
39 44 176
39 44 5
39 44 117
39 44 41
39 44 145
39 44 2
39 44 36
39 44 55
39 44 88
39 44 167
39 44 64
39 44 111
39 44 158
39 44 38
40 45 51
40 45 185
40 45 146
40 45 34
40 45 136
40 45 27
40 45 4
40 45 35
40 45 29
40 45 141
40 45 110
40 45 200
40 45 76
40 45 9
40 45 67
40 45 59
40 45 17
40 45 7
40 45 35
40 45 140
40 45 23
40 45 30
40 45 128
40 45 141
40 45 68
40 45 156
40 45 45
40 45 124
40 45 138
40 45 46
40 45 171
40 45 74
40 45 27
40 45 194
40 45 136
40 45 137
40 45 175
40 45 187
40 45 194
40 45 191
40 45 123
40 45 123
40 45 51
40 45 97
40 45 74
40 45 143
40 45 65
40 45 117
40 45 56
40 45 35
40 45 143
40 45 63
40 45 36
40 45 87
40 45 130
40 45 119
40 45 108
40 45 124
40 45 40
40 45 148
40 45 165
40 45 18
40 45 166
40 45 2
40 45 30
40 45 104
40 45 56
40 45 13
40 45 63
40 45 60
40 45 172
40 45 47
40 45 191
40 45 19
40 45 49
40 45 83
40 45 132
40 45 122
40 45 29
40 45 137
40 45 171
40 45 159
40 45 17
40 45 160
40 45 72
40 45 102
40 45 162
40 45 94
40 45 124
40 45 57
40 45 91
40 45 148
40 45 189
40 45 25
40 45 48
40 45 15
41 46 194
41 46 6
41 46 64
41 46 130
41 46 198
41 46 176
41 46 136
41 46 131
41 46 186
41 46 72
41 46 15
41 46 16
41 46 119
41 46 64
41 46 102
41 46 33
41 46 104
41 46 111
41 46 112
41 46 25
41 46 34
41 46 184
41 46 199
41 46 175
41 46 93
41 46 46
41 46 46
41 46 54
41 46 114
41 46 11
41 46 180
41 46 26
41 46 158
41 46 46
41 46 46
41 46 112
41 46 115
41 46 125
41 46 68
41 46 118
41 46 31
41 46 144
41 46 33
41 46 83
41 46 111
41 46 125
41 46 180
41 46 98
41 46 16
41 46 35
41 46 84
41 46 167
41 46 192
41 46 141
41 46 103
41 46 49
41 46 166
41 46 36
41 46 143
41 46 197
41 46 196
41 46 110
41 46 192
41 46 167
41 46 83
41 46 103
41 46 132
41 46 14
41 46 19
41 46 108
41 46 74
41 46 58
41 46 178
41 46 92
41 46 98
41 46 190
41 46 127
41 46 58
41 46 81
41 46 49
41 46 49
41 46 130
41 46 132
41 46 96
41 46 82
41 46 195
41 46 170
41 46 169
41 46 66
41 46 152
42 47 38
42 47 164
42 47 106
42 47 13
42 47 88
42 47 139
42 47 38
42 47 33
42 47 135
42 47 110
42 47 80
42 47 54
42 47 195
42 47 190
42 47 135
42 47 98
42 47 102
42 47 39
42 47 38
42 47 62
42 47 59
42 47 81
42 47 124
42 47 153
42 47 3
42 47 69
42 47 16
42 47 173
42 47 12
42 47 147
42 47 155
42 47 67
42 47 184
42 47 66
42 47 96
42 47 127
42 47 40
42 47 94
42 47 103
42 47 53
42 47 68
42 47 8
42 47 62
42 47 121
42 47 63
42 47 184
42 47 18
42 47 128
42 47 143
42 47 99
42 47 88
42 47 178
42 47 64
42 47 19
42 47 200
42 47 79
42 47 5
42 47 164
42 47 79
42 47 151
42 47 15
42 47 194
42 47 116
42 47 113
42 47 118
42 47 133
42 47 155
42 47 72
42 47 43
42 47 157
42 47 128
42 47 181
42 47 3
42 47 192
42 47 169
42 47 80
42 47 107
42 47 47
42 47 199
42 47 104
42 47 132
42 47 5
42 47 49
42 47 58
42 47 163
42 47 70
42 47 105
42 47 3
42 47 84
42 47 31
42 47 71
42 47 92
42 47 90
42 47 139
42 47 184
42 47 56
42 47 75
42 47 97
42 47 145
42 47 172
42 47 176
42 47 68
42 47 140
42 47 97
42 47 37
42 47 38
42 47 195
42 47 102
42 47 127
42 47 103
42 47 200
42 47 45
43 48 126
43 48 38
43 48 83
43 48 27
43 48 163
43 48 65
43 48 153
43 48 7
43 48 116
43 48 101
43 48 162
43 48 193
43 48 76
43 48 161
43 48 150
43 48 100
43 48 93
43 48 108
43 48 189
43 48 153
43 48 199
43 48 193
43 48 92
43 48 15
43 48 39
43 48 132
43 48 74
43 48 51
43 48 68
43 48 178
43 48 141
43 48 74
43 48 179
43 48 101
43 48 93
43 48 70
43 48 16
43 48 52
43 48 2
43 48 151
43 48 65
43 48 39
43 48 5
43 48 154
43 48 171
43 48 86
43 48 103
43 48 79
43 48 83
43 48 42
43 48 194
43 48 188
43 48 200
43 48 68
43 48 99
43 48 128
43 48 136
43 48 44
43 48 158
43 48 133
43 48 186
43 48 110
43 48 127
43 48 196
43 48 141
43 48 58
43 48 104
43 48 176
43 48 89
43 48 43
43 48 138
43 48 47
43 48 142
43 48 50
43 48 3
43 48 171
43 48 143
43 48 183
43 48 45
43 48 4
43 48 51
43 48 98
43 48 184
43 48 47
43 48 44
43 48 129
43 48 101
43 48 194
43 48 53
43 48 139
43 48 99
43 48 22
43 48 138
43 48 178
43 48 128
43 48 87
43 48 145
43 48 175
43 48 33
43 48 64
43 48 65
43 48 93
43 48 141
43 48 50
43 48 142
43 48 136
43 48 75
43 48 59
43 48 161
43 48 110
44 49 1
44 49 98
44 49 73
44 49 178
44 49 197
44 49 8
44 49 100
44 49 167
44 49 49
44 49 86
44 49 156
44 49 58
44 49 141
44 49 106
44 49 122
44 49 74
44 49 159
44 49 66
44 49 158
44 49 169
44 49 136
44 49 48
44 49 130
44 49 102
44 49 40
44 49 99
44 49 50
44 49 78
44 49 17
44 49 4
44 49 143
44 49 135
44 49 38
44 49 92
44 49 25
44 49 126
44 49 189
44 49 151
44 49 135
44 49 43
44 49 32
44 49 3
44 49 92
44 49 148
44 49 34
44 49 196
44 49 61
44 49 87
44 49 145
44 49 179
44 49 189
44 49 11
44 49 83
44 49 57
44 49 182
44 49 59
44 49 48
44 49 105
44 49 131
44 49 96
44 49 96
44 49 72
44 49 158
44 49 151
44 49 166
44 49 170
44 49 100
44 49 110
44 49 29
44 49 197
44 49 6
44 49 15
44 49 4
44 49 22
44 49 90
44 49 36
44 49 130
44 49 10
44 49 31
44 49 172
44 49 156
44 49 11
44 49 107
44 49 102
44 49 180
44 49 89
44 49 155
44 49 175
44 49 46
44 49 164
44 49 14
44 49 113
44 49 136
44 49 104
44 49 181
44 49 107
44 49 85
45 50 115
45 50 58
45 50 156
45 50 161
45 50 108
45 50 156
45 50 17
45 50 113
45 50 144
45 50 159
45 50 69
45 50 94
45 50 163
45 50 159
45 50 50
45 50 117
45 50 17
45 50 37
45 50 178
45 50 168
45 50 154
45 50 14
45 50 145
45 50 58
45 50 67
45 50 147
45 50 98
45 50 187
45 50 162
45 50 4
45 50 61
45 50 165
45 50 46
45 50 80
45 50 192
45 50 94
45 50 8
45 50 75
45 50 73
45 50 148
45 50 168
45 50 146
45 50 162
45 50 149
45 50 105
45 50 179
45 50 143
45 50 158
45 50 199
45 50 21
45 50 106
45 50 49
45 50 110
45 50 62
45 50 130
45 50 17
45 50 124
45 50 36
45 50 125
45 50 84
45 50 196
45 50 68
45 50 83
45 50 63
45 50 99
45 50 47
45 50 71
45 50 145
45 50 72
45 50 51
45 50 147
45 50 97
45 50 123
45 50 58
45 50 61
45 50 152
45 50 160
45 50 146
45 50 79
45 50 97
45 50 73
45 50 197
45 50 152
45 50 100
45 50 22
45 50 38
45 50 26
45 50 132
45 50 75
45 50 126
45 50 152
45 50 12
45 50 146
46 51 104
46 51 186
46 51 198
46 51 50
46 51 65
46 51 74
46 51 153
46 51 129
46 51 154
46 51 118
46 51 166
46 51 41
46 51 197
46 51 129
46 51 168
46 51 95
46 51 17
46 51 190
46 51 117
46 51 121
46 51 73
46 51 96
46 51 165
46 51 94
46 51 181
46 51 117
46 51 84
46 51 18
46 51 36
46 51 91
46 51 109
46 51 148
46 51 47
46 51 168
46 51 65
46 51 106
46 51 82
46 51 162
46 51 137
46 51 54
46 51 160
46 51 187
46 51 165
46 51 122
46 51 7
46 51 5
46 51 135
46 51 71
46 51 142
46 51 45
46 51 115
46 51 83
46 51 133
46 51 36
46 51 101
46 51 98
46 51 158
46 51 25
46 51 51
46 51 104
46 51 13
46 51 36
46 51 32
46 51 173
46 51 57
46 51 12
46 51 177
46 51 155
46 51 196
46 51 79
46 51 175
46 51 142
46 51 142
46 51 81
46 51 41
46 51 160
46 51 27
46 51 158
46 51 116
46 51 128
46 51 125
46 51 139
46 51 70
46 51 62
46 51 94
46 51 92
46 51 58
46 51 75
46 51 17
46 51 158
46 51 88
46 51 126
46 51 129
47 52 151
47 52 184
47 52 93
47 52 39
47 52 134
47 52 109
47 52 189
47 52 152
47 52 115
47 52 21
47 52 192
47 52 104
47 52 85
47 52 99
47 52 191
47 52 77
47 52 28
47 52 167
47 52 146
47 52 64
47 52 137
47 52 199
47 52 32
47 52 114
47 52 129
47 52 135
47 52 128
47 52 36
47 52 186
47 52 188
47 52 47
47 52 81
47 52 104
47 52 14
47 52 19
47 52 101
47 52 154
47 52 118
47 52 172
47 52 152
47 52 152
47 52 92
47 52 93
47 52 145
47 52 150
47 52 151
47 52 63
47 52 153
47 52 90
47 52 151
47 52 170
47 52 85
47 52 175
47 52 1
47 52 121
47 52 169
47 52 83
47 52 33
47 52 31
47 52 19
47 52 54
47 52 135
47 52 99
47 52 67
47 52 128
47 52 132
47 52 53
47 52 172
47 52 35
47 52 196
47 52 165
47 52 166
47 52 72
47 52 66
47 52 12
47 52 67
47 52 47
47 52 21
47 52 198
47 52 124
48 53 22
48 53 129
48 53 5
48 53 139
48 53 133
48 53 159
48 53 200
48 53 132
48 53 146
48 53 102
48 53 33
48 53 54
48 53 127
48 53 9
48 53 193
48 53 6
48 53 48
48 53 192
48 53 111
48 53 140
48 53 65
48 53 86
48 53 90
48 53 71
48 53 26
48 53 101
48 53 154
48 53 135
48 53 120
48 53 186
48 53 111
48 53 109
48 53 130
48 53 71
48 53 58
48 53 164
48 53 154
48 53 195
48 53 115
48 53 116
48 53 25
48 53 111
48 53 166
48 53 156
48 53 26
48 53 188
48 53 169
48 53 103
48 53 91
48 53 150
48 53 61
48 53 64
48 53 18
48 53 83
48 53 11
48 53 175
48 53 155
48 53 116
48 53 24
48 53 69
48 53 23
48 53 72
48 53 105
48 53 142
48 53 186
48 53 106
48 53 105
48 53 39
48 53 121
48 53 148
48 53 42
48 53 5
48 53 159
48 53 173
48 53 41
48 53 99
48 53 155
48 53 81
48 53 190
48 53 167
48 53 32
48 53 30
48 53 132
48 53 96
48 53 101
48 53 130
48 53 142
48 53 148
48 53 74
48 53 78
48 53 148
48 53 64
48 53 100
48 53 17
48 53 177
48 53 101
48 53 183
48 53 42
48 53 173
48 53 149
48 53 34
48 53 174
48 53 66
48 53 82
48 53 47
48 53 73
48 53 63
48 53 104
48 53 105
48 53 81
48 53 51
48 53 155
48 53 169
48 53 73
48 53 171
48 53 107
48 53 45
48 53 25
48 53 68
49 54 107
49 54 154
49 54 183
49 54 45
49 54 15
49 54 171
49 54 152
49 54 76
49 54 124
49 54 102
49 54 152
49 54 73
49 54 8
49 54 19
49 54 42
49 54 81
49 54 128
49 54 36
49 54 19
49 54 16
49 54 76
49 54 175
49 54 181
49 54 181
49 54 9
49 54 99
49 54 56
49 54 3
49 54 109
49 54 9
49 54 150
49 54 17
49 54 42
49 54 158
49 54 178
49 54 172
49 54 158
49 54 5
49 54 33
49 54 71
49 54 116
49 54 32
49 54 54
49 54 87
49 54 27
49 54 62
49 54 11
49 54 136
49 54 25
49 54 63
49 54 6
49 54 111
49 54 176
49 54 102
49 54 166
49 54 102
49 54 112
49 54 192
49 54 172
49 54 76
49 54 129
49 54 6
49 54 9
49 54 89
49 54 137
49 54 67
49 54 88
49 54 152
49 54 148
49 54 162
49 54 196
49 54 98
49 54 182
49 54 142
49 54 17
49 54 22
49 54 158
49 54 181
49 54 163
49 54 61
49 54 40
49 54 18
49 54 1
49 54 176
49 54 85
49 54 33
49 54 175
49 54 196
49 54 182
49 54 151
49 54 61
49 54 105
49 54 127
49 54 51
49 54 93
49 54 141
49 54 84
49 54 167
49 54 190
50 55 122
50 55 130
50 55 140
50 55 120
50 55 181
50 55 100
50 55 73
50 55 26
50 55 134
50 55 24
50 55 168
50 55 60
50 55 6
50 55 144
50 55 45
50 55 75
50 55 200
50 55 72
50 55 68
50 55 200
50 55 191
50 55 155
50 55 164
50 55 59
50 55 74
50 55 173
50 55 71
50 55 172
50 55 193
50 55 8
50 55 154
50 55 190
50 55 63
50 55 127
50 55 36
50 55 10
50 55 200
50 55 198
50 55 86
50 55 89
50 55 55
50 55 183
50 55 35
50 55 167
50 55 39
50 55 57
50 55 140
50 55 183
50 55 163
50 55 47
50 55 53
50 55 122
50 55 36
50 55 73
50 55 49
50 55 191
50 55 128
50 55 100
50 55 145
50 55 131
50 55 189
50 55 87
50 55 195
50 55 144
50 55 192
50 55 19
50 55 77
50 55 99
50 55 171
50 55 162
50 55 47
50 55 175
50 55 172
50 55 77
50 55 117
50 55 197
50 55 157
50 55 150
50 55 102
50 55 52
50 55 109
50 55 117
50 55 163
50 55 15
50 55 78
50 55 15
50 55 97
50 55 27
50 55 107
50 55 77
51 56 139
51 56 67
51 56 131
51 56 66
51 56 132
51 56 165
51 56 186
51 56 181
51 56 70
51 56 78
51 56 5
51 56 162
51 56 160
51 56 171
51 56 128
51 56 61
51 56 117
51 56 72
51 56 37
51 56 152
51 56 13
51 56 155
51 56 64
51 56 151
51 56 167
51 56 106
51 56 108
51 56 52
51 56 168
51 56 178
51 56 166
51 56 182
51 56 70
51 56 118
51 56 83
51 56 46
51 56 163
51 56 149
51 56 66
51 56 84
51 56 57
51 56 106
51 56 178
51 56 178
51 56 53
51 56 44
51 56 37
51 56 181
51 56 182
51 56 101
51 56 104
51 56 179
51 56 157
51 56 33
51 56 138
51 56 136
51 56 99
51 56 90
51 56 129
51 56 146
51 56 187
51 56 139
51 56 140
51 56 143
51 56 169
51 56 90
51 56 43
51 56 84
51 56 105
51 56 111
51 56 70
51 56 147
51 56 145
51 56 125
51 56 36
51 56 172
51 56 117
51 56 41
51 56 144
51 56 60
51 56 88
51 56 157
51 56 152
51 56 11
51 56 35
51 56 67
51 56 119
51 56 191
51 56 137
51 56 65
51 56 102
51 56 13
51 56 191
51 56 157
51 56 150
51 56 146
51 56 112
52 57 22
52 57 38
52 57 178
52 57 19
52 57 23
52 57 65
52 57 18
52 57 14
52 57 122
52 57 58
52 57 75
52 57 91
52 57 34
52 57 145
52 57 179
52 57 140
52 57 83
52 57 169
52 57 194
52 57 166
52 57 187
52 57 173
52 57 139
52 57 32
52 57 153
52 57 79
52 57 3
52 57 75
52 57 39
52 57 151
52 57 63
52 57 50
52 57 162
52 57 20
52 57 154
52 57 77
52 57 109
52 57 8
52 57 7
52 57 191
52 57 164
52 57 30
52 57 5
52 57 79
52 57 186
52 57 59
52 57 14
52 57 178
52 57 138
52 57 118
52 57 65
52 57 32
52 57 70
52 57 29
52 57 69
52 57 48
52 57 116
52 57 38
52 57 107
52 57 167
52 57 153
52 57 40
52 57 59
52 57 71
52 57 37
52 57 83
52 57 171
52 57 187
52 57 87
52 57 145
52 57 132
52 57 148
52 57 129
52 57 119
52 57 30
52 57 42
52 57 162
52 57 96
52 57 135
52 57 71
52 57 14
52 57 125
52 57 107
52 57 157
52 57 142
52 57 196
53 58 155
53 58 87
53 58 134
53 58 180
53 58 169
53 58 74
53 58 110
53 58 78
53 58 41
53 58 64
53 58 51
53 58 58
53 58 144
53 58 27
53 58 183
53 58 77
53 58 111
53 58 102
53 58 75
53 58 195
53 58 32
53 58 88
53 58 98
53 58 37
53 58 100
53 58 160
53 58 43
53 58 94
53 58 111
53 58 59
53 58 173
53 58 192
53 58 66
53 58 106
53 58 141
53 58 181
53 58 169
53 58 195
53 58 162
53 58 153
53 58 80
53 58 46
53 58 20
53 58 181
53 58 44
53 58 100
53 58 173
53 58 199
53 58 44
53 58 177
53 58 84
53 58 178
53 58 186
53 58 167
53 58 166
53 58 186
53 58 199
53 58 127
53 58 181
53 58 164
53 58 165
53 58 17
53 58 91
53 58 99
53 58 139
53 58 183
53 58 28
53 58 170
53 58 57
53 58 130
53 58 26
53 58 96
53 58 34
53 58 141
53 58 159
53 58 183
53 58 61
53 58 99
53 58 186
53 58 76
53 58 149
53 58 157
53 58 90
53 58 28
53 58 200
53 58 39
53 58 86
53 58 153
53 58 81
53 58 89
53 58 14
53 58 25
53 58 49
53 58 31
53 58 35
53 58 180
53 58 27
53 58 33
53 58 110
53 58 72
53 58 161
53 58 45
53 58 185
53 58 80
53 58 69
53 58 131
53 58 92
53 58 73
53 58 122
53 58 169
53 58 164
53 58 104
53 58 188
53 58 70
53 58 55
53 58 169
53 58 87
53 58 87
54 59 129
54 59 127
54 59 12
54 59 132
54 59 158
54 59 49
54 59 151
54 59 192
54 59 110
54 59 19
54 59 128
54 59 18
54 59 72
54 59 192
54 59 89
54 59 119
54 59 53
54 59 118
54 59 44
54 59 146
54 59 33
54 59 122
54 59 173
54 59 79
54 59 150
54 59 14
54 59 24
54 59 160
54 59 154
54 59 50
54 59 153
54 59 44
54 59 127
54 59 35
54 59 117
54 59 144
54 59 99
54 59 45
54 59 114
54 59 31
54 59 151
54 59 29
54 59 160
54 59 48
54 59 160
54 59 137
54 59 99
54 59 9
54 59 125
54 59 182
54 59 182
54 59 33
54 59 87
54 59 39
54 59 137
54 59 38
54 59 176
54 59 68
54 59 175
54 59 53
54 59 178
54 59 158
54 59 1
54 59 35
54 59 78
54 59 1
54 59 176
54 59 80
54 59 166
54 59 197
54 59 57
54 59 186
54 59 164
54 59 195
54 59 137
54 59 160
54 59 137
54 59 117
54 59 103
54 59 5
54 59 171
54 59 198
54 59 63
54 59 5
54 59 64
54 59 8
54 59 95
54 59 137
54 59 122
54 59 58
54 59 155
54 59 80
54 59 150
54 59 187
54 59 144
54 59 69
54 59 13
54 59 139
54 59 73
54 59 32
54 59 138
54 59 70
54 59 28
54 59 117
54 59 200
54 59 6
55 60 49
55 60 64
55 60 117
55 60 131
55 60 57
55 60 159
55 60 97
55 60 134
55 60 10
55 60 126
55 60 3
55 60 137
55 60 134
55 60 42
55 60 142
55 60 74
55 60 85
55 60 26
55 60 76
55 60 54
55 60 85
55 60 151
55 60 112
55 60 13
55 60 86
55 60 50
55 60 71
55 60 157
55 60 126
55 60 52
55 60 55
55 60 164
55 60 118
55 60 138
55 60 36
55 60 198
55 60 162
55 60 80
55 60 86
55 60 48
55 60 150
55 60 61
55 60 33
55 60 135
55 60 19
55 60 60
55 60 191
55 60 124
55 60 56
55 60 45
55 60 38
55 60 58
55 60 80
55 60 108
55 60 61
55 60 180
55 60 80
55 60 170
55 60 152
55 60 71
55 60 71
55 60 76
55 60 117
55 60 29
55 60 60
55 60 118
55 60 105
55 60 177
55 60 93
55 60 196
55 60 69
55 60 16
55 60 44
55 60 90
55 60 15
55 60 195
55 60 174
55 60 167
55 60 107
55 60 92
55 60 10
55 60 4
55 60 146
55 60 181
55 60 186
55 60 72
55 60 83
55 60 21
55 60 114
55 60 23
55 60 28
55 60 4
55 60 37
55 60 189
55 60 119
55 60 107
55 60 188
56 61 188
56 61 39
56 61 121
56 61 135
56 61 48
56 61 87
56 61 152
56 61 14
56 61 32
56 61 46
56 61 187
56 61 198
56 61 23
56 61 2
56 61 9
56 61 198
56 61 191
56 61 94
56 61 197
56 61 99
56 61 89
56 61 68
56 61 177
56 61 34
56 61 157
56 61 193
56 61 91
56 61 27
56 61 3
56 61 32
56 61 122
56 61 173
56 61 95
56 61 31
56 61 71
56 61 196
56 61 37
56 61 140
56 61 102
56 61 154
56 61 95
56 61 12
56 61 107
56 61 141
56 61 145
56 61 171
56 61 164
56 61 111
56 61 87
56 61 128
56 61 138
56 61 54
56 61 84
56 61 148
56 61 84
56 61 83
56 61 121
56 61 178
56 61 25
56 61 80
56 61 158
56 61 82
56 61 11
56 61 103
56 61 119
56 61 86
56 61 195
56 61 40
56 61 42
56 61 20
56 61 142
56 61 177
56 61 4
56 61 42
56 61 84
56 61 19
56 61 128
56 61 83
56 61 88
56 61 138
56 61 178
56 61 151
56 61 16
56 61 121
56 61 44
56 61 115
56 61 189
56 61 105
56 61 66
56 61 198
56 61 109
56 61 129
56 61 177
56 61 28
56 61 187
56 61 60
56 61 18
56 61 24
57 62 19
57 62 194
57 62 101
57 62 133
57 62 171
57 62 156
57 62 133
57 62 72
57 62 42
57 62 29
57 62 129
57 62 91
57 62 147
57 62 17
57 62 162
57 62 27
57 62 158
57 62 143
57 62 33
57 62 18
57 62 123
57 62 31
57 62 34
57 62 89
57 62 139
57 62 31
57 62 119
57 62 184
57 62 104
57 62 77
57 62 89
57 62 26
57 62 124
57 62 132
57 62 66
57 62 14
57 62 166
57 62 48
57 62 54
57 62 182
57 62 112
57 62 32
57 62 55
57 62 111
57 62 3
57 62 191
57 62 59
57 62 14
57 62 144
57 62 172
57 62 33
57 62 148
57 62 45
57 62 40
57 62 15
57 62 9
57 62 192
57 62 48
57 62 138
57 62 123
57 62 130
57 62 102
57 62 153
57 62 186
57 62 110
57 62 146
57 62 19
57 62 53
57 62 200
57 62 186
57 62 49
57 62 172
57 62 179
57 62 139
57 62 134
57 62 197
57 62 40
57 62 174
57 62 17
57 62 122
57 62 190
57 62 47
57 62 134
57 62 28
57 62 65
57 62 68
58 63 197
58 63 44
58 63 88
58 63 54
58 63 135
58 63 129
58 63 146
58 63 67
58 63 161
58 63 133
58 63 119
58 63 6
58 63 48
58 63 65
58 63 176
58 63 55
58 63 147
58 63 118
58 63 75
58 63 96
58 63 4
58 63 66
58 63 169
58 63 37
58 63 187
58 63 198
58 63 138
58 63 95
58 63 46
58 63 162
58 63 149
58 63 65
58 63 189
58 63 17
58 63 40
58 63 142
58 63 97
58 63 177
58 63 103
58 63 71
58 63 179
58 63 147
58 63 8
58 63 153
58 63 50
58 63 5
58 63 103
58 63 121
58 63 36
58 63 87
58 63 74
58 63 127
58 63 123
58 63 127
58 63 32
58 63 92
58 63 109
58 63 145
58 63 45
58 63 7
58 63 118
58 63 124
58 63 165
58 63 166
58 63 66
58 63 98
58 63 169
58 63 2
58 63 20
58 63 18
58 63 13
58 63 66
58 63 67
58 63 45
58 63 144
58 63 134
58 63 148
58 63 2
58 63 75
58 63 64
58 63 77
58 63 169
58 63 102
58 63 96
58 63 120
58 63 113
58 63 76
58 63 112
58 63 14
58 63 151
58 63 9
58 63 137
59 64 199
59 64 42
59 64 155
59 64 137
59 64 160
59 64 175
59 64 56
59 64 15
59 64 32
59 64 108
59 64 50
59 64 53
59 64 134
59 64 177
59 64 184
59 64 176
59 64 75
59 64 98
59 64 6
59 64 31
59 64 6
59 64 8
59 64 38
59 64 63
59 64 15
59 64 101
59 64 148
59 64 150
59 64 125
59 64 132
59 64 190
59 64 21
59 64 182
59 64 148
59 64 32
59 64 156
59 64 38
59 64 193
59 64 88
59 64 92
59 64 194
59 64 12
59 64 121
59 64 108
59 64 171
59 64 180
59 64 107
59 64 85
59 64 72
59 64 171
59 64 170
59 64 56
59 64 2
59 64 83
59 64 145
59 64 154
59 64 135
59 64 37
59 64 121
59 64 3
59 64 185
59 64 42
59 64 54
59 64 49
59 64 199
59 64 54
59 64 89
59 64 150
59 64 65
59 64 127
59 64 176
59 64 195
59 64 73
59 64 176
59 64 118
59 64 98
59 64 105
59 64 179
59 64 46
59 64 15
59 64 87
59 64 7
59 64 116
59 64 139
59 64 82
59 64 34
59 64 147
59 64 64
59 64 29
59 64 28
59 64 78
59 64 23
59 64 115
59 64 51
59 64 180
59 64 130
60 65 71
60 65 131
60 65 174
60 65 5
60 65 11
60 65 180
60 65 4
60 65 54
60 65 41
60 65 111
60 65 62
60 65 175
60 65 51
60 65 184
60 65 173
60 65 190
60 65 126
60 65 140
60 65 13
60 65 90
60 65 14
60 65 129
60 65 157
60 65 8
60 65 184
60 65 171
60 65 192
60 65 30
60 65 67
60 65 195
60 65 97
60 65 143
60 65 162
60 65 105
60 65 153
60 65 179
60 65 83
60 65 1
60 65 194
60 65 74
60 65 50
60 65 133
60 65 25
60 65 75
60 65 185
60 65 149
60 65 188
60 65 8
60 65 192
60 65 97
60 65 190
60 65 164
60 65 186
60 65 114
60 65 74
60 65 59
60 65 7
60 65 187
60 65 170
60 65 1
60 65 55
60 65 25
60 65 64
60 65 77
60 65 121
60 65 70
60 65 182
60 65 121
60 65 6
60 65 123
60 65 44
60 65 76
60 65 76
60 65 103
60 65 179
60 65 104
60 65 70
60 65 185
60 65 46
60 65 118
60 65 199
60 65 169
60 65 181
60 65 169
60 65 157
60 65 117
60 65 114
60 65 8
60 65 124
60 65 109
60 65 127
60 65 24
61 66 98
61 66 31
61 66 100
61 66 142
61 66 21
61 66 131
61 66 171
61 66 146
61 66 182
61 66 43
61 66 140
61 66 195
61 66 62
61 66 114
61 66 80
61 66 6
61 66 134
61 66 95
61 66 115
61 66 149
61 66 147
61 66 141
61 66 100
61 66 17
61 66 128
61 66 103
61 66 149
61 66 101
61 66 107
61 66 173
61 66 69
61 66 63
61 66 93
61 66 107
61 66 15
61 66 171
61 66 170
61 66 12
61 66 43
61 66 200
61 66 22
61 66 200
61 66 155
61 66 199
61 66 62
61 66 99
61 66 97
61 66 71
61 66 145
61 66 146
61 66 92
61 66 150
61 66 199
61 66 170
61 66 187
61 66 2
61 66 192
61 66 198
61 66 41
61 66 33
61 66 71
61 66 126
61 66 37
61 66 172
61 66 33
61 66 86
61 66 125
61 66 1
61 66 72
61 66 143
61 66 186
61 66 113
61 66 5
61 66 153
61 66 132
61 66 88
61 66 80
61 66 165
61 66 139
61 66 164
61 66 117
61 66 70
61 66 144
61 66 55
61 66 160
61 66 2
61 66 65
61 66 192
61 66 171
61 66 113
61 66 100
62 67 32
62 67 67
62 67 58
62 67 169
62 67 175
62 67 187
62 67 87
62 67 173
62 67 80
62 67 52
62 67 145
62 67 102
62 67 69
62 67 139
62 67 73
62 67 33
62 67 9
62 67 191
62 67 160
62 67 119
62 67 166
62 67 126
62 67 22
62 67 3
62 67 49
62 67 39
62 67 186
62 67 165
62 67 22
62 67 30
62 67 180
62 67 2
62 67 103
62 67 100
62 67 170
62 67 197
62 67 182
62 67 130
62 67 120
62 67 124
62 67 146
62 67 31
62 67 179
62 67 166
62 67 78
62 67 145
62 67 134
62 67 190
62 67 116
62 67 140
62 67 28
62 67 190
62 67 66
62 67 19
62 67 129
62 67 9
62 67 82
62 67 173
62 67 122
62 67 139
62 67 121
62 67 61
62 67 5
62 67 128
62 67 163
62 67 167
62 67 137
62 67 120
62 67 61
62 67 163
62 67 42
62 67 20
62 67 135
62 67 41
62 67 147
62 67 33
62 67 148
62 67 48
62 67 107
62 67 164
62 67 180
62 67 149
62 67 113
62 67 192
62 67 196
62 67 34
62 67 96
62 67 73
62 67 194
62 67 199
62 67 118
62 67 66
62 67 114
62 67 169
62 67 155
62 67 82
62 67 198
62 67 139
62 67 90
62 67 197
62 67 79
62 67 27
62 67 152
63 68 181
63 68 45
63 68 161
63 68 70
63 68 106
63 68 157
63 68 66
63 68 199
63 68 130
63 68 62
63 68 79
63 68 35
63 68 121
63 68 66
63 68 6
63 68 144
63 68 62
63 68 37
63 68 167
63 68 118
63 68 54
63 68 97
63 68 110
63 68 58
63 68 161
63 68 164
63 68 168
63 68 27
63 68 102
63 68 60
63 68 116
63 68 181
63 68 3
63 68 12
63 68 183
63 68 143
63 68 25
63 68 3
63 68 61
63 68 81
63 68 21
63 68 176
63 68 96
63 68 84
63 68 37
63 68 86
63 68 155
63 68 5
63 68 68
63 68 77
63 68 134
63 68 165
63 68 77
63 68 82
63 68 131
63 68 102
63 68 63
63 68 1
63 68 159
63 68 52
63 68 193
63 68 67
63 68 25
63 68 27
63 68 111
63 68 67
63 68 106
63 68 88
63 68 191
63 68 174
63 68 140
63 68 156
63 68 149
63 68 166
63 68 65
63 68 129
63 68 147
63 68 102
63 68 124
63 68 182
63 68 66
63 68 195
63 68 72
63 68 87
63 68 108
63 68 23
63 68 130
63 68 124
63 68 137
63 68 197
63 68 164
63 68 102
63 68 123
63 68 87
63 68 16
63 68 24
63 68 4
63 68 7
63 68 166
63 68 140
63 68 139
63 68 66
63 68 70
63 68 103
64 69 140
64 69 175
64 69 127
64 69 27
64 69 99
64 69 110
64 69 17
64 69 180
64 69 129
64 69 56
64 69 73
64 69 175
64 69 185
64 69 174
64 69 125
64 69 38
64 69 67
64 69 50
64 69 149
64 69 49
64 69 160
64 69 96
64 69 44
64 69 193
64 69 139
64 69 103
64 69 147
64 69 177
64 69 83
64 69 172
64 69 25
64 69 121
64 69 93
64 69 114
64 69 65
64 69 120
64 69 90
64 69 43
64 69 16
64 69 99
64 69 51
64 69 159
64 69 171
64 69 84
64 69 96
64 69 23
64 69 63
64 69 69
64 69 179
64 69 154
64 69 73
64 69 36
64 69 8
64 69 77
64 69 183
64 69 54
64 69 192
64 69 60
64 69 51
64 69 127
64 69 164
64 69 44
64 69 169
64 69 108
64 69 2
64 69 104
64 69 190
64 69 105
64 69 105
64 69 191
64 69 95
64 69 15
64 69 89
64 69 96
64 69 66
64 69 128
64 69 151
64 69 8
64 69 105
64 69 9
64 69 36
64 69 165
64 69 11
64 69 109
64 69 12
64 69 34
64 69 41
64 69 9
64 69 164
64 69 122
64 69 80
64 69 154
64 69 49
64 69 1
64 69 81
64 69 62
64 69 44
64 69 149
64 69 35
64 69 158
64 69 88
64 69 15
64 69 32
64 69 35
64 69 194
64 69 86
64 69 171
65 70 110
65 70 27
65 70 152
65 70 137
65 70 105
65 70 66
65 70 179
65 70 16
65 70 174
65 70 7
65 70 77
65 70 94
65 70 196
65 70 20
65 70 21
65 70 122
65 70 164
65 70 102
65 70 42
65 70 127
65 70 85
65 70 117
65 70 98
65 70 59
65 70 179
65 70 26
65 70 8
65 70 90
65 70 192
65 70 60
65 70 89
65 70 87
65 70 109
65 70 58
65 70 46
65 70 145
65 70 78
65 70 27
65 70 68
65 70 31
65 70 149
65 70 199
65 70 1
65 70 127
65 70 175
65 70 26
65 70 61
65 70 58
65 70 23
65 70 129
65 70 8
65 70 188
65 70 5
65 70 157
65 70 14
65 70 87
65 70 85
65 70 191
65 70 107
65 70 177
65 70 111
65 70 120
65 70 166
65 70 186
65 70 92
65 70 12
65 70 108
65 70 199
65 70 116
65 70 109
65 70 154
65 70 130
65 70 9
65 70 59
65 70 84
65 70 32
65 70 34
65 70 71
65 70 128
65 70 165
65 70 12
65 70 108
65 70 62
65 70 65
65 70 65
65 70 128
65 70 198
65 70 61
65 70 34
65 70 92
65 70 82
65 70 184
65 70 123
65 70 80
65 70 101
65 70 178
66 71 65
66 71 197
66 71 129
66 71 114
66 71 67
66 71 83
66 71 64
66 71 126
66 71 144
66 71 61
66 71 15
66 71 33
66 71 60
66 71 159
66 71 89
66 71 75
66 71 110
66 71 73
66 71 125
66 71 55
66 71 19
66 71 47
66 71 163
66 71 36
66 71 107
66 71 110
66 71 134
66 71 182
66 71 73
66 71 178
66 71 27
66 71 46
66 71 141
66 71 117
66 71 77
66 71 128
66 71 29
66 71 110
66 71 126
66 71 197
66 71 43
66 71 81
66 71 98
66 71 97
66 71 71
66 71 138
66 71 74
66 71 160
66 71 55
66 71 127
66 71 167
66 71 188
66 71 21
66 71 28
66 71 63
66 71 147
66 71 32
66 71 190
66 71 171
66 71 106
66 71 37
66 71 176
66 71 200
66 71 170
66 71 177
66 71 11
66 71 15
66 71 142
66 71 49
66 71 89
66 71 30
66 71 129
66 71 14
66 71 13
66 71 165
66 71 79
66 71 147
66 71 36
66 71 130
66 71 132
66 71 62
66 71 64
66 71 185
66 71 185
66 71 191
66 71 78
66 71 49
66 71 139
66 71 10
66 71 37
66 71 131
66 71 46
66 71 19
66 71 39
66 71 108
66 71 191
66 71 105
66 71 176
66 71 134
66 71 161
66 71 160
66 71 81
66 71 185
66 71 48
66 71 26
66 71 176
66 71 84
66 71 3
66 71 200
66 71 62
66 71 85
66 71 69
66 71 5
67 72 17
67 72 102
67 72 122
67 72 6
67 72 152
67 72 155
67 72 182
67 72 90
67 72 181
67 72 47
67 72 182
67 72 141
67 72 19
67 72 56
67 72 36
67 72 113
67 72 125
67 72 38
67 72 13
67 72 98
67 72 71
67 72 83
67 72 86
67 72 79
67 72 68
67 72 138
67 72 178
67 72 15
67 72 97
67 72 16
67 72 27
67 72 140
67 72 7
67 72 75
67 72 181
67 72 72
67 72 126
67 72 199
67 72 125
67 72 135
67 72 103
67 72 100
67 72 41
67 72 126
67 72 147
67 72 111
67 72 196
67 72 19
67 72 184
67 72 155
67 72 145
67 72 168
67 72 14
67 72 195
67 72 168
67 72 31
67 72 80
67 72 179
67 72 156
67 72 83
67 72 125
67 72 44
67 72 99
67 72 120
67 72 193
67 72 147
67 72 173
67 72 187
67 72 26
67 72 79
67 72 94
67 72 147
67 72 15
67 72 165
67 72 22
67 72 159
67 72 25
67 72 187
67 72 152
67 72 107
67 72 129
67 72 42
67 72 174
67 72 114
68 73 62
68 73 126
68 73 2
68 73 135
68 73 172
68 73 91
68 73 152
68 73 119
68 73 22
68 73 44
68 73 200
68 73 52
68 73 128
68 73 155
68 73 65
68 73 30
68 73 41
68 73 24
68 73 96
68 73 78
68 73 53
68 73 68
68 73 12
68 73 33
68 73 140
68 73 29
68 73 83
68 73 152
68 73 171
68 73 83
68 73 166
68 73 61
68 73 59
68 73 47
68 73 94
68 73 140
68 73 181
68 73 34
68 73 169
68 73 156
68 73 47
68 73 174
68 73 43
68 73 42
68 73 56
68 73 81
68 73 22
68 73 17
68 73 166
68 73 4
68 73 82
68 73 112
68 73 40
68 73 26
68 73 15
68 73 107
68 73 95
68 73 126
68 73 177
68 73 98
68 73 56
68 73 183
68 73 8
68 73 170
68 73 133
68 73 133
68 73 128
68 73 24
68 73 31
68 73 130
68 73 172
68 73 7
68 73 107
68 73 93
68 73 175
68 73 139
68 73 94
68 73 100
68 73 89
68 73 159
68 73 155
68 73 177
68 73 75
68 73 105
68 73 146
68 73 180
68 73 179
68 73 4
68 73 68
68 73 55
68 73 44
68 73 70
68 73 147
68 73 109
68 73 75
68 73 117
68 73 150
68 73 194
68 73 14
68 73 135
68 73 50
68 73 181
68 73 155
68 73 159
68 73 182
68 73 38
68 73 110
68 73 70
68 73 55
68 73 142
69 74 28
69 74 108
69 74 169
69 74 56
69 74 98
69 74 41
69 74 8
69 74 46
69 74 17
69 74 146
69 74 181
69 74 60
69 74 20
69 74 146
69 74 115
69 74 57
69 74 140
69 74 183
69 74 125
69 74 147
69 74 82
69 74 32
69 74 95
69 74 51
69 74 60
69 74 156
69 74 80
69 74 197
69 74 95
69 74 96
69 74 9
69 74 71
69 74 183
69 74 158
69 74 104
69 74 16
69 74 92
69 74 87
69 74 36
69 74 15
69 74 173
69 74 166
69 74 80
69 74 29
69 74 4
69 74 99
69 74 197
69 74 56
69 74 177
69 74 121
69 74 113
69 74 63
69 74 22
69 74 97
69 74 15
69 74 63
69 74 5
69 74 191
69 74 160
69 74 101
69 74 177
69 74 48
69 74 115
69 74 195
69 74 178
69 74 25
69 74 158
69 74 67
69 74 185
69 74 164
69 74 161
69 74 18
69 74 126
69 74 66
69 74 104
69 74 72
69 74 81
69 74 46
69 74 59
69 74 9
69 74 185
69 74 5
69 74 153
69 74 56
69 74 154
69 74 19
69 74 68
69 74 100
69 74 82
69 74 132
69 74 173
69 74 14
69 74 182
69 74 3
69 74 102
69 74 5
69 74 63
69 74 109
69 74 110
69 74 172
69 74 6
69 74 125
69 74 12
69 74 200
69 74 200
69 74 196
69 74 41
69 74 87
69 74 40
69 74 98
69 74 51
69 74 28
69 74 167
69 74 126
69 74 158
69 74 161
69 74 146
70 75 76
70 75 188
70 75 195
70 75 12
70 75 105
70 75 31
70 75 139
70 75 136
70 75 47
70 75 131
70 75 83
70 75 23
70 75 1
70 75 87
70 75 147
70 75 161
70 75 167
70 75 64
70 75 149
70 75 37
70 75 136
70 75 47
70 75 73
70 75 89
70 75 83
70 75 177
70 75 118
70 75 107
70 75 105
70 75 189
70 75 79
70 75 175
70 75 194
70 75 177
70 75 33
70 75 30
70 75 17
70 75 9
70 75 149
70 75 148
70 75 65
70 75 198
70 75 34
70 75 160
70 75 91
70 75 159
70 75 116
70 75 75
70 75 40
70 75 16
70 75 92
70 75 121
70 75 144
70 75 143
70 75 53
70 75 136
70 75 188
70 75 105
70 75 76
70 75 88
70 75 35
70 75 182
70 75 35
70 75 70
70 75 85
70 75 7
70 75 38
70 75 36
70 75 7
70 75 45
70 75 1
70 75 53
70 75 62
70 75 193
70 75 29
70 75 122
70 75 73
70 75 158
70 75 11
70 75 163
70 75 134
70 75 141
70 75 142
70 75 194
70 75 90
70 75 177
70 75 126
70 75 91
70 75 98
70 75 97
70 75 121
70 75 68
70 75 97
70 75 116
70 75 28
70 75 120
70 75 40
70 75 82
70 75 175
70 75 193
70 75 125
70 75 42
70 75 144
70 75 16
70 75 195
70 75 173
70 75 177
70 75 153
70 75 171
70 75 158
70 75 169
70 75 67
70 75 117
71 76 182
71 76 187
71 76 121
71 76 137
71 76 20
71 76 71
71 76 197
71 76 25
71 76 118
71 76 30
71 76 157
71 76 41
71 76 36
71 76 168
71 76 78
71 76 166
71 76 142
71 76 129
71 76 148
71 76 61
71 76 157
71 76 166
71 76 107
71 76 43
71 76 22
71 76 2
71 76 189
71 76 15
71 76 68
71 76 24
71 76 173
71 76 145
71 76 20
71 76 51
71 76 64
71 76 142
71 76 83
71 76 60
71 76 32
71 76 124
71 76 116
71 76 116
71 76 68
71 76 47
71 76 18
71 76 121
71 76 2
71 76 20
71 76 49
71 76 111
71 76 58
71 76 200
71 76 130
71 76 192
71 76 6
71 76 146
71 76 30
71 76 198
71 76 81
71 76 74
71 76 88
71 76 47
71 76 174
71 76 106
71 76 29
71 76 171
71 76 176
71 76 64
71 76 152
71 76 37
71 76 94
71 76 130
71 76 29
71 76 95
71 76 120
71 76 115
71 76 183
71 76 111
71 76 30
71 76 104
71 76 77
71 76 128
71 76 82
71 76 99
71 76 164
71 76 103
71 76 6
71 76 44
71 76 142
71 76 191
71 76 74
71 76 186
71 76 112
71 76 144
71 76 51
71 76 41
72 77 49
72 77 67
72 77 79
72 77 162
72 77 54
72 77 67
72 77 149
72 77 62
72 77 192
72 77 30
72 77 126
72 77 106
72 77 199
72 77 65
72 77 11
72 77 22
72 77 38
72 77 143
72 77 180
72 77 70
72 77 110
72 77 111
72 77 7
72 77 66
72 77 168
72 77 51
72 77 186
72 77 79
72 77 108
72 77 141
72 77 1
72 77 158
72 77 87
72 77 182
72 77 57
72 77 97
72 77 45
72 77 122
72 77 166
72 77 9
72 77 20
72 77 124
72 77 195
72 77 54
72 77 160
72 77 108
72 77 47
72 77 84
72 77 25
72 77 68
72 77 80
72 77 80
72 77 123
72 77 124
72 77 133
72 77 180
72 77 123
72 77 14
72 77 131
72 77 193
72 77 171
72 77 46
72 77 130
72 77 126
72 77 164
72 77 123
72 77 133
72 77 20
72 77 22
72 77 71
72 77 62
72 77 192
72 77 9
72 77 59
72 77 64
72 77 196
72 77 130
72 77 102
72 77 104
72 77 14
72 77 152
72 77 46
72 77 97
72 77 115
72 77 39
72 77 40
72 77 193
72 77 12
72 77 155
72 77 20
72 77 124
72 77 115
72 77 184
72 77 85
72 77 107
72 77 20
72 77 14
72 77 159
72 77 2
72 77 24
72 77 73
72 77 87
72 77 111
72 77 62
72 77 186
72 77 48
72 77 116
72 77 122
72 77 58
72 77 71
72 77 114
72 77 102
73 78 185
73 78 133
73 78 194
73 78 128
73 78 5
73 78 169
73 78 59
73 78 155
73 78 49
73 78 85
73 78 141
73 78 73
73 78 172
73 78 154
73 78 152
73 78 37
73 78 12
73 78 165
73 78 46
73 78 104
73 78 34
73 78 177
73 78 187
73 78 67
73 78 197
73 78 143
73 78 164
73 78 59
73 78 142
73 78 193
73 78 64
73 78 129
73 78 195
73 78 136
73 78 104
73 78 1
73 78 59
73 78 123
73 78 165
73 78 162
73 78 200
73 78 28
73 78 117
73 78 151
73 78 141
73 78 114
73 78 4
73 78 58
73 78 89
73 78 45
73 78 97
73 78 4
73 78 178
73 78 52
73 78 70
73 78 80
73 78 126
73 78 175
73 78 189
73 78 16
73 78 120
73 78 26
73 78 101
73 78 100
73 78 114
73 78 177
73 78 13
73 78 83
73 78 104
73 78 157
73 78 149
73 78 20
73 78 163
73 78 15
73 78 154
73 78 140
73 78 6
73 78 193
73 78 109
73 78 34
73 78 90
73 78 77
73 78 137
73 78 163
73 78 35
73 78 36
73 78 43
73 78 56
73 78 155
73 78 52
73 78 119
73 78 35
73 78 6
73 78 46
73 78 11
73 78 44
73 78 59
73 78 27
73 78 94
73 78 79
73 78 75
73 78 193
74 79 2
74 79 55
74 79 86
74 79 121
74 79 126
74 79 132
74 79 115
74 79 15
74 79 71
74 79 153
74 79 74
74 79 155
74 79 66
74 79 4
74 79 11
74 79 155
74 79 51
74 79 62
74 79 148
74 79 77
74 79 140
74 79 130
74 79 33
74 79 26
74 79 79
74 79 21
74 79 63
74 79 32
74 79 88
74 79 99
74 79 110
74 79 93
74 79 143
74 79 44
74 79 192
74 79 42
74 79 131
74 79 198
74 79 75
74 79 71
74 79 72
74 79 62
74 79 130
74 79 153
74 79 185
74 79 146
74 79 188
74 79 190
74 79 188
74 79 117
74 79 6
74 79 140
74 79 7
74 79 147
74 79 197
74 79 48
74 79 25
74 79 98
74 79 176
74 79 8
74 79 123
74 79 173
74 79 160
74 79 140
74 79 29
74 79 31
74 79 45
74 79 158
74 79 131
74 79 151
74 79 9
74 79 54
74 79 55
74 79 13
74 79 170
74 79 143
74 79 131
74 79 86
74 79 111
74 79 45
74 79 111
74 79 39
74 79 20
74 79 98
74 79 54
74 79 67
74 79 35
74 79 157
74 79 11
74 79 142
74 79 102
74 79 131
74 79 5
74 79 127
74 79 124
74 79 13
74 79 156
74 79 82
74 79 12
74 79 39
74 79 4
74 79 121
74 79 108
74 79 114
74 79 52
74 79 83
74 79 6
74 79 57
74 79 189
74 79 135
74 79 108
74 79 99
74 79 183
74 79 25
75 80 184
75 80 200
75 80 176
75 80 68
75 80 121
75 80 31
75 80 23
75 80 103
75 80 14
75 80 171
75 80 83
75 80 14
75 80 131
75 80 67
75 80 183
75 80 49
75 80 189
75 80 179
75 80 73
75 80 33
75 80 130
75 80 84
75 80 143
75 80 115
75 80 128
75 80 141
75 80 154
75 80 153
75 80 69
75 80 17
75 80 126
75 80 120
75 80 99
75 80 170
75 80 68
75 80 28
75 80 1
75 80 185
75 80 148
75 80 54
75 80 103
75 80 62
75 80 146
75 80 149
75 80 111
75 80 11
75 80 137
75 80 96
75 80 65
75 80 190
75 80 58
75 80 6
75 80 186
75 80 150
75 80 195
75 80 45
75 80 58
75 80 61
75 80 20
75 80 106
75 80 11
75 80 118
75 80 25
75 80 33
75 80 169
75 80 72
75 80 198
75 80 182
75 80 104
75 80 95
75 80 167
75 80 122
75 80 120
75 80 9
75 80 112
75 80 4
75 80 190
75 80 69
75 80 17
75 80 161
75 80 98
75 80 192
75 80 129
75 80 81
75 80 114
75 80 162
75 80 191
75 80 190
75 80 147
75 80 113
75 80 159
75 80 150
75 80 11
75 80 58
75 80 194
75 80 75
75 80 192
75 80 116
75 80 170
75 80 21
75 80 107
75 80 125
75 80 52
75 80 20
75 80 143
75 80 171
76 81 99
76 81 27
76 81 54
76 81 132
76 81 17
76 81 156
76 81 97
76 81 193
76 81 188
76 81 160
76 81 133
76 81 20
76 81 41
76 81 173
76 81 141
76 81 11
76 81 19
76 81 158
76 81 94
76 81 27
76 81 51
76 81 149
76 81 144
76 81 51
76 81 183
76 81 32
76 81 139
76 81 37
76 81 115
76 81 192
76 81 170
76 81 129
76 81 47
76 81 111
76 81 52
76 81 191
76 81 176
76 81 183
76 81 35
76 81 30
76 81 108
76 81 174
76 81 173
76 81 170
76 81 5
76 81 105
76 81 14
76 81 174
76 81 59
76 81 161
76 81 7
76 81 174
76 81 117
76 81 17
76 81 148
76 81 76
76 81 171
76 81 1
76 81 199
76 81 49
76 81 45
76 81 106
76 81 65
76 81 112
76 81 64
76 81 172
76 81 126
76 81 142
76 81 155
76 81 105
76 81 13
76 81 97
76 81 189
76 81 38
76 81 94
76 81 127
76 81 193
76 81 80
76 81 100
76 81 151
76 81 157
76 81 181
76 81 73
76 81 98
76 81 178
76 81 106
76 81 150
76 81 7
76 81 184
76 81 19
76 81 68
76 81 171
76 81 31
76 81 139
76 81 17
76 81 29
76 81 185
76 81 18
76 81 169
76 81 106
77 82 34
77 82 170
77 82 190
77 82 42
77 82 128
77 82 194
77 82 134
77 82 62
77 82 198
77 82 52
77 82 140
77 82 8
77 82 5
77 82 119
77 82 134
77 82 130
77 82 50
77 82 72
77 82 47
77 82 113
77 82 170
77 82 48
77 82 188
77 82 65
77 82 127
77 82 200
77 82 135
77 82 120
77 82 112
77 82 117
77 82 175
77 82 186
77 82 145
77 82 13
77 82 26
77 82 82
77 82 151
77 82 96
77 82 64
77 82 42
77 82 151
77 82 20
77 82 16
77 82 15
77 82 166
77 82 13
77 82 163
77 82 17
77 82 61
77 82 47
77 82 62
77 82 158
77 82 24
77 82 63
77 82 169
77 82 148
77 82 184
77 82 109
77 82 121
77 82 92
77 82 171
77 82 102
77 82 35
77 82 163
77 82 85
77 82 136
77 82 21
77 82 156
77 82 34
77 82 22
77 82 104
77 82 65
77 82 5
77 82 190
77 82 192
77 82 66
77 82 30
77 82 77
77 82 174
77 82 177
77 82 38
77 82 119
77 82 167
77 82 79
77 82 127
77 82 153
77 82 38
77 82 81
77 82 51
77 82 181
77 82 106
77 82 90
77 82 185
77 82 84
77 82 6
77 82 26
77 82 87
77 82 132
77 82 134
78 83 23
78 83 136
78 83 185
78 83 38
78 83 160
78 83 71
78 83 167
78 83 184
78 83 97
78 83 123
78 83 15
78 83 15
78 83 31
78 83 175
78 83 2
78 83 121
78 83 174
78 83 187
78 83 4
78 83 7
78 83 18
78 83 94
78 83 132
78 83 59
78 83 71
78 83 193
78 83 38
78 83 154
78 83 17
78 83 118
78 83 200
78 83 121
78 83 82
78 83 22
78 83 21
78 83 14
78 83 138
78 83 118
78 83 38
78 83 8
78 83 48
78 83 153
78 83 45
78 83 68
78 83 49
78 83 181
78 83 152
78 83 144
78 83 20
78 83 107
78 83 22
78 83 145
78 83 35
78 83 94
78 83 111
78 83 134
78 83 50
78 83 86
78 83 116
78 83 125
78 83 166
78 83 39
78 83 82
78 83 142
78 83 146
78 83 200
78 83 30
78 83 89
78 83 33
78 83 116
78 83 102
78 83 65
78 83 83
78 83 6
78 83 140
78 83 78
78 83 108
78 83 22
78 83 145
78 83 88
78 83 97
78 83 173
78 83 12
78 83 60
78 83 36
78 83 100
78 83 127
78 83 147
79 84 3
79 84 41
79 84 107
79 84 122
79 84 140
79 84 52
79 84 4
79 84 180
79 84 29
79 84 134
79 84 178
79 84 196
79 84 108
79 84 171
79 84 189
79 84 151
79 84 6
79 84 58
79 84 46
79 84 175
79 84 76
79 84 48
79 84 104
79 84 104
79 84 168
79 84 6
79 84 108
79 84 1
79 84 118
79 84 52
79 84 175
79 84 48
79 84 24
79 84 128
79 84 43
79 84 182
79 84 171
79 84 4
79 84 26
79 84 62
79 84 75
79 84 80
79 84 110
79 84 189
79 84 11
79 84 108
79 84 158
79 84 41
79 84 86
79 84 48
79 84 164
79 84 30
79 84 47
79 84 25
79 84 92
79 84 60
79 84 36
79 84 140
79 84 84
79 84 39
79 84 118
79 84 64
79 84 133
79 84 98
79 84 18
79 84 15
79 84 140
79 84 163
79 84 164
79 84 120
79 84 186
79 84 81
79 84 51
79 84 137
79 84 79
79 84 86
79 84 73
79 84 195
79 84 154
79 84 9
79 84 24
79 84 192
79 84 175
79 84 174
80 85 22
80 85 72
80 85 101
80 85 200
80 85 138
80 85 80
80 85 160
80 85 189
80 85 131
80 85 142
80 85 61
80 85 183
80 85 52
80 85 125
80 85 27
80 85 187
80 85 125
80 85 127
80 85 134
80 85 186
80 85 93
80 85 27
80 85 178
80 85 76
80 85 27
80 85 82
80 85 59
80 85 54
80 85 63
80 85 13
80 85 132
80 85 81
80 85 76
80 85 87
80 85 128
80 85 76
80 85 57
80 85 46
80 85 131
80 85 115
80 85 108
80 85 188
80 85 65
80 85 170
80 85 125
80 85 1
80 85 172
80 85 3
80 85 65
80 85 43
80 85 16
80 85 119
80 85 183
80 85 54
80 85 162
80 85 11
80 85 195
80 85 177
80 85 68
80 85 1
80 85 190
80 85 78
80 85 106
80 85 118
80 85 149
80 85 186
80 85 13
80 85 185
80 85 106
80 85 89
80 85 47
80 85 12
80 85 169
80 85 18
80 85 82
80 85 112
80 85 80
80 85 55
80 85 106
80 85 177
80 85 87
80 85 151
80 85 191
80 85 179
80 85 51
80 85 24
80 85 193
80 85 148
80 85 170
80 85 23
80 85 185
80 85 94
80 85 188
80 85 50
80 85 112
80 85 54
80 85 30
80 85 135
81 86 61
81 86 80
81 86 151
81 86 116
81 86 36
81 86 114
81 86 33
81 86 84
81 86 134
81 86 45
81 86 79
81 86 15
81 86 2
81 86 7
81 86 111
81 86 22
81 86 139
81 86 158
81 86 139
81 86 118
81 86 110
81 86 91
81 86 16
81 86 74
81 86 67
81 86 67
81 86 14
81 86 189
81 86 100
81 86 43
81 86 188
81 86 48
81 86 135
81 86 17
81 86 123
81 86 151
81 86 126
81 86 109
81 86 101
81 86 4
81 86 151
81 86 119
81 86 3
81 86 4
81 86 90
81 86 154
81 86 9
81 86 54
81 86 174
81 86 57
81 86 3
81 86 28
81 86 61
81 86 130
81 86 173
81 86 20
81 86 6
81 86 137
81 86 78
81 86 177
81 86 135
81 86 120
81 86 34
81 86 43
81 86 146
81 86 54
81 86 106
81 86 148
81 86 189
81 86 57
81 86 38
81 86 73
81 86 96
81 86 84
81 86 151
81 86 172
81 86 46
81 86 109
81 86 106
81 86 193
81 86 94
81 86 80
81 86 66
81 86 194
81 86 107
81 86 64
81 86 149
81 86 14
81 86 6
81 86 2
81 86 73
81 86 71
81 86 156
81 86 151
81 86 182
81 86 148
81 86 173
81 86 24
81 86 16
81 86 170
81 86 120
81 86 109
81 86 114
81 86 48
82 87 137
82 87 192
82 87 163
82 87 185
82 87 8
82 87 18
82 87 77
82 87 26
82 87 143
82 87 42
82 87 138
82 87 1
82 87 112
82 87 58
82 87 150
82 87 119
82 87 107
82 87 50
82 87 4
82 87 52
82 87 112
82 87 153
82 87 30
82 87 102
82 87 195
82 87 88
82 87 49
82 87 107
82 87 154
82 87 134
82 87 96
82 87 184
82 87 25
82 87 21
82 87 68
82 87 115
82 87 56
82 87 10
82 87 166
82 87 32
82 87 60
82 87 199
82 87 98
82 87 30
82 87 11
82 87 27
82 87 162
82 87 110
82 87 54
82 87 96
82 87 164
82 87 115
82 87 75
82 87 157
82 87 132
82 87 3
82 87 43
82 87 121
82 87 34
82 87 73
82 87 42
82 87 183
82 87 140
82 87 124
82 87 147
82 87 200
82 87 81
82 87 175
82 87 152
82 87 171
82 87 89
82 87 19
82 87 176
82 87 195
82 87 154
82 87 25
82 87 172
82 87 133
82 87 180
82 87 141
82 87 107
82 87 5
82 87 98
82 87 69
82 87 38
82 87 102
82 87 43
82 87 111
82 87 118
82 87 16
82 87 46
82 87 58
82 87 193
82 87 181
82 87 170
82 87 89
82 87 127
82 87 53
82 87 134
82 87 147
82 87 7
82 87 125
82 87 94
82 87 173
82 87 48
82 87 126
82 87 19
82 87 20
82 87 162
82 87 77
82 87 23
82 87 77
82 87 168
82 87 112
82 87 176
82 87 115
82 87 174
83 88 44
83 88 66
83 88 112
83 88 58
83 88 149
83 88 44
83 88 128
83 88 67
83 88 39
83 88 92
83 88 71
83 88 157
83 88 158
83 88 155
83 88 115
83 88 91
83 88 53
83 88 177
83 88 88
83 88 120
83 88 112
83 88 182
83 88 20
83 88 120
83 88 11
83 88 145
83 88 4
83 88 66
83 88 182
83 88 73
83 88 23
83 88 46
83 88 152
83 88 70
83 88 105
83 88 98
83 88 198
83 88 46
83 88 131
83 88 25
83 88 191
83 88 187
83 88 59
83 88 133
83 88 29
83 88 109
83 88 113
83 88 55
83 88 169
83 88 120
83 88 109
83 88 134
83 88 17
83 88 47
83 88 192
83 88 136
83 88 146
83 88 155
83 88 5
83 88 21
83 88 131
83 88 159
83 88 144
83 88 196
83 88 121
83 88 147
83 88 189
83 88 46
83 88 110
83 88 131
83 88 109
83 88 78
83 88 95
83 88 9
83 88 115
83 88 17
83 88 36
83 88 20
83 88 133
83 88 173
83 88 97
83 88 88
83 88 42
83 88 179
83 88 104
83 88 117
83 88 140
83 88 61
83 88 65
83 88 149
83 88 145
83 88 23
83 88 150
83 88 200
83 88 37
83 88 70
83 88 195
83 88 176
83 88 86
83 88 99
83 88 175
83 88 102
83 88 166
83 88 39
83 88 121
83 88 6
83 88 54
84 89 9
84 89 78
84 89 110
84 89 90
84 89 162
84 89 113
84 89 148
84 89 46
84 89 183
84 89 177
84 89 101
84 89 22
84 89 46
84 89 195
84 89 149
84 89 85
84 89 148
84 89 169
84 89 169
84 89 29
84 89 37
84 89 159
84 89 90
84 89 125
84 89 72
84 89 144
84 89 181
84 89 143
84 89 118
84 89 193
84 89 18
84 89 123
84 89 83
84 89 45
84 89 10
84 89 24
84 89 191
84 89 73
84 89 131
84 89 113
84 89 180
84 89 159
84 89 141
84 89 115
84 89 189
84 89 138
84 89 156
84 89 62
84 89 149
84 89 42
84 89 25
84 89 135
84 89 157
84 89 104
84 89 60
84 89 4
84 89 162
84 89 194
84 89 104
84 89 26
84 89 63
84 89 107
84 89 174
84 89 69
84 89 144
84 89 185
84 89 122
84 89 118
84 89 53
84 89 8
84 89 32
84 89 95
84 89 178
84 89 54
84 89 128
84 89 128
84 89 199
84 89 64
84 89 171
84 89 110
84 89 113
84 89 134
84 89 95
84 89 83
84 89 58
84 89 35
84 89 106
84 89 80
84 89 98
85 90 15
85 90 19
85 90 46
85 90 186
85 90 23
85 90 81
85 90 32
85 90 6
85 90 40
85 90 17
85 90 123
85 90 53
85 90 4
85 90 182
85 90 114
85 90 12
85 90 120
85 90 10
85 90 33
85 90 96
85 90 171
85 90 35
85 90 118
85 90 28
85 90 72
85 90 4
85 90 138
85 90 96
85 90 73
85 90 145
85 90 175
85 90 133
85 90 34
85 90 111
85 90 131
85 90 14
85 90 190
85 90 131
85 90 80
85 90 123
85 90 133
85 90 41
85 90 26
85 90 54
85 90 167
85 90 177
85 90 81
85 90 40
85 90 153
85 90 4
85 90 192
85 90 23
85 90 38
85 90 96
85 90 99
85 90 23
85 90 24
85 90 152
85 90 147
85 90 195
85 90 44
85 90 180
85 90 97
85 90 157
85 90 88
85 90 71
85 90 190
85 90 169
85 90 132
85 90 40
85 90 73
85 90 155
85 90 71
85 90 164
85 90 4
85 90 16
85 90 162
85 90 66
85 90 187
85 90 15
85 90 165
85 90 83
85 90 153
85 90 20
85 90 193
85 90 107
85 90 66
85 90 118
85 90 51
85 90 194
85 90 27
85 90 178
85 90 154
85 90 81
85 90 80
85 90 195
85 90 52
85 90 196
85 90 127
85 90 82
85 90 64
85 90 163
85 90 55
85 90 96
85 90 152
85 90 160
86 91 167
86 91 155
86 91 13
86 91 191
86 91 85
86 91 12
86 91 114
86 91 111
86 91 125
86 91 119
86 91 180
86 91 158
86 91 10
86 91 157
86 91 179
86 91 88
86 91 57
86 91 56
86 91 99
86 91 134
86 91 124
86 91 165
86 91 128
86 91 166
86 91 51
86 91 133
86 91 64
86 91 148
86 91 7
86 91 46
86 91 37
86 91 100
86 91 59
86 91 7
86 91 83
86 91 103
86 91 108
86 91 124
86 91 13
86 91 56
86 91 78
86 91 9
86 91 13
86 91 129
86 91 144
86 91 56
86 91 193
86 91 34
86 91 121
86 91 111
86 91 165
86 91 165
86 91 114
86 91 182
86 91 16
86 91 74
86 91 194
86 91 100
86 91 69
86 91 101
86 91 73
86 91 62
86 91 109
86 91 87
86 91 29
86 91 92
86 91 60
86 91 20
86 91 47
86 91 17
86 91 194
86 91 153
86 91 29
86 91 83
86 91 67
86 91 121
86 91 80
86 91 99
86 91 11
86 91 68
86 91 99
86 91 146
86 91 27
86 91 152
86 91 11
86 91 93
86 91 108
86 91 189
86 91 4
86 91 122
86 91 67
87 92 43
87 92 109
87 92 62
87 92 181
87 92 54
87 92 182
87 92 20
87 92 87
87 92 64
87 92 70
87 92 164
87 92 74
87 92 151
87 92 152
87 92 48
87 92 185
87 92 110
87 92 119
87 92 144
87 92 52
87 92 14
87 92 197
87 92 81
87 92 77
87 92 166
87 92 116
87 92 189
87 92 47
87 92 138
87 92 64
87 92 126
87 92 177
87 92 5
87 92 152
87 92 41
87 92 87
87 92 101
87 92 107
87 92 169
87 92 200
87 92 85
87 92 153
87 92 86
87 92 186
87 92 156
87 92 138
87 92 8
87 92 105
87 92 84
87 92 103
87 92 174
87 92 61
87 92 98
87 92 51
87 92 60
87 92 28
87 92 195
87 92 132
87 92 25
87 92 143
87 92 182
87 92 108
87 92 66
87 92 150
87 92 172
87 92 101
87 92 106
87 92 189
87 92 42
87 92 44
87 92 66
87 92 120
87 92 79
87 92 120
87 92 198
87 92 182
87 92 169
87 92 183
87 92 168
87 92 70
87 92 156
87 92 167
87 92 112
87 92 191
87 92 138
87 92 108
87 92 156
87 92 149
87 92 7
87 92 98
87 92 182
87 92 83
88 93 91
88 93 48
88 93 101
88 93 154
88 93 168
88 93 77
88 93 78
88 93 66
88 93 124
88 93 43
88 93 93
88 93 95
88 93 111
88 93 90
88 93 20
88 93 104
88 93 125
88 93 2
88 93 41
88 93 63
88 93 70
88 93 39
88 93 144
88 93 68
88 93 47
88 93 158
88 93 37
88 93 151
88 93 150
88 93 19
88 93 5
88 93 140
88 93 29
88 93 184
88 93 156
88 93 32
88 93 100
88 93 97
88 93 164
88 93 44
88 93 187
88 93 125
88 93 91
88 93 131
88 93 72
88 93 164
88 93 6
88 93 192
88 93 36
88 93 165
88 93 165
88 93 101
88 93 168
88 93 138
88 93 111
88 93 4
88 93 80
88 93 67
88 93 83
88 93 6
88 93 128
88 93 70
88 93 156
88 93 151
88 93 165
88 93 78
88 93 72
88 93 79
88 93 78
88 93 139
88 93 118
88 93 38
88 93 99
88 93 133
88 93 138
88 93 182
88 93 105
88 93 143
88 93 43
88 93 7
88 93 27
88 93 115
88 93 148
88 93 179
88 93 14
88 93 41
88 93 18
88 93 130
88 93 42
88 93 64
88 93 9
88 93 192
88 93 180
88 93 168
88 93 184
88 93 16
88 93 34
88 93 86
89 94 15
89 94 171
89 94 115
89 94 21
89 94 39
89 94 162
89 94 99
89 94 93
89 94 62
89 94 162
89 94 86
89 94 138
89 94 14
89 94 68
89 94 134
89 94 126
89 94 184
89 94 96
89 94 38
89 94 97
89 94 50
89 94 59
89 94 91
89 94 7
89 94 5
89 94 94
89 94 154
89 94 91
89 94 33
89 94 119
89 94 78
89 94 161
89 94 136
89 94 12
89 94 153
89 94 152
89 94 191
89 94 56
89 94 64
89 94 131
89 94 40
89 94 41
89 94 20
89 94 83
89 94 132
89 94 160
89 94 141
89 94 154
89 94 36
89 94 81
89 94 84
89 94 12
89 94 130
89 94 95
89 94 56
89 94 30
89 94 141
89 94 23
89 94 158
89 94 62
89 94 143
89 94 14
89 94 81
89 94 13
89 94 177
89 94 22
89 94 11
89 94 32
89 94 108
89 94 18
89 94 14
89 94 85
89 94 57
89 94 103
89 94 24
89 94 200
89 94 84
89 94 43
89 94 59
89 94 42
89 94 87
89 94 128
89 94 149
89 94 148
89 94 172
89 94 8
89 94 16
89 94 186
89 94 128
89 94 116
89 94 114
89 94 29
89 94 4
89 94 185
89 94 17
89 94 134
89 94 140
89 94 102
89 94 9
90 95 148
90 95 121
90 95 124
90 95 111
90 95 74
90 95 100
90 95 101
90 95 136
90 95 37
90 95 80
90 95 166
90 95 45
90 95 123
90 95 190
90 95 119
90 95 55
90 95 181
90 95 109
90 95 117
90 95 85
90 95 179
90 95 19
90 95 170
90 95 55
90 95 69
90 95 113
90 95 91
90 95 67
90 95 176
90 95 100
90 95 50
90 95 112
90 95 167
90 95 88
90 95 185
90 95 143
90 95 19
90 95 52
90 95 12
90 95 141
90 95 40
90 95 37
90 95 144
90 95 161
90 95 190
90 95 121
90 95 118
90 95 116
90 95 55
90 95 19
90 95 87
90 95 72
90 95 92
90 95 50
90 95 170
90 95 71
90 95 50
90 95 51
90 95 107
90 95 114
90 95 189
90 95 74
90 95 140
90 95 146
90 95 111
90 95 43
90 95 125
90 95 70
90 95 2
90 95 81
90 95 45
90 95 51
90 95 130
90 95 43
90 95 71
90 95 9
90 95 153
90 95 63
90 95 114
90 95 187
90 95 171
90 95 51
90 95 105
90 95 83
90 95 153
90 95 72
90 95 142
90 95 128
90 95 114
90 95 101
90 95 96
90 95 53
90 95 84
90 95 19
90 95 55
90 95 20
90 95 2
90 95 64
90 95 6
90 95 9
90 95 56
90 95 194
90 95 166
90 95 35
91 96 81
91 96 7
91 96 74
91 96 35
91 96 164
91 96 109
91 96 141
91 96 31
91 96 166
91 96 80
91 96 65
91 96 177
91 96 106
91 96 140
91 96 9
91 96 167
91 96 105
91 96 58
91 96 14
91 96 67
91 96 153
91 96 21
91 96 160
91 96 126
91 96 79
91 96 159
91 96 31
91 96 48
91 96 155
91 96 46
91 96 5
91 96 174
91 96 79
91 96 117
91 96 117
91 96 42
91 96 2
91 96 119
91 96 129
91 96 29
91 96 54
91 96 15
91 96 132
91 96 184
91 96 145
91 96 111
91 96 156
91 96 141
91 96 68
91 96 138
91 96 37
91 96 91
91 96 43
91 96 41
91 96 66
91 96 85
91 96 27
91 96 7
91 96 105
91 96 155
91 96 107
91 96 142
91 96 191
91 96 57
91 96 196
91 96 124
91 96 63
91 96 34
91 96 4
91 96 146
91 96 16
91 96 31
91 96 4
91 96 45
91 96 37
91 96 182
91 96 91
91 96 59
91 96 125
91 96 119
91 96 68
91 96 49
91 96 181
91 96 163
91 96 122
91 96 185
91 96 79
91 96 175
91 96 7
91 96 7
91 96 167
91 96 6
91 96 28
91 96 50
91 96 154
91 96 63
91 96 54
91 96 114
91 96 106
91 96 65
91 96 155
91 96 120
91 96 87
91 96 91
91 96 87
91 96 96
92 97 160
92 97 8
92 97 113
92 97 198
92 97 78
92 97 164
92 97 27
92 97 54
92 97 30
92 97 76
92 97 120
92 97 116
92 97 33
92 97 113
92 97 177
92 97 4
92 97 22
92 97 38
92 97 38
92 97 16
92 97 89
92 97 132
92 97 91
92 97 46
92 97 129
92 97 53
92 97 54
92 97 47
92 97 138
92 97 107
92 97 2
92 97 65
92 97 62
92 97 106
92 97 171
92 97 199
92 97 171
92 97 92
92 97 168
92 97 84
92 97 125
92 97 143
92 97 120
92 97 77
92 97 60
92 97 171
92 97 179
92 97 172
92 97 195
92 97 32
92 97 195
92 97 32
92 97 179
92 97 30
92 97 125
92 97 33
92 97 84
92 97 71
92 97 131
92 97 53
92 97 47
92 97 152
92 97 137
92 97 87
92 97 163
92 97 55
92 97 118
92 97 152
92 97 67
92 97 171
92 97 82
92 97 124
92 97 86
92 97 41
92 97 99
92 97 39
92 97 56
92 97 186
92 97 73
92 97 170
92 97 97
92 97 155
92 97 34
92 97 112
92 97 127
92 97 36
92 97 13
92 97 52
92 97 127
92 97 10
92 97 47
92 97 168
92 97 28
92 97 70
92 97 197
92 97 193
92 97 185
92 97 197
92 97 25
92 97 188
92 97 109
92 97 58
92 97 78
92 97 3
93 98 165
93 98 115
93 98 185
93 98 62
93 98 74
93 98 182
93 98 94
93 98 143
93 98 1
93 98 27
93 98 193
93 98 25
93 98 140
93 98 127
93 98 92
93 98 137
93 98 37
93 98 161
93 98 54
93 98 193
93 98 90
93 98 151
93 98 133
93 98 95
93 98 70
93 98 21
93 98 38
93 98 87
93 98 49
93 98 180
93 98 108
93 98 83
93 98 178
93 98 11
93 98 199
93 98 12
93 98 61
93 98 135
93 98 196
93 98 44
93 98 69
93 98 154
93 98 121
93 98 133
93 98 181
93 98 189
93 98 190
93 98 129
93 98 18
93 98 172
93 98 134
93 98 5
93 98 146
93 98 40
93 98 89
93 98 34
93 98 120
93 98 87
93 98 108
93 98 60
93 98 57
93 98 91
93 98 45
93 98 85
93 98 152
93 98 128
93 98 138
93 98 122
93 98 158
93 98 15
93 98 27
93 98 81
93 98 90
93 98 75
93 98 143
93 98 21
93 98 46
93 98 138
93 98 16
93 98 55
93 98 109
93 98 47
93 98 130
93 98 127
93 98 50
93 98 97
93 98 19
93 98 146
93 98 111
93 98 14
93 98 146
93 98 64
93 98 107
93 98 15
93 98 72
93 98 53
93 98 169
93 98 110
93 98 61
93 98 58
93 98 128
93 98 20
93 98 166
93 98 127
93 98 46
93 98 73
93 98 42
94 99 133
94 99 190
94 99 148
94 99 176
94 99 131
94 99 134
94 99 155
94 99 147
94 99 189
94 99 69
94 99 197
94 99 175
94 99 188
94 99 17
94 99 19
94 99 64
94 99 61
94 99 156
94 99 5
94 99 124
94 99 71
94 99 15
94 99 48
94 99 157
94 99 185
94 99 153
94 99 121
94 99 24
94 99 117
94 99 129
94 99 26
94 99 115
94 99 149
94 99 173
94 99 186
94 99 23
94 99 112
94 99 145
94 99 59
94 99 37
94 99 10
94 99 166
94 99 42
94 99 136
94 99 93
94 99 37
94 99 16
94 99 178
94 99 66
94 99 144
94 99 178
94 99 174
94 99 150
94 99 85
94 99 184
94 99 112
94 99 48
94 99 12
94 99 186
94 99 62
94 99 5
94 99 30
94 99 71
94 99 7
94 99 130
94 99 15
94 99 134
94 99 104
94 99 190
94 99 141
94 99 60
94 99 163
94 99 20
94 99 178
94 99 109
94 99 173
94 99 40
94 99 38
94 99 190
94 99 2
94 99 16
94 99 6
94 99 150
94 99 54
94 99 138
94 99 2
94 99 106
94 99 71
94 99 167
94 99 65
94 99 55
94 99 55
94 99 56
94 99 175
94 99 184
94 99 4
94 99 12
94 99 62
94 99 112
94 99 31
94 99 103
94 99 175
94 99 23
94 99 76
94 99 158
94 99 98
94 99 23
94 99 198
94 99 141
94 99 71
94 99 108
94 99 103
94 99 77
95 100 33
95 100 52
95 100 172
95 100 151
95 100 68
95 100 154
95 100 183
95 100 180
95 100 55
95 100 162
95 100 195
95 100 114
95 100 23
95 100 40
95 100 107
95 100 103
95 100 64
95 100 3
95 100 150
95 100 200
95 100 133
95 100 45
95 100 46
95 100 69
95 100 44
95 100 127
95 100 121
95 100 20
95 100 130
95 100 108
95 100 56
95 100 193
95 100 196
95 100 151
95 100 29
95 100 36
95 100 198
95 100 77
95 100 189
95 100 38
95 100 36
95 100 179
95 100 47
95 100 45
95 100 148
95 100 183
95 100 128
95 100 51
95 100 56
95 100 159
95 100 144
95 100 109
95 100 70
95 100 138
95 100 106
95 100 191
95 100 47
95 100 160
95 100 60
95 100 93
95 100 184
95 100 187
95 100 47
95 100 188
95 100 196
95 100 134
95 100 19
95 100 93
95 100 3
95 100 116
95 100 198
95 100 92
95 100 130
95 100 16
95 100 15
95 100 31
95 100 85
95 100 61
95 100 27
95 100 182
95 100 89
95 100 41
95 100 95
95 100 153
95 100 169
95 100 73
95 100 24
95 100 84
95 100 48
95 100 123
95 100 24
95 100 1
95 100 58
95 100 124
95 100 15
95 100 188
95 100 88
96 101 146
96 101 57
96 101 197
96 101 79
96 101 33
96 101 147
96 101 86
96 101 14
96 101 96
96 101 73
96 101 31
96 101 15
96 101 125
96 101 138
96 101 38
96 101 137
96 101 36
96 101 173
96 101 136
96 101 152
96 101 155
96 101 13
96 101 143
96 101 139
96 101 96
96 101 25
96 101 9
96 101 17
96 101 49
96 101 13
96 101 42
96 101 28
96 101 116
96 101 124
96 101 159
96 101 84
96 101 185
96 101 102
96 101 139
96 101 120
96 101 55
96 101 116
96 101 113
96 101 122
96 101 33
96 101 182
96 101 129
96 101 32
96 101 20
96 101 87
96 101 41
96 101 109
96 101 142
96 101 28
96 101 130
96 101 25
96 101 169
96 101 151
96 101 144
96 101 86
96 101 134
96 101 169
96 101 45
96 101 104
96 101 28
96 101 155
96 101 145
96 101 16
96 101 183
96 101 78
96 101 104
96 101 6
96 101 132
96 101 185
96 101 64
96 101 3
96 101 123
96 101 147
96 101 41
96 101 162
96 101 153
96 101 186
96 101 132
96 101 117
96 101 36
96 101 45
96 101 189
96 101 158
96 101 146
96 101 52
96 101 138
96 101 200
96 101 43
96 101 54
96 101 20
96 101 139
96 101 126
96 101 42
96 101 173
96 101 160
96 101 199
96 101 98
96 101 134
96 101 184
96 101 126
96 101 26
96 101 29
96 101 59
97 102 172
97 102 27
97 102 19
97 102 160
97 102 52
97 102 151
97 102 51
97 102 126
97 102 197
97 102 176
97 102 86
97 102 49
97 102 47
97 102 90
97 102 63
97 102 44
97 102 129
97 102 142
97 102 45
97 102 137
97 102 158
97 102 102
97 102 189
97 102 39
97 102 65
97 102 132
97 102 10
97 102 129
97 102 59
97 102 90
97 102 24
97 102 85
97 102 171
97 102 143
97 102 155
97 102 1
97 102 83
97 102 19
97 102 77
97 102 71
97 102 29
97 102 17
97 102 120
97 102 63
97 102 81
97 102 153
97 102 73
97 102 148
97 102 171
97 102 44
97 102 19
97 102 81
97 102 119
97 102 75
97 102 16
97 102 139
97 102 40
97 102 71
97 102 199
97 102 33
97 102 103
97 102 53
97 102 117
97 102 189
97 102 116
97 102 62
97 102 72
97 102 108
97 102 91
97 102 102
97 102 114
97 102 182
97 102 109
97 102 152
97 102 35
97 102 156
97 102 134
97 102 105
97 102 134
97 102 137
97 102 44
97 102 177
97 102 111
97 102 75
97 102 130
97 102 49
97 102 189
97 102 119
97 102 99
97 102 126
97 102 199
97 102 184
97 102 18
97 102 19
98 103 36
98 103 49
98 103 125
98 103 119
98 103 162
98 103 55
98 103 39
98 103 131
98 103 123
98 103 148
98 103 198
98 103 63
98 103 77
98 103 92
98 103 79
98 103 81
98 103 172
98 103 180
98 103 6
98 103 32
98 103 107
98 103 62
98 103 175
98 103 81
98 103 156
98 103 39
98 103 82
98 103 35
98 103 151
98 103 108
98 103 18
98 103 184
98 103 110
98 103 71
98 103 138
98 103 106
98 103 62
98 103 121
98 103 26
98 103 19
98 103 131
98 103 71
98 103 110
98 103 180
98 103 2
98 103 146
98 103 92
98 103 145
98 103 4
98 103 124
98 103 62
98 103 39
98 103 118
98 103 125
98 103 47
98 103 181
98 103 134
98 103 24
98 103 147
98 103 37
98 103 124
98 103 45
98 103 154
98 103 77
98 103 197
98 103 115
98 103 74
98 103 7
98 103 28
98 103 10
98 103 31
98 103 108
98 103 92
98 103 183
98 103 98
98 103 134
98 103 160
98 103 117
98 103 138
98 103 47
98 103 51
98 103 168
98 103 163
98 103 136
98 103 101
98 103 66
98 103 2
98 103 177
98 103 41
98 103 65
98 103 100
98 103 32
98 103 18
98 103 137
98 103 15
98 103 153
98 103 100
98 103 50
98 103 7
98 103 184
98 103 2
98 103 198
98 103 107
98 103 106
98 103 20
98 103 176
98 103 88
98 103 181
98 103 51
98 103 122
98 103 64
98 103 1
98 103 112
98 103 128
98 103 129
99 104 69
99 104 109
99 104 100
99 104 164
99 104 19
99 104 92
99 104 161
99 104 100
99 104 87
99 104 71
99 104 85
99 104 95
99 104 170
99 104 133
99 104 48
99 104 106
99 104 28
99 104 50
99 104 98
99 104 156
99 104 12
99 104 131
99 104 181
99 104 66
99 104 145
99 104 7
99 104 169
99 104 112
99 104 193
99 104 188
99 104 50
99 104 141
99 104 39
99 104 125
99 104 70
99 104 118
99 104 25
99 104 139
99 104 122
99 104 90
99 104 177
99 104 127
99 104 6
99 104 121
99 104 23
99 104 183
99 104 122
99 104 37
99 104 46
99 104 163
99 104 4
99 104 152
99 104 80
99 104 186
99 104 52
99 104 30
99 104 21
99 104 168
99 104 56
99 104 169
99 104 5
99 104 10
99 104 50
99 104 109
99 104 115
99 104 91
99 104 180
99 104 76
99 104 124
99 104 135
99 104 15
99 104 1
99 104 65
99 104 148
99 104 1
99 104 80
99 104 67
99 104 178
99 104 19
99 104 64
99 104 26
99 104 126
99 104 158
99 104 148
99 104 42
99 104 69
99 104 103
100 105 167
100 105 33
100 105 72
100 105 146
100 105 199
100 105 120
100 105 99
100 105 162
100 105 147
100 105 150
100 105 112
100 105 164
100 105 150
100 105 136
100 105 186
100 105 145
100 105 100
100 105 4
100 105 62
100 105 67
100 105 85
100 105 62
100 105 71
100 105 152
100 105 64
100 105 173
100 105 32
100 105 120
100 105 108
100 105 43
100 105 116
100 105 155
100 105 195
100 105 151
100 105 36
100 105 37
100 105 99
100 105 31
100 105 6
100 105 48
100 105 146
100 105 164
100 105 31
100 105 130
100 105 111
100 105 122
100 105 199
100 105 41
100 105 85
100 105 91
100 105 197
100 105 50
100 105 45
100 105 145
100 105 101
100 105 87
100 105 42
100 105 14
100 105 14
100 105 161
100 105 96
100 105 197
100 105 18
100 105 74
100 105 170
100 105 198
100 105 194
100 105 59
100 105 47
100 105 7
100 105 44
100 105 106
100 105 96
100 105 64
100 105 86
100 105 151
100 105 40
100 105 196
100 105 196
100 105 2
100 105 87
100 105 135
100 105 160
100 105 50
100 105 119
100 105 16
100 105 157
100 105 128
100 105 42
100 105 1
100 105 118
100 105 200
100 105 170
100 105 177
100 105 3
100 105 91
100 105 186
100 105 168
100 105 16
100 105 195
