10000 252856
1 6 106
1 6 98
1 6 60
1 6 91
1 6 22
1 6 19
1 6 198
1 6 140
1 6 113
1 6 87
1 6 125
1 6 115
1 6 153
1 6 5
1 6 28
1 6 19
1 6 78
1 6 28
1 6 4
1 6 184
1 6 20
1 6 50
1 6 156
1 6 109
1 6 172
1 6 126
1 6 172
1 6 149
1 6 35
1 6 162
1 6 2
1 6 30
1 6 78
1 6 110
1 6 31
1 6 174
1 6 196
1 6 50
1 6 33
1 6 105
1 6 73
1 6 32
1 6 20
1 6 124
1 6 108
1 6 185
1 6 116
1 6 54
1 6 176
1 6 162
1 6 6
1 6 129
1 6 140
1 6 174
1 6 44
1 6 174
1 6 79
1 6 145
1 6 147
1 6 192
1 6 74
1 6 35
1 6 64
1 6 194
1 6 45
1 6 119
1 6 135
1 6 79
1 6 32
1 6 58
1 6 133
1 6 165
1 6 176
1 6 178
1 6 104
1 6 97
1 6 198
1 6 61
1 6 76
1 6 2
1 6 167
1 6 15
1 6 187
1 6 190
1 6 166
1 6 188
1 6 170
1 6 137
1 6 131
1 6 9
1 6 47
1 6 193
1 6 74
1 6 140
1 6 29
1 6 42
1 6 145
1 6 134
2 7 156
2 7 99
2 7 20
2 7 46
2 7 127
2 7 27
2 7 196
2 7 30
2 7 57
2 7 90
2 7 47
2 7 178
2 7 128
2 7 132
2 7 178
2 7 125
2 7 134
2 7 9
2 7 80
2 7 76
2 7 63
2 7 152
2 7 150
2 7 153
2 7 123
2 7 50
2 7 14
2 7 21
2 7 81
2 7 8
2 7 141
2 7 183
2 7 108
2 7 23
2 7 167
2 7 51
2 7 105
2 7 167
2 7 78
2 7 3
2 7 51
2 7 37
2 7 92
2 7 45
2 7 161
2 7 142
2 7 180
2 7 64
2 7 88
2 7 40
2 7 143
2 7 35
2 7 37
2 7 89
2 7 161
2 7 42
2 7 195
2 7 157
2 7 145
2 7 103
2 7 167
2 7 154
2 7 16
2 7 127
2 7 130
2 7 2
2 7 120
2 7 149
2 7 99
2 7 2
2 7 103
2 7 149
2 7 174
2 7 183
2 7 148
2 7 44
2 7 19
2 7 95
2 7 65
2 7 154
2 7 40
2 7 108
2 7 133
2 7 66
2 7 150
2 7 34
3 8 137
3 8 129
3 8 5
3 8 89
3 8 96
3 8 60
3 8 119
3 8 2
3 8 72
3 8 198
3 8 4
3 8 18
3 8 36
3 8 178
3 8 9
3 8 137
3 8 97
3 8 155
3 8 85
3 8 153
3 8 131
3 8 77
3 8 175
3 8 105
3 8 16
3 8 13
3 8 98
3 8 143
3 8 145
3 8 171
3 8 2
3 8 144
3 8 156
3 8 40
3 8 177
3 8 139
3 8 81
3 8 194
3 8 89
3 8 38
3 8 168
3 8 20
3 8 78
3 8 118
3 8 131
3 8 114
3 8 67
3 8 112
3 8 167
3 8 112
3 8 134
3 8 113
3 8 16
3 8 25
3 8 133
3 8 171
3 8 11
3 8 61
3 8 183
3 8 165
3 8 24
3 8 104
3 8 105
3 8 164
3 8 112
3 8 66
3 8 107
3 8 55
3 8 73
3 8 51
3 8 59
3 8 121
3 8 168
3 8 11
3 8 77
3 8 67
3 8 197
3 8 45
3 8 163
3 8 24
3 8 130
3 8 110
3 8 177
3 8 83
3 8 1
3 8 64
3 8 16
3 8 97
3 8 62
3 8 184
3 8 41
3 8 146
4 9 29
4 9 120
4 9 9
4 9 163
4 9 155
4 9 11
4 9 26
4 9 86
4 9 194
4 9 128
4 9 69
4 9 82
4 9 2
4 9 37
4 9 90
4 9 122
4 9 107
4 9 200
4 9 98
4 9 174
4 9 181
4 9 136
4 9 66
4 9 173
4 9 61
4 9 47
4 9 102
4 9 2
4 9 15
4 9 188
4 9 59
4 9 91
4 9 54
4 9 40
4 9 111
4 9 10
4 9 161
4 9 117
4 9 25
4 9 194
4 9 30
4 9 192
4 9 20
4 9 80
4 9 70
4 9 95
4 9 34
4 9 110
4 9 192
4 9 41
4 9 123
4 9 94
4 9 47
4 9 19
4 9 176
4 9 30
4 9 154
4 9 157
4 9 158
4 9 123
4 9 66
4 9 144
4 9 77
4 9 131
4 9 8
4 9 54
4 9 72
4 9 44
4 9 13
4 9 24
4 9 31
4 9 22
4 9 121
4 9 118
4 9 121
4 9 196
4 9 184
4 9 113
4 9 79
4 9 108
4 9 24
4 9 68
4 9 101
4 9 97
4 9 115
4 9 160
5 10 118
5 10 15
5 10 14
5 10 49
5 10 81
5 10 105
5 10 17
5 10 52
5 10 92
5 10 77
5 10 161
5 10 150
5 10 112
5 10 98
5 10 148
5 10 131
5 10 198
5 10 49
5 10 117
5 10 58
5 10 181
5 10 57
5 10 73
5 10 173
5 10 123
5 10 12
5 10 73
5 10 139
5 10 6
5 10 154
5 10 164
5 10 4
5 10 35
5 10 171
5 10 79
5 10 72
5 10 150
5 10 76
5 10 190
5 10 8
5 10 85
5 10 141
5 10 92
5 10 112
5 10 183
5 10 144
5 10 34
5 10 69
5 10 150
5 10 16
5 10 124
5 10 16
5 10 133
5 10 93
5 10 86
5 10 163
5 10 146
5 10 139
5 10 41
5 10 123
5 10 51
5 10 93
5 10 71
5 10 9
5 10 64
5 10 16
5 10 84
5 10 75
5 10 62
5 10 190
5 10 120
5 10 172
5 10 12
5 10 191
5 10 135
5 10 151
5 10 89
5 10 51
5 10 194
5 10 95
5 10 147
5 10 94
5 10 7
5 10 191
5 10 63
5 10 110
5 10 164
5 10 57
5 10 162
5 10 164
5 10 60
5 10 35
5 10 188
5 10 150
5 10 55
5 10 162
5 10 175
5 10 168
5 10 166
5 10 192
5 10 48
5 10 144
5 10 103
5 10 79
5 10 125
5 10 16
5 10 85
5 10 19
5 10 84
5 10 65
5 10 193
5 10 133
5 10 191
5 10 131
5 10 7
5 10 163
5 10 151
5 10 200
5 10 66
5 10 180
6 11 131
6 11 192
6 11 166
6 11 28
6 11 186
6 11 83
6 11 42
6 11 128
6 11 195
6 11 59
6 11 63
6 11 152
6 11 175
6 11 52
6 11 96
6 11 76
6 11 19
6 11 141
6 11 119
6 11 118
6 11 124
6 11 48
6 11 150
6 11 51
6 11 117
6 11 15
6 11 25
6 11 109
6 11 114
6 11 12
6 11 48
6 11 106
6 11 41
6 11 87
6 11 105
6 11 113
6 11 73
6 11 34
6 11 3
6 11 168
6 11 171
6 11 141
6 11 130
6 11 27
6 11 101
6 11 121
6 11 34
6 11 88
6 11 196
6 11 168
6 11 133
6 11 88
6 11 180
6 11 157
6 11 198
6 11 25
6 11 33
6 11 100
6 11 89
6 11 192
6 11 158
6 11 137
6 11 130
6 11 90
6 11 98
6 11 15
6 11 196
6 11 150
6 11 13
6 11 84
6 11 111
6 11 98
6 11 182
6 11 80
6 11 101
6 11 183
6 11 25
6 11 167
6 11 71
6 11 77
6 11 76
6 11 42
6 11 200
6 11 83
6 11 9
6 11 60
6 11 192
6 11 19
6 11 34
6 11 58
6 11 145
6 11 188
6 11 64
6 11 129
6 11 23
6 11 24
6 11 198
6 11 168
6 11 68
6 11 72
7 12 190
7 12 16
7 12 196
7 12 152
7 12 165
7 12 183
7 12 163
7 12 56
7 12 64
7 12 147
7 12 66
7 12 156
7 12 4
7 12 61
7 12 141
7 12 142
7 12 60
7 12 15
7 12 150
7 12 72
7 12 170
7 12 181
7 12 189
7 12 84
7 12 189
7 12 61
7 12 140
7 12 150
7 12 79
7 12 125
7 12 138
7 12 77
7 12 159
7 12 133
7 12 120
7 12 8
7 12 192
7 12 66
7 12 196
7 12 2
7 12 11
7 12 84
7 12 71
7 12 157
7 12 163
7 12 145
7 12 62
7 12 17
7 12 79
7 12 150
7 12 4
7 12 137
7 12 72
7 12 79
7 12 35
7 12 185
7 12 56
7 12 36
7 12 12
7 12 95
7 12 71
7 12 149
7 12 42
7 12 58
7 12 100
7 12 103
7 12 86
7 12 63
7 12 141
7 12 114
7 12 178
7 12 54
7 12 160
7 12 148
7 12 69
7 12 37
7 12 92
7 12 186
7 12 79
7 12 200
7 12 127
7 12 80
7 12 166
7 12 164
7 12 45
7 12 165
7 12 138
7 12 135
7 12 115
7 12 147
7 12 79
7 12 137
7 12 157
7 12 192
7 12 100
7 12 135
7 12 72
7 12 140
7 12 54
7 12 83
7 12 136
7 12 12
7 12 88
7 12 184
7 12 45
7 12 177
7 12 108
7 12 105
7 12 170
7 12 199
8 13 116
8 13 188
8 13 109
8 13 22
8 13 119
8 13 116
8 13 48
8 13 90
8 13 114
8 13 161
8 13 99
8 13 11
8 13 76
8 13 177
8 13 56
8 13 174
8 13 101
8 13 51
8 13 100
8 13 182
8 13 180
8 13 54
8 13 93
8 13 197
8 13 128
8 13 187
8 13 101
8 13 148
8 13 168
8 13 152
8 13 65
8 13 118
8 13 107
8 13 114
8 13 50
8 13 135
8 13 23
8 13 42
8 13 135
8 13 8
8 13 153
8 13 112
8 13 34
8 13 126
8 13 20
8 13 21
8 13 55
8 13 172
8 13 144
8 13 39
8 13 110
8 13 125
8 13 34
8 13 96
8 13 95
8 13 159
8 13 194
8 13 48
8 13 61
8 13 157
8 13 71
8 13 177
8 13 83
8 13 174
8 13 135
8 13 40
8 13 20
8 13 183
8 13 7
8 13 102
8 13 145
8 13 57
8 13 106
8 13 172
8 13 70
8 13 145
8 13 159
8 13 113
8 13 90
8 13 62
8 13 75
8 13 158
8 13 25
8 13 165
8 13 78
8 13 163
8 13 169
8 13 87
8 13 101
8 13 174
8 13 97
8 13 164
8 13 19
8 13 162
8 13 120
8 13 11
8 13 162
8 13 37
8 13 16
8 13 20
8 13 7
8 13 133
8 13 141
8 13 187
8 13 82
8 13 181
8 13 164
8 13 148
8 13 121
8 13 59
8 13 130
8 13 144
8 13 144
8 13 113
8 13 25
8 13 104
8 13 50
8 13 85
9 14 127
9 14 143
9 14 67
9 14 176
9 14 69
9 14 31
9 14 135
9 14 152
9 14 106
9 14 74
9 14 171
9 14 51
9 14 172
9 14 187
9 14 46
9 14 127
9 14 23
9 14 145
9 14 7
9 14 57
9 14 197
9 14 4
9 14 22
9 14 41
9 14 70
9 14 62
9 14 13
9 14 1
9 14 74
9 14 82
9 14 127
9 14 116
9 14 183
9 14 61
9 14 105
9 14 82
9 14 53
9 14 94
9 14 192
9 14 99
9 14 123
9 14 196
9 14 60
9 14 9
9 14 130
9 14 29
9 14 2
9 14 144
9 14 41
9 14 165
9 14 35
9 14 166
9 14 79
9 14 191
9 14 43
9 14 186
9 14 23
9 14 98
9 14 78
9 14 47
9 14 21
9 14 145
9 14 168
9 14 70
9 14 52
9 14 62
9 14 28
9 14 54
9 14 23
9 14 75
9 14 80
9 14 77
9 14 109
9 14 120
9 14 57
9 14 157
9 14 92
9 14 74
9 14 37
9 14 179
9 14 186
9 14 60
9 14 194
9 14 84
9 14 195
9 14 116
9 14 3
9 14 157
9 14 21
9 14 8
9 14 57
9 14 127
9 14 168
9 14 80
10 15 65
10 15 40
10 15 170
10 15 101
10 15 45
10 15 142
10 15 147
10 15 178
10 15 171
10 15 1
10 15 152
10 15 26
10 15 134
10 15 110
10 15 12
10 15 21
10 15 120
10 15 22
10 15 103
10 15 81
10 15 3
10 15 99
10 15 4
10 15 188
10 15 169
10 15 1
10 15 56
10 15 118
10 15 176
10 15 95
10 15 25
10 15 189
10 15 10
10 15 194
10 15 9
10 15 185
10 15 162
10 15 199
10 15 16
10 15 168
10 15 185
10 15 138
10 15 193
10 15 172
10 15 46
10 15 43
10 15 150
10 15 100
10 15 99
10 15 159
10 15 116
10 15 95
10 15 111
10 15 194
10 15 142
10 15 55
10 15 185
10 15 43
10 15 127
10 15 151
10 15 36
10 15 153
10 15 66
10 15 105
10 15 1
10 15 65
10 15 188
10 15 140
10 15 139
10 15 189
10 15 63
10 15 79
10 15 159
10 15 38
10 15 39
10 15 199
10 15 89
10 15 106
10 15 26
10 15 194
10 15 103
10 15 16
10 15 148
10 15 171
10 15 85
10 15 171
10 15 124
10 15 185
10 15 156
10 15 13
10 15 118
10 15 186
10 15 13
10 15 103
10 15 99
10 15 149
10 15 130
10 15 137
10 15 146
10 15 103
10 15 43
10 15 176
11 16 53
11 16 109
11 16 101
11 16 135
11 16 114
11 16 37
11 16 132
11 16 196
11 16 80
11 16 167
11 16 97
11 16 84
11 16 17
11 16 67
11 16 95
11 16 43
11 16 117
11 16 118
11 16 198
11 16 62
11 16 11
11 16 55
11 16 85
11 16 145
11 16 15
11 16 106
11 16 27
11 16 30
11 16 141
11 16 157
11 16 171
11 16 56
11 16 86
11 16 111
11 16 95
11 16 99
11 16 57
11 16 47
11 16 46
11 16 103
11 16 79
11 16 146
11 16 100
11 16 160
11 16 76
11 16 45
11 16 44
11 16 98
11 16 95
11 16 73
11 16 96
11 16 98
11 16 150
11 16 115
11 16 26
11 16 48
11 16 22
11 16 151
11 16 161
11 16 1
11 16 189
11 16 43
11 16 64
11 16 54
11 16 11
11 16 50
11 16 2
11 16 36
11 16 40
11 16 53
11 16 133
11 16 80
11 16 5
11 16 110
11 16 161
11 16 74
11 16 118
11 16 114
11 16 165
11 16 84
11 16 104
11 16 134
11 16 104
11 16 156
11 16 132
11 16 152
11 16 106
11 16 145
11 16 150
11 16 70
11 16 112
11 16 172
11 16 88
11 16 139
11 16 101
11 16 33
11 16 10
11 16 64
11 16 151
11 16 103
11 16 157
11 16 58
11 16 54
11 16 175
11 16 35
11 16 9
11 16 160
11 16 2
11 16 165
11 16 56
11 16 124
11 16 155
11 16 169
12 17 82
12 17 45
12 17 161
12 17 17
12 17 39
12 17 97
12 17 92
12 17 94
12 17 128
12 17 145
12 17 11
12 17 88
12 17 21
12 17 130
12 17 45
12 17 5
12 17 78
12 17 30
12 17 20
12 17 98
12 17 70
12 17 113
12 17 186
12 17 53
12 17 123
12 17 115
12 17 170
12 17 194
12 17 31
12 17 103
12 17 148
12 17 137
12 17 79
12 17 36
12 17 96
12 17 152
12 17 134
12 17 60
12 17 165
12 17 116
12 17 154
12 17 132
12 17 159
12 17 179
12 17 87
12 17 188
12 17 44
12 17 13
12 17 66
12 17 44
12 17 182
12 17 180
12 17 76
12 17 198
12 17 57
12 17 37
12 17 155
12 17 20
12 17 124
12 17 8
12 17 197
12 17 47
12 17 68
12 17 199
12 17 45
12 17 23
12 17 165
12 17 191
12 17 51
12 17 119
12 17 163
12 17 178
12 17 153
12 17 185
12 17 27
12 17 115
12 17 101
12 17 134
12 17 160
12 17 145
12 17 24
12 17 140
12 17 88
12 17 151
12 17 170
12 17 160
12 17 89
12 17 46
12 17 148
12 17 133
12 17 200
12 17 188
12 17 92
12 17 80
12 17 191
12 17 154
12 17 109
12 17 53
13 18 57
13 18 59
13 18 200
13 18 102
13 18 133
13 18 23
13 18 61
13 18 31
13 18 44
13 18 50
13 18 184
13 18 59
13 18 36
13 18 86
13 18 10
13 18 77
13 18 93
13 18 99
13 18 175
13 18 72
13 18 86
13 18 31
13 18 34
13 18 132
13 18 10
13 18 102
13 18 68
13 18 152
13 18 96
13 18 31
13 18 9
13 18 133
13 18 47
13 18 87
13 18 69
13 18 195
13 18 185
13 18 145
13 18 21
13 18 63
13 18 139
13 18 80
13 18 133
13 18 190
13 18 58
13 18 26
13 18 71
13 18 41
13 18 59
13 18 168
13 18 5
13 18 25
13 18 123
13 18 27
13 18 73
13 18 195
13 18 16
13 18 3
13 18 56
13 18 172
13 18 172
13 18 53
13 18 6
13 18 172
13 18 57
13 18 39
13 18 83
13 18 11
13 18 84
13 18 47
13 18 199
13 18 36
13 18 179
13 18 21
13 18 23
13 18 13
13 18 92
13 18 96
13 18 128
13 18 128
13 18 185
13 18 195
13 18 89
13 18 19
13 18 134
13 18 153
13 18 150
13 18 35
13 18 61
13 18 87
13 18 30
13 18 3
13 18 124
13 18 107
13 18 103
13 18 164
13 18 28
13 18 35
13 18 9
14 19 156
14 19 132
14 19 32
14 19 166
14 19 98
14 19 197
14 19 130
14 19 109
14 19 81
14 19 22
14 19 100
14 19 153
14 19 117
14 19 106
14 19 168
14 19 191
14 19 6
14 19 43
14 19 35
14 19 121
14 19 182
14 19 6
14 19 68
14 19 131
14 19 177
14 19 160
14 19 196
14 19 148
14 19 68
14 19 83
14 19 88
14 19 146
14 19 50
14 19 46
14 19 93
14 19 129
14 19 188
14 19 65
14 19 98
14 19 18
14 19 189
14 19 182
14 19 71
14 19 124
14 19 153
14 19 188
14 19 167
14 19 68
14 19 48
14 19 161
14 19 172
14 19 51
14 19 56
14 19 84
14 19 148
14 19 33
14 19 19
14 19 59
14 19 115
14 19 85
14 19 50
14 19 141
14 19 155
14 19 43
14 19 158
14 19 54
14 19 133
14 19 106
14 19 26
14 19 124
14 19 113
14 19 76
14 19 56
14 19 68
14 19 122
14 19 63
14 19 159
14 19 5
14 19 163
14 19 122
14 19 7
14 19 35
14 19 120
14 19 119
14 19 56
14 19 75
14 19 17
14 19 154
14 19 86
14 19 143
14 19 186
14 19 124
14 19 68
14 19 77
14 19 67
14 19 119
14 19 149
14 19 52
14 19 16
15 20 188
15 20 27
15 20 86
15 20 182
15 20 39
15 20 100
15 20 66
15 20 124
15 20 85
15 20 197
15 20 163
15 20 123
15 20 111
15 20 139
15 20 23
15 20 81
15 20 175
15 20 25
15 20 174
15 20 144
15 20 149
15 20 107
15 20 97
15 20 88
15 20 126
15 20 194
15 20 71
15 20 92
15 20 15
15 20 108
15 20 61
15 20 182
15 20 101
15 20 101
15 20 34
15 20 121
15 20 90
15 20 85
15 20 69
15 20 5
15 20 76
15 20 78
15 20 19
15 20 119
15 20 45
15 20 126
15 20 104
15 20 178
15 20 176
15 20 19
15 20 48
15 20 65
15 20 22
15 20 93
15 20 43
15 20 34
15 20 99
15 20 123
15 20 92
15 20 69
15 20 14
15 20 126
15 20 62
15 20 92
15 20 117
15 20 90
15 20 29
15 20 35
15 20 33
15 20 19
15 20 31
15 20 72
15 20 147
15 20 31
15 20 20
15 20 4
15 20 31
15 20 181
15 20 113
15 20 150
15 20 135
15 20 169
15 20 23
15 20 29
15 20 19
15 20 74
15 20 37
15 20 132
15 20 7
15 20 175
15 20 65
15 20 57
15 20 109
15 20 90
15 20 86
15 20 119
15 20 128
15 20 44
15 20 73
15 20 105
15 20 73
15 20 7
15 20 121
15 20 145
15 20 75
15 20 171
15 20 19
16 21 94
16 21 183
16 21 87
16 21 98
16 21 124
16 21 69
16 21 75
16 21 9
16 21 24
16 21 123
16 21 121
16 21 167
16 21 60
16 21 100
16 21 100
16 21 198
16 21 93
16 21 179
16 21 1
16 21 173
16 21 143
16 21 61
16 21 137
16 21 155
16 21 24
16 21 151
16 21 28
16 21 84
16 21 69
16 21 96
16 21 134
16 21 185
16 21 36
16 21 162
16 21 168
16 21 81
16 21 92
16 21 187
16 21 194
16 21 161
16 21 80
16 21 120
16 21 111
16 21 95
16 21 113
16 21 1
16 21 23
16 21 118
16 21 9
16 21 37
16 21 31
16 21 127
16 21 105
16 21 115
16 21 196
16 21 38
16 21 170
16 21 144
16 21 57
16 21 184
16 21 115
16 21 155
16 21 23
16 21 200
16 21 103
16 21 187
16 21 183
16 21 90
16 21 73
16 21 174
16 21 85
16 21 42
16 21 27
16 21 97
16 21 128
16 21 176
16 21 60
16 21 123
16 21 34
16 21 93
16 21 152
16 21 78
16 21 124
16 21 162
16 21 119
16 21 17
16 21 139
16 21 51
16 21 22
16 21 18
16 21 108
16 21 49
16 21 186
16 21 57
16 21 92
16 21 113
16 21 32
16 21 35
16 21 42
16 21 74
16 21 3
16 21 20
16 21 10
16 21 125
16 21 136
16 21 136
16 21 93
16 21 58
16 21 44
16 21 85
16 21 43
17 22 87
17 22 13
17 22 79
17 22 174
17 22 196
17 22 18
17 22 108
17 22 120
17 22 39
17 22 124
17 22 49
17 22 122
17 22 28
17 22 156
17 22 185
17 22 16
17 22 159
17 22 9
17 22 184
17 22 103
17 22 110
17 22 74
17 22 114
17 22 32
17 22 62
17 22 132
17 22 37
17 22 65
17 22 50
17 22 56
17 22 23
17 22 13
17 22 160
17 22 114
17 22 191
17 22 196
17 22 11
17 22 77
17 22 174
17 22 83
17 22 98
17 22 94
17 22 11
17 22 146
17 22 46
17 22 7
17 22 65
17 22 78
17 22 67
17 22 190
17 22 185
17 22 189
17 22 112
17 22 76
17 22 115
17 22 83
17 22 147
17 22 42
17 22 123
17 22 64
17 22 67
17 22 164
17 22 118
17 22 135
17 22 47
17 22 3
17 22 144
17 22 179
17 22 152
17 22 182
17 22 164
17 22 67
17 22 34
17 22 162
17 22 195
17 22 197
17 22 131
17 22 142
17 22 175
17 22 89
17 22 66
17 22 177
17 22 59
17 22 20
17 22 62
17 22 33
17 22 164
17 22 29
17 22 86
17 22 1
17 22 34
17 22 46
17 22 172
17 22 188
17 22 147
17 22 12
17 22 9
17 22 50
17 22 177
17 22 15
17 22 118
17 22 60
18 23 135
18 23 142
18 23 84
18 23 189
18 23 148
18 23 35
18 23 29
18 23 141
18 23 163
18 23 120
18 23 140
18 23 14
18 23 126
18 23 80
18 23 154
18 23 160
18 23 59
18 23 160
18 23 38
18 23 132
18 23 194
18 23 37
18 23 47
18 23 170
18 23 105
18 23 63
18 23 188
18 23 175
18 23 141
18 23 155
18 23 143
18 23 58
18 23 87
18 23 107
18 23 1
18 23 102
18 23 30
18 23 8
18 23 90
18 23 36
18 23 94
18 23 95
18 23 171
18 23 151
18 23 84
18 23 41
18 23 166
18 23 43
18 23 126
18 23 70
18 23 63
18 23 196
18 23 89
18 23 115
18 23 48
18 23 14
18 23 66
18 23 129
18 23 105
18 23 79
18 23 193
18 23 195
18 23 167
18 23 175
18 23 115
18 23 129
18 23 163
18 23 63
18 23 31
18 23 93
18 23 125
18 23 3
18 23 39
18 23 188
18 23 137
18 23 137
18 23 125
18 23 26
18 23 12
18 23 192
18 23 89
18 23 41
18 23 90
18 23 182
18 23 126
18 23 141
18 23 161
18 23 170
18 23 101
18 23 182
18 23 16
18 23 24
18 23 64
18 23 5
18 23 180
18 23 194
18 23 67
18 23 134
19 24 145
19 24 67
19 24 118
19 24 72
19 24 138
19 24 169
19 24 13
19 24 10
19 24 143
19 24 189
19 24 196
19 24 193
19 24 193
19 24 155
19 24 159
19 24 1
19 24 51
19 24 74
19 24 194
19 24 137
19 24 71
19 24 6
19 24 81
19 24 164
19 24 200
19 24 33
19 24 80
19 24 97
19 24 63
19 24 67
19 24 73
19 24 126
19 24 137
19 24 131
19 24 151
19 24 29
19 24 17
19 24 193
19 24 34
19 24 18
19 24 106
19 24 11
19 24 97
19 24 41
19 24 158
19 24 69
19 24 136
19 24 9
19 24 110
19 24 101
19 24 21
19 24 179
19 24 135
19 24 72
19 24 152
19 24 198
19 24 72
19 24 164
19 24 77
19 24 62
19 24 194
19 24 60
19 24 64
19 24 194
19 24 94
19 24 22
19 24 75
19 24 160
19 24 107
19 24 161
19 24 100
19 24 195
19 24 196
19 24 82
19 24 56
19 24 154
19 24 131
19 24 194
19 24 144
19 24 56
19 24 116
19 24 124
19 24 151
19 24 48
19 24 197
19 24 171
19 24 3
19 24 150
19 24 111
19 24 59
19 24 149
19 24 176
19 24 113
19 24 10
19 24 146
20 25 141
20 25 108
20 25 182
20 25 32
20 25 3
20 25 169
20 25 81
20 25 67
20 25 184
20 25 156
20 25 191
20 25 134
20 25 145
20 25 118
20 25 158
20 25 185
20 25 75
20 25 91
20 25 173
20 25 53
20 25 161
20 25 36
20 25 40
20 25 94
20 25 96
20 25 32
20 25 88
20 25 66
20 25 194
20 25 120
20 25 87
20 25 1
20 25 113
20 25 48
20 25 172
20 25 141
20 25 80
20 25 160
20 25 9
20 25 56
20 25 112
20 25 155
20 25 149
20 25 115
20 25 147
20 25 190
20 25 34
20 25 85
20 25 39
20 25 104
20 25 125
20 25 171
20 25 88
20 25 83
20 25 79
20 25 130
20 25 93
20 25 70
20 25 74
20 25 7
20 25 116
20 25 104
20 25 36
20 25 190
20 25 16
20 25 98
20 25 106
20 25 100
20 25 131
20 25 41
20 25 197
20 25 154
20 25 157
20 25 43
20 25 187
20 25 106
20 25 193
20 25 41
20 25 171
20 25 165
20 25 26
20 25 67
20 25 80
20 25 53
20 25 167
20 25 195
20 25 77
20 25 131
20 25 123
20 25 194
20 25 113
20 25 158
20 25 144
20 25 165
20 25 29
20 25 38
20 25 177
20 25 135
20 25 67
20 25 139
21 26 148
21 26 14
21 26 160
21 26 149
21 26 114
21 26 124
21 26 151
21 26 72
21 26 126
21 26 154
21 26 38
21 26 52
21 26 143
21 26 62
21 26 96
21 26 142
21 26 7
21 26 167
21 26 8
21 26 41
21 26 127
21 26 151
21 26 130
21 26 75
21 26 186
21 26 83
21 26 114
21 26 119
21 26 150
21 26 176
21 26 53
21 26 64
21 26 158
21 26 29
21 26 2
21 26 163
21 26 136
21 26 129
21 26 6
21 26 41
21 26 177
21 26 163
21 26 1
21 26 60
21 26 163
21 26 64
21 26 17
21 26 6
21 26 1
21 26 169
21 26 141
21 26 155
21 26 46
21 26 86
21 26 48
21 26 49
21 26 175
21 26 123
21 26 22
21 26 17
21 26 157
21 26 104
21 26 75
21 26 100
21 26 6
21 26 33
21 26 62
21 26 99
21 26 179
21 26 131
21 26 152
21 26 147
21 26 48
21 26 15
21 26 50
21 26 137
21 26 40
21 26 189
21 26 88
21 26 183
21 26 82
21 26 24
21 26 47
21 26 174
21 26 31
21 26 174
21 26 81
21 26 180
21 26 97
21 26 183
21 26 38
21 26 38
21 26 199
21 26 32
21 26 154
21 26 169
21 26 88
21 26 163
21 26 13
22 27 82
22 27 37
22 27 199
22 27 17
22 27 123
22 27 186
22 27 160
22 27 26
22 27 12
22 27 37
22 27 24
22 27 161
22 27 27
22 27 159
22 27 143
22 27 11
22 27 76
22 27 193
22 27 39
22 27 170
22 27 39
22 27 100
22 27 115
22 27 92
22 27 41
22 27 172
22 27 25
22 27 60
22 27 130
22 27 84
22 27 180
22 27 107
22 27 136
22 27 161
22 27 77
22 27 184
22 27 65
22 27 48
22 27 160
22 27 58
22 27 21
22 27 130
22 27 95
22 27 137
22 27 179
22 27 152
22 27 198
22 27 28
22 27 141
22 27 156
22 27 148
22 27 4
22 27 191
22 27 12
22 27 55
22 27 182
22 27 140
22 27 94
22 27 38
22 27 54
22 27 109
22 27 135
22 27 85
22 27 112
22 27 189
22 27 93
22 27 171
22 27 115
22 27 28
22 27 37
22 27 151
22 27 99
22 27 114
22 27 31
22 27 16
22 27 152
22 27 117
22 27 24
22 27 103
22 27 156
22 27 179
22 27 87
22 27 142
22 27 165
22 27 67
22 27 144
22 27 49
22 27 16
22 27 5
22 27 61
22 27 56
22 27 194
22 27 166
22 27 34
22 27 77
22 27 168
22 27 9
22 27 111
22 27 76
22 27 118
22 27 137
22 27 24
22 27 27
22 27 36
23 28 146
23 28 176
23 28 151
23 28 118
23 28 82
23 28 122
23 28 28
23 28 1
23 28 176
23 28 41
23 28 34
23 28 25
23 28 111
23 28 171
23 28 70
23 28 182
23 28 122
23 28 120
23 28 107
23 28 102
23 28 37
23 28 20
23 28 61
23 28 157
23 28 109
23 28 96
23 28 199
23 28 13
23 28 166
23 28 41
23 28 68
23 28 178
23 28 129
23 28 118
23 28 140
23 28 199
23 28 192
23 28 196
23 28 31
23 28 166
23 28 84
23 28 103
23 28 66
23 28 200
23 28 39
23 28 13
23 28 22
23 28 22
23 28 10
23 28 164
23 28 179
23 28 161
23 28 104
23 28 147
23 28 149
23 28 118
23 28 59
23 28 124
23 28 59
23 28 166
23 28 199
23 28 152
23 28 47
23 28 101
23 28 8
23 28 54
23 28 118
23 28 142
23 28 90
23 28 182
23 28 66
23 28 4
23 28 94
23 28 193
23 28 81
23 28 31
23 28 80
23 28 29
23 28 191
23 28 74
23 28 54
23 28 140
23 28 13
23 28 190
23 28 4
23 28 89
23 28 49
23 28 121
23 28 188
23 28 37
23 28 106
23 28 148
23 28 47
23 28 25
23 28 101
23 28 153
23 28 34
24 29 200
24 29 22
24 29 162
24 29 79
24 29 4
24 29 113
24 29 79
24 29 104
24 29 4
24 29 103
24 29 130
24 29 35
24 29 60
24 29 129
24 29 37
24 29 167
24 29 121
24 29 88
24 29 89
24 29 136
24 29 39
24 29 45
24 29 5
24 29 135
24 29 153
24 29 37
24 29 184
24 29 150
24 29 105
24 29 16
24 29 151
24 29 187
24 29 51
24 29 127
24 29 54
24 29 142
24 29 93
24 29 71
24 29 87
24 29 117
24 29 159
24 29 15
24 29 76
24 29 34
24 29 78
24 29 29
24 29 98
24 29 22
24 29 68
24 29 138
24 29 53
24 29 35
24 29 3
24 29 178
24 29 174
24 29 88
24 29 159
24 29 200
24 29 179
24 29 184
24 29 179
24 29 173
24 29 171
24 29 137
24 29 177
24 29 77
24 29 86
24 29 114
24 29 144
24 29 8
24 29 25
24 29 186
24 29 21
24 29 164
24 29 108
24 29 27
24 29 197
24 29 172
24 29 161
24 29 96
24 29 82
24 29 157
24 29 66
24 29 91
24 29 29
24 29 15
24 29 136
24 29 109
24 29 39
24 29 10
24 29 168
24 29 179
25 30 109
25 30 79
25 30 139
25 30 55
25 30 151
25 30 25
25 30 57
25 30 136
25 30 114
25 30 130
25 30 57
25 30 6
25 30 183
25 30 170
25 30 104
25 30 179
25 30 104
25 30 55
25 30 89
25 30 168
25 30 11
25 30 59
25 30 117
25 30 173
25 30 81
25 30 39
25 30 59
25 30 79
25 30 50
25 30 108
25 30 113
25 30 78
25 30 72
25 30 134
25 30 194
25 30 64
25 30 30
25 30 165
25 30 71
25 30 190
25 30 11
25 30 28
25 30 108
25 30 24
25 30 186
25 30 66
25 30 12
25 30 180
25 30 72
25 30 159
25 30 80
25 30 49
25 30 27
25 30 182
25 30 152
25 30 63
25 30 180
25 30 107
25 30 174
25 30 5
25 30 103
25 30 2
25 30 23
25 30 24
25 30 196
25 30 62
25 30 143
25 30 182
25 30 74
25 30 97
25 30 195
25 30 164
25 30 86
25 30 40
25 30 183
25 30 184
25 30 124
25 30 60
25 30 174
25 30 135
25 30 99
25 30 183
25 30 83
25 30 184
25 30 155
25 30 80
25 30 54
25 30 118
25 30 107
25 30 96
25 30 182
25 30 163
25 30 17
25 30 178
25 30 15
25 30 48
25 30 138
25 30 118
25 30 8
25 30 72
25 30 148
25 30 50
25 30 90
25 30 117
25 30 73
25 30 41
25 30 168
26 31 144
26 31 187
26 31 24
26 31 182
26 31 42
26 31 23
26 31 99
26 31 194
26 31 173
26 31 76
26 31 33
26 31 83
26 31 31
26 31 8
26 31 131
26 31 104
26 31 103
26 31 92
26 31 171
26 31 83
26 31 25
26 31 103
26 31 39
26 31 103
26 31 80
26 31 60
26 31 177
26 31 15
26 31 174
26 31 163
26 31 137
26 31 31
26 31 161
26 31 183
26 31 63
26 31 192
26 31 3
26 31 103
26 31 97
26 31 79
26 31 37
26 31 188
26 31 147
26 31 19
26 31 137
26 31 34
26 31 119
26 31 70
26 31 36
26 31 101
26 31 43
26 31 179
26 31 121
26 31 53
26 31 111
26 31 44
26 31 184
26 31 8
26 31 11
26 31 4
26 31 107
26 31 110
26 31 11
26 31 114
26 31 112
26 31 113
26 31 29
26 31 127
26 31 103
26 31 6
26 31 28
26 31 34
26 31 194
26 31 183
26 31 139
26 31 17
26 31 65
26 31 32
26 31 124
26 31 96
26 31 140
26 31 159
26 31 134
26 31 124
26 31 24
26 31 20
26 31 163
26 31 161
26 31 63
26 31 187
26 31 105
26 31 35
26 31 172
26 31 27
26 31 108
26 31 8
26 31 123
26 31 110
26 31 18
26 31 141
26 31 124
27 32 138
27 32 125
27 32 96
27 32 73
27 32 74
27 32 5
27 32 172
27 32 160
27 32 120
27 32 7
27 32 58
27 32 196
27 32 140
27 32 138
27 32 157
27 32 162
27 32 65
27 32 69
27 32 125
27 32 145
27 32 59
27 32 124
27 32 182
27 32 192
27 32 121
27 32 132
27 32 162
27 32 64
27 32 169
27 32 14
27 32 183
27 32 200
27 32 86
27 32 157
27 32 14
27 32 155
27 32 85
27 32 58
27 32 106
27 32 71
27 32 69
27 32 33
27 32 108
27 32 96
27 32 91
27 32 98
27 32 162
27 32 110
27 32 67
27 32 155
27 32 23
27 32 52
27 32 146
27 32 135
27 32 118
27 32 100
27 32 85
27 32 137
27 32 40
27 32 1
27 32 177
27 32 180
27 32 113
27 32 68
27 32 172
27 32 199
27 32 114
27 32 171
27 32 118
27 32 174
27 32 164
27 32 145
27 32 134
27 32 82
27 32 111
27 32 76
27 32 186
27 32 88
27 32 165
27 32 199
27 32 134
27 32 35
27 32 60
27 32 62
27 32 160
27 32 163
27 32 24
27 32 64
27 32 139
27 32 44
27 32 178
27 32 87
27 32 123
27 32 170
27 32 199
27 32 178
27 32 150
27 32 165
27 32 121
28 33 153
28 33 106
28 33 81
28 33 82
28 33 125
28 33 31
28 33 125
28 33 94
28 33 36
28 33 152
28 33 12
28 33 178
28 33 53
28 33 154
28 33 22
28 33 116
28 33 105
28 33 36
28 33 103
28 33 82
28 33 100
28 33 143
28 33 30
28 33 98
28 33 72
28 33 176
28 33 14
28 33 16
28 33 24
28 33 163
28 33 167
28 33 122
28 33 93
28 33 48
28 33 168
28 33 95
28 33 46
28 33 112
28 33 163
28 33 178
28 33 121
28 33 2
28 33 179
28 33 145
28 33 154
28 33 172
28 33 3
28 33 31
28 33 89
28 33 45
28 33 74
28 33 136
28 33 76
28 33 83
28 33 168
28 33 103
28 33 99
28 33 58
28 33 109
28 33 150
28 33 163
28 33 173
28 33 70
28 33 118
28 33 85
28 33 188
28 33 128
28 33 25
28 33 196
28 33 35
28 33 88
28 33 86
28 33 85
28 33 153
28 33 196
28 33 69
28 33 180
28 33 63
28 33 105
28 33 165
28 33 41
28 33 53
28 33 157
28 33 163
28 33 71
28 33 159
28 33 60
28 33 185
28 33 88
28 33 114
28 33 86
28 33 107
28 33 2
28 33 194
28 33 108
28 33 48
28 33 132
28 33 13
29 34 106
29 34 103
29 34 87
29 34 182
29 34 191
29 34 151
29 34 139
29 34 107
29 34 20
29 34 11
29 34 112
29 34 41
29 34 15
29 34 90
29 34 8
29 34 110
29 34 195
29 34 194
29 34 94
29 34 186
29 34 14
29 34 100
29 34 25
29 34 167
29 34 118
29 34 198
29 34 79
29 34 64
29 34 28
29 34 56
29 34 127
29 34 34
29 34 75
29 34 99
29 34 66
29 34 117
29 34 124
29 34 79
29 34 83
29 34 138
29 34 125
29 34 118
29 34 157
29 34 122
29 34 40
29 34 107
29 34 128
29 34 158
29 34 36
29 34 98
29 34 164
29 34 67
29 34 18
29 34 162
29 34 16
29 34 181
29 34 185
29 34 107
29 34 66
29 34 93
29 34 12
29 34 100
29 34 110
29 34 98
29 34 92
29 34 170
29 34 6
29 34 33
29 34 52
29 34 96
29 34 124
29 34 61
29 34 11
29 34 62
29 34 71
29 34 155
29 34 11
29 34 158
29 34 143
29 34 92
29 34 195
29 34 200
29 34 56
29 34 18
29 34 22
29 34 35
29 34 188
29 34 42
29 34 28
29 34 108
29 34 76
29 34 153
29 34 165
30 35 98
30 35 69
30 35 30
30 35 88
30 35 155
30 35 188
30 35 134
30 35 187
30 35 117
30 35 13
30 35 195
30 35 86
30 35 184
30 35 53
30 35 73
30 35 94
30 35 129
30 35 131
30 35 68
30 35 170
30 35 165
30 35 42
30 35 139
30 35 185
30 35 73
30 35 192
30 35 43
30 35 101
30 35 98
30 35 93
30 35 107
30 35 170
30 35 80
30 35 196
30 35 123
30 35 49
30 35 113
30 35 107
30 35 24
30 35 198
30 35 129
30 35 119
30 35 51
30 35 164
30 35 29
30 35 196
30 35 16
30 35 107
30 35 124
30 35 66
30 35 84
30 35 147
30 35 86
30 35 178
30 35 9
30 35 141
30 35 118
30 35 68
30 35 163
30 35 197
30 35 104
30 35 111
30 35 48
30 35 65
30 35 190
30 35 161
30 35 83
30 35 65
30 35 105
30 35 74
30 35 22
30 35 161
30 35 184
30 35 81
30 35 53
30 35 26
30 35 173
30 35 89
30 35 28
30 35 37
30 35 192
30 35 75
30 35 166
30 35 47
30 35 9
30 35 62
30 35 130
30 35 77
30 35 60
30 35 14
30 35 174
30 35 55
30 35 36
30 35 72
30 35 162
30 35 192
30 35 23
31 36 148
31 36 19
31 36 36
31 36 61
31 36 157
31 36 59
31 36 199
31 36 42
31 36 93
31 36 164
31 36 33
31 36 94
31 36 128
31 36 3
31 36 50
31 36 13
31 36 161
31 36 132
31 36 154
31 36 54
31 36 165
31 36 7
31 36 91
31 36 62
31 36 8
31 36 38
31 36 73
31 36 49
31 36 135
31 36 65
31 36 101
31 36 102
31 36 142
31 36 161
31 36 39
31 36 199
31 36 134
31 36 8
31 36 32
31 36 25
31 36 183
31 36 98
31 36 13
31 36 117
31 36 48
31 36 198
31 36 80
31 36 142
31 36 122
31 36 177
31 36 9
31 36 106
31 36 167
31 36 87
31 36 117
31 36 36
31 36 68
31 36 156
31 36 52
31 36 40
31 36 55
31 36 157
31 36 1
31 36 61
31 36 20
31 36 130
31 36 138
31 36 128
31 36 24
31 36 104
31 36 49
31 36 113
31 36 91
31 36 49
31 36 6
31 36 186
31 36 81
31 36 86
31 36 40
31 36 185
31 36 30
31 36 16
31 36 131
31 36 24
31 36 60
31 36 92
31 36 165
31 36 115
31 36 182
31 36 135
31 36 16
31 36 151
31 36 199
31 36 161
31 36 102
31 36 195
31 36 19
31 36 129
31 36 64
32 37 174
32 37 108
32 37 55
32 37 61
32 37 85
32 37 160
32 37 84
32 37 155
32 37 187
32 37 80
32 37 61
32 37 117
32 37 2
32 37 27
32 37 129
32 37 61
32 37 7
32 37 194
32 37 113
32 37 111
32 37 145
32 37 159
32 37 165
32 37 133
32 37 107
32 37 13
32 37 195
32 37 61
32 37 5
32 37 54
32 37 137
32 37 110
32 37 78
32 37 110
32 37 123
32 37 5
32 37 19
32 37 69
32 37 156
32 37 88
32 37 144
32 37 197
32 37 153
32 37 121
32 37 128
32 37 37
32 37 138
32 37 46
32 37 141
32 37 193
32 37 33
32 37 18
32 37 88
32 37 127
32 37 118
32 37 61
32 37 3
32 37 130
32 37 89
32 37 54
32 37 95
32 37 86
32 37 31
32 37 135
32 37 113
32 37 125
32 37 71
32 37 127
32 37 173
32 37 175
32 37 5
32 37 5
32 37 145
32 37 83
32 37 6
32 37 2
32 37 112
32 37 183
32 37 183
32 37 100
32 37 136
32 37 185
32 37 82
32 37 162
32 37 77
32 37 155
32 37 17
32 37 131
32 37 92
32 37 61
32 37 139
32 37 71
32 37 88
32 37 122
32 37 168
32 37 130
32 37 134
32 37 36
32 37 62
32 37 80
32 37 109
32 37 127
32 37 116
32 37 65
32 37 149
32 37 31
32 37 168
32 37 180
32 37 69
32 37 64
32 37 180
32 37 123
32 37 51
32 37 184
32 37 45
32 37 191
32 37 170
33 38 4
33 38 196
33 38 184
33 38 137
33 38 185
33 38 80
33 38 129
33 38 76
33 38 173
33 38 89
33 38 156
33 38 146
33 38 167
33 38 26
33 38 62
33 38 32
33 38 171
33 38 38
33 38 90
33 38 101
33 38 19
33 38 82
33 38 83
33 38 105
33 38 22
33 38 69
33 38 111
33 38 10
33 38 139
33 38 28
33 38 45
33 38 140
33 38 43
33 38 93
33 38 189
33 38 45
33 38 127
33 38 88
33 38 78
33 38 98
33 38 156
33 38 176
33 38 120
33 38 142
33 38 47
33 38 68
33 38 200
33 38 18
33 38 105
33 38 136
33 38 125
33 38 88
33 38 177
33 38 16
33 38 151
33 38 182
33 38 175
33 38 98
33 38 36
33 38 122
33 38 39
33 38 194
33 38 149
33 38 2
33 38 52
33 38 1
33 38 72
33 38 200
33 38 141
33 38 5
33 38 199
33 38 99
33 38 87
33 38 192
33 38 58
33 38 120
33 38 102
33 38 196
33 38 93
33 38 21
33 38 28
33 38 37
33 38 16
33 38 131
33 38 162
33 38 126
33 38 179
33 38 64
33 38 47
33 38 135
33 38 87
33 38 200
33 38 76
33 38 88
33 38 114
34 39 20
34 39 6
34 39 138
34 39 188
34 39 191
34 39 68
34 39 121
34 39 108
34 39 17
34 39 122
34 39 117
34 39 24
34 39 116
34 39 84
34 39 92
34 39 142
34 39 22
34 39 53
34 39 35
34 39 55
34 39 48
34 39 24
34 39 41
34 39 41
34 39 4
34 39 113
34 39 113
34 39 137
34 39 101
34 39 134
34 39 17
34 39 19
34 39 6
34 39 180
34 39 71
34 39 158
34 39 51
34 39 109
34 39 118
34 39 33
34 39 113
34 39 38
34 39 69
34 39 200
34 39 3
34 39 129
34 39 179
34 39 51
34 39 32
34 39 154
34 39 131
34 39 37
34 39 188
34 39 60
34 39 106
34 39 170
34 39 41
34 39 142
34 39 51
34 39 75
34 39 134
34 39 109
34 39 174
34 39 148
34 39 128
34 39 43
34 39 107
34 39 161
34 39 50
34 39 142
34 39 150
34 39 155
34 39 159
34 39 48
34 39 3
34 39 83
34 39 137
34 39 157
34 39 30
34 39 167
34 39 108
34 39 17
34 39 104
34 39 17
34 39 92
34 39 58
34 39 54
34 39 193
34 39 177
34 39 123
34 39 55
34 39 163
34 39 124
34 39 56
34 39 38
34 39 16
34 39 48
34 39 169
34 39 111
34 39 7
34 39 100
34 39 52
34 39 1
35 40 64
35 40 13
35 40 168
35 40 151
35 40 36
35 40 159
35 40 71
35 40 138
35 40 73
35 40 111
35 40 61
35 40 151
35 40 13
35 40 98
35 40 196
35 40 38
35 40 75
35 40 26
35 40 71
35 40 123
35 40 24
35 40 63
35 40 102
35 40 146
35 40 66
35 40 70
35 40 13
35 40 28
35 40 70
35 40 98
35 40 128
35 40 16
35 40 170
35 40 6
35 40 50
35 40 106
35 40 158
35 40 121
35 40 95
35 40 54
35 40 127
35 40 6
35 40 131
35 40 30
35 40 27
35 40 101
35 40 1
35 40 29
35 40 63
35 40 33
35 40 123
35 40 117
35 40 68
35 40 95
35 40 46
35 40 129
35 40 114
35 40 63
35 40 71
35 40 184
35 40 25
35 40 60
35 40 176
35 40 108
35 40 166
35 40 104
35 40 75
35 40 23
35 40 9
35 40 26
35 40 15
35 40 161
35 40 106
35 40 153
35 40 180
35 40 60
35 40 45
35 40 73
35 40 161
35 40 61
35 40 67
35 40 133
35 40 36
35 40 103
35 40 6
35 40 15
35 40 78
35 40 165
35 40 124
35 40 85
35 40 71
35 40 81
35 40 49
35 40 64
35 40 154
35 40 17
36 41 44
36 41 103
36 41 88
36 41 75
36 41 6
36 41 20
36 41 134
36 41 169
36 41 147
36 41 41
36 41 81
36 41 147
36 41 67
36 41 9
36 41 25
36 41 127
36 41 75
36 41 161
36 41 55
36 41 133
36 41 63
36 41 184
36 41 196
36 41 84
36 41 173
36 41 86
36 41 75
36 41 11
36 41 52
36 41 167
36 41 51
36 41 48
36 41 29
36 41 68
36 41 162
36 41 104
36 41 41
36 41 42
36 41 59
36 41 22
36 41 184
36 41 102
36 41 7
36 41 194
36 41 35
36 41 10
36 41 30
36 41 102
36 41 117
36 41 37
36 41 88
36 41 125
36 41 188
36 41 174
36 41 15
36 41 157
36 41 47
36 41 101
36 41 197
36 41 186
36 41 25
36 41 4
36 41 87
36 41 168
36 41 80
36 41 139
36 41 76
36 41 71
36 41 23
36 41 111
36 41 68
36 41 158
36 41 9
36 41 168
36 41 160
36 41 146
36 41 157
36 41 198
36 41 164
36 41 154
36 41 169
36 41 105
36 41 200
36 41 135
36 41 179
36 41 118
36 41 174
36 41 90
36 41 57
36 41 119
37 42 128
37 42 180
37 42 114
37 42 89
37 42 150
37 42 101
37 42 64
37 42 123
37 42 113
37 42 164
37 42 112
37 42 112
37 42 124
37 42 129
37 42 97
37 42 49
37 42 115
37 42 125
37 42 111
37 42 88
37 42 131
37 42 46
37 42 104
37 42 150
37 42 117
37 42 170
37 42 162
37 42 151
37 42 178
37 42 200
37 42 138
37 42 160
37 42 115
37 42 177
37 42 38
37 42 7
37 42 36
37 42 182
37 42 172
37 42 66
37 42 87
37 42 142
37 42 70
37 42 173
37 42 137
37 42 50
37 42 138
37 42 120
37 42 143
37 42 18
37 42 45
37 42 51
37 42 21
37 42 70
37 42 168
37 42 170
37 42 144
37 42 104
37 42 79
37 42 138
37 42 74
37 42 97
37 42 135
37 42 94
37 42 169
37 42 13
37 42 178
37 42 190
37 42 9
37 42 74
37 42 194
37 42 186
37 42 120
37 42 8
37 42 8
37 42 5
37 42 132
37 42 197
37 42 52
37 42 139
37 42 193
37 42 151
37 42 177
37 42 41
37 42 48
37 42 160
37 42 81
37 42 101
37 42 48
38 43 102
38 43 171
38 43 28
38 43 176
38 43 43
38 43 124
38 43 94
38 43 119
38 43 84
38 43 94
38 43 69
38 43 80
38 43 178
38 43 113
38 43 9
38 43 158
38 43 103
38 43 174
38 43 59
38 43 51
38 43 43
38 43 151
38 43 130
38 43 189
38 43 95
38 43 176
38 43 91
38 43 191
38 43 114
38 43 40
38 43 169
38 43 163
38 43 172
38 43 162
38 43 188
38 43 96
38 43 82
38 43 50
38 43 82
38 43 49
38 43 90
38 43 84
38 43 156
38 43 17
38 43 6
38 43 146
38 43 47
38 43 112
38 43 167
38 43 106
38 43 137
38 43 13
38 43 117
38 43 175
38 43 47
38 43 100
38 43 82
38 43 160
38 43 166
38 43 4
38 43 10
38 43 77
38 43 94
38 43 198
38 43 145
38 43 82
38 43 192
38 43 194
38 43 31
38 43 178
38 43 100
38 43 134
38 43 62
38 43 182
38 43 200
38 43 167
38 43 95
38 43 186
38 43 9
38 43 36
38 43 20
38 43 186
38 43 153
38 43 82
38 43 58
38 43 68
38 43 139
38 43 40
38 43 24
38 43 55
38 43 97
38 43 115
38 43 159
38 43 71
38 43 3
39 44 44
39 44 23
39 44 57
39 44 63
39 44 52
39 44 35
39 44 38
39 44 68
39 44 143
39 44 105
39 44 71
39 44 50
39 44 171
39 44 25
39 44 87
39 44 44
39 44 137
39 44 3
39 44 26
39 44 67
39 44 124
39 44 61
39 44 68
39 44 112
39 44 48
39 44 107
39 44 134
39 44 158
39 44 146
39 44 23
39 44 97
39 44 180
39 44 197
39 44 147
39 44 198
39 44 37
39 44 188
39 44 172
39 44 74
39 44 87
39 44 184
39 44 108
39 44 135
39 44 34
39 44 172
39 44 118
39 44 100
39 44 197
39 44 39
39 44 48
39 44 155
39 44 61
39 44 142
39 44 99
39 44 60
39 44 183
39 44 135
39 44 60
39 44 140
39 44 73
39 44 128
39 44 145
39 44 98
39 44 125
39 44 100
39 44 128
39 44 119
39 44 142
39 44 87
39 44 3
39 44 160
39 44 30
39 44 108
39 44 128
39 44 66
39 44 121
39 44 180
39 44 185
39 44 114
39 44 190
39 44 161
39 44 82
39 44 127
39 44 172
39 44 53
39 44 100
39 44 73
39 44 149
39 44 18
39 44 115
39 44 72
39 44 160
39 44 25
39 44 112
39 44 164
39 44 55
39 44 159
39 44 6
39 44 54
39 44 33
39 44 97
39 44 168
39 44 147
39 44 101
39 44 122
39 44 188
39 44 9
39 44 6
39 44 89
39 44 196
39 44 170
39 44 195
39 44 1
39 44 166
39 44 8
39 44 66
39 44 101
39 44 138
39 44 62
39 44 124
39 44 165
39 44 8
40 45 87
40 45 113
40 45 14
40 45 103
40 45 51
40 45 189
40 45 91
40 45 106
40 45 192
40 45 132
40 45 156
40 45 183
40 45 178
40 45 128
40 45 182
40 45 197
40 45 197
40 45 137
40 45 92
40 45 191
40 45 190
40 45 91
40 45 65
40 45 24
40 45 186
40 45 138
40 45 127
40 45 121
40 45 86
40 45 67
40 45 77
40 45 65
40 45 140
40 45 88
40 45 182
40 45 4
40 45 22
40 45 197
40 45 117
40 45 178
40 45 65
40 45 88
40 45 171
40 45 99
40 45 190
40 45 49
40 45 112
40 45 10
40 45 118
40 45 82
40 45 83
40 45 87
40 45 175
40 45 82
40 45 4
40 45 91
40 45 121
40 45 59
40 45 3
40 45 93
40 45 34
40 45 8
40 45 110
40 45 136
40 45 161
40 45 82
40 45 119
40 45 196
40 45 86
40 45 85
40 45 144
40 45 191
40 45 50
40 45 196
40 45 186
40 45 82
40 45 148
40 45 116
40 45 52
40 45 57
40 45 199
40 45 97
40 45 4
40 45 161
40 45 114
40 45 54
40 45 8
40 45 174
40 45 189
40 45 113
40 45 94
40 45 182
40 45 99
40 45 32
40 45 186
40 45 121
40 45 165
40 45 105
40 45 13
40 45 69
40 45 20
41 46 160
41 46 194
41 46 123
41 46 181
41 46 73
41 46 73
41 46 69
41 46 106
41 46 142
41 46 30
41 46 155
41 46 22
41 46 31
41 46 55
41 46 1
41 46 100
41 46 21
41 46 96
41 46 106
41 46 86
41 46 11
41 46 85
41 46 122
41 46 190
41 46 84
41 46 99
41 46 20
41 46 119
41 46 127
41 46 52
41 46 194
41 46 158
41 46 120
41 46 62
41 46 1
41 46 108
41 46 1
41 46 193
41 46 96
41 46 18
41 46 32
41 46 113
41 46 134
41 46 139
41 46 44
41 46 61
41 46 135
41 46 183
41 46 123
41 46 54
41 46 73
41 46 54
41 46 144
41 46 66
41 46 77
41 46 41
41 46 16
41 46 177
41 46 87
41 46 106
41 46 9
41 46 171
41 46 168
41 46 145
41 46 117
41 46 18
41 46 197
41 46 114
41 46 143
41 46 142
41 46 178
41 46 89
41 46 109
41 46 66
41 46 193
41 46 24
41 46 20
41 46 151
41 46 35
41 46 53
41 46 89
41 46 96
41 46 116
41 46 103
41 46 119
41 46 170
41 46 56
41 46 114
41 46 159
41 46 48
41 46 47
41 46 45
41 46 133
41 46 7
41 46 5
41 46 81
41 46 53
41 46 47
41 46 53
41 46 111
42 47 160
42 47 186
42 47 24
42 47 86
42 47 68
42 47 119
42 47 83
42 47 50
42 47 166
42 47 33
42 47 52
42 47 50
42 47 178
42 47 152
42 47 168
42 47 119
42 47 73
42 47 160
42 47 137
42 47 106
42 47 157
42 47 85
42 47 131
42 47 178
42 47 37
42 47 4
42 47 81
42 47 67
42 47 184
42 47 160
42 47 5
42 47 59
42 47 14
42 47 100
42 47 40
42 47 191
42 47 77
42 47 77
42 47 87
42 47 164
42 47 5
42 47 67
42 47 161
42 47 54
42 47 149
42 47 87
42 47 105
42 47 30
42 47 195
42 47 115
42 47 199
42 47 21
42 47 181
42 47 122
42 47 142
42 47 49
42 47 157
42 47 54
42 47 99
42 47 140
42 47 93
42 47 76
42 47 59
42 47 134
42 47 159
42 47 105
42 47 157
42 47 190
42 47 54
42 47 155
42 47 26
42 47 60
42 47 141
42 47 150
42 47 193
42 47 42
42 47 161
42 47 72
42 47 88
42 47 56
42 47 79
42 47 3
42 47 100
42 47 127
42 47 132
42 47 77
42 47 158
42 47 83
42 47 11
42 47 78
42 47 68
42 47 37
42 47 118
42 47 6
42 47 73
42 47 137
43 48 162
43 48 178
43 48 186
43 48 56
43 48 138
43 48 155
43 48 198
43 48 61
43 48 98
43 48 193
43 48 41
43 48 90
43 48 131
43 48 199
43 48 176
43 48 47
43 48 188
43 48 156
43 48 47
43 48 94
43 48 166
43 48 124
43 48 32
43 48 45
43 48 190
43 48 26
43 48 99
43 48 43
43 48 86
43 48 64
43 48 181
43 48 139
43 48 120
43 48 129
43 48 177
43 48 172
43 48 196
43 48 96
43 48 172
43 48 141
43 48 133
43 48 13
43 48 144
43 48 29
43 48 61
43 48 51
43 48 51
43 48 42
43 48 131
43 48 72
43 48 92
43 48 140
43 48 12
43 48 49
43 48 79
43 48 137
43 48 193
43 48 128
43 48 153
43 48 79
43 48 85
43 48 176
43 48 184
43 48 89
43 48 163
43 48 177
43 48 17
43 48 165
43 48 152
43 48 135
43 48 188
43 48 144
43 48 105
43 48 10
43 48 105
43 48 122
43 48 68
43 48 75
43 48 186
43 48 104
43 48 129
43 48 103
43 48 116
43 48 51
43 48 44
43 48 98
43 48 86
43 48 88
43 48 90
43 48 137
43 48 77
44 49 176
44 49 190
44 49 33
44 49 184
44 49 123
44 49 160
44 49 174
44 49 164
44 49 165
44 49 120
44 49 51
44 49 9
44 49 13
44 49 73
44 49 72
44 49 2
44 49 12
44 49 103
44 49 86
44 49 2
44 49 200
44 49 44
44 49 189
44 49 39
44 49 198
44 49 62
44 49 106
44 49 32
44 49 105
44 49 82
44 49 58
44 49 48
44 49 152
44 49 156
44 49 177
44 49 44
44 49 42
44 49 12
44 49 91
44 49 193
44 49 145
44 49 99
44 49 60
44 49 19
44 49 101
44 49 173
44 49 24
44 49 18
44 49 46
44 49 78
44 49 171
44 49 33
44 49 134
44 49 177
44 49 133
44 49 117
44 49 1
44 49 55
44 49 79
44 49 135
44 49 157
44 49 25
44 49 181
44 49 181
44 49 58
44 49 79
44 49 26
44 49 70
44 49 189
44 49 163
44 49 144
44 49 83
44 49 8
44 49 91
44 49 155
44 49 24
44 49 4
44 49 114
44 49 111
44 49 71
44 49 131
44 49 146
44 49 76
44 49 52
44 49 53
44 49 82
44 49 47
44 49 72
44 49 22
44 49 117
44 49 22
44 49 143
44 49 6
44 49 17
44 49 55
44 49 106
44 49 129
44 49 75
44 49 15
44 49 30
45 50 125
45 50 58
45 50 71
45 50 165
45 50 3
45 50 55
45 50 160
45 50 126
45 50 175
45 50 29
45 50 74
45 50 79
45 50 125
45 50 167
45 50 71
45 50 155
45 50 47
45 50 153
45 50 64
45 50 158
45 50 98
45 50 175
45 50 115
45 50 111
45 50 12
45 50 158
45 50 177
45 50 61
45 50 101
45 50 165
45 50 141
45 50 49
45 50 172
45 50 156
45 50 146
45 50 160
45 50 9
45 50 129
45 50 4
45 50 69
45 50 6
45 50 200
45 50 156
45 50 82
45 50 151
45 50 86
45 50 99
45 50 63
45 50 113
45 50 32
45 50 12
45 50 59
45 50 185
45 50 138
45 50 107
45 50 122
45 50 60
45 50 115
45 50 52
45 50 73
45 50 169
45 50 148
45 50 3
45 50 34
45 50 4
45 50 27
45 50 81
45 50 173
45 50 2
45 50 25
45 50 110
45 50 111
45 50 158
45 50 128
45 50 2
45 50 140
45 50 131
45 50 175
45 50 171
45 50 22
45 50 60
45 50 154
45 50 198
45 50 163
45 50 110
45 50 108
45 50 104
45 50 2
45 50 24
45 50 155
45 50 38
45 50 2
45 50 21
45 50 174
46 51 142
46 51 129
46 51 66
46 51 113
46 51 18
46 51 19
46 51 181
46 51 144
46 51 116
46 51 72
46 51 93
46 51 97
46 51 141
46 51 85
46 51 90
46 51 136
46 51 4
46 51 78
46 51 56
46 51 59
46 51 128
46 51 148
46 51 34
46 51 111
46 51 51
46 51 14
46 51 108
46 51 105
46 51 33
46 51 183
46 51 151
46 51 118
46 51 139
46 51 3
46 51 77
46 51 191
46 51 149
46 51 22
46 51 135
46 51 99
46 51 149
46 51 12
46 51 196
46 51 17
46 51 124
46 51 198
46 51 200
46 51 52
46 51 36
46 51 8
46 51 96
46 51 187
46 51 91
46 51 48
46 51 181
46 51 113
46 51 122
46 51 51
46 51 162
46 51 64
46 51 107
46 51 133
46 51 13
46 51 135
46 51 14
46 51 34
46 51 60
46 51 182
46 51 141
46 51 26
46 51 188
46 51 14
46 51 149
46 51 108
46 51 44
46 51 154
46 51 69
46 51 72
46 51 131
46 51 123
46 51 133
46 51 24
46 51 125
46 51 27
46 51 6
46 51 180
46 51 152
46 51 100
46 51 191
46 51 14
46 51 68
46 51 40
46 51 17
46 51 165
46 51 188
46 51 87
46 51 63
46 51 134
46 51 11
46 51 180
46 51 87
46 51 70
46 51 2
46 51 6
46 51 10
46 51 184
47 52 108
47 52 53
47 52 136
47 52 37
47 52 121
47 52 181
47 52 78
47 52 155
47 52 56
47 52 186
47 52 17
47 52 19
47 52 193
47 52 151
47 52 177
47 52 106
47 52 108
47 52 160
47 52 160
47 52 58
47 52 169
47 52 153
47 52 176
47 52 55
47 52 173
47 52 102
47 52 122
47 52 200
47 52 5
47 52 33
47 52 37
47 52 109
47 52 73
47 52 118
47 52 2
47 52 39
47 52 121
47 52 150
47 52 139
47 52 15
47 52 166
47 52 99
47 52 146
47 52 132
47 52 65
47 52 40
47 52 96
47 52 164
47 52 161
47 52 5
47 52 111
47 52 33
47 52 150
47 52 163
47 52 25
47 52 99
47 52 68
47 52 167
47 52 84
47 52 106
47 52 60
47 52 166
47 52 17
47 52 93
47 52 91
47 52 188
47 52 186
47 52 91
47 52 3
47 52 140
47 52 34
47 52 11
47 52 45
47 52 146
47 52 110
47 52 54
47 52 75
47 52 64
47 52 81
47 52 66
47 52 140
47 52 155
47 52 73
47 52 33
47 52 70
47 52 182
47 52 33
47 52 113
47 52 197
48 53 38
48 53 91
48 53 159
48 53 141
48 53 179
48 53 31
48 53 26
48 53 199
48 53 77
48 53 127
48 53 58
48 53 138
48 53 118
48 53 43
48 53 159
48 53 54
48 53 2
48 53 185
48 53 133
48 53 133
48 53 55
48 53 149
48 53 23
48 53 68
48 53 133
48 53 148
48 53 106
48 53 108
48 53 176
48 53 125
48 53 117
48 53 186
48 53 20
48 53 6
48 53 200
48 53 77
48 53 103
48 53 194
48 53 108
48 53 85
48 53 14
48 53 108
48 53 35
48 53 43
48 53 21
48 53 23
48 53 189
48 53 189
48 53 53
48 53 148
48 53 81
48 53 157
48 53 60
48 53 56
48 53 79
48 53 36
48 53 136
48 53 8
48 53 68
48 53 94
48 53 148
48 53 141
48 53 100
48 53 71
48 53 1
48 53 10
48 53 189
48 53 199
48 53 99
48 53 68
48 53 22
48 53 157
48 53 94
48 53 198
48 53 167
48 53 17
48 53 14
48 53 98
48 53 131
48 53 81
48 53 164
48 53 49
48 53 103
48 53 99
49 54 176
49 54 143
49 54 14
49 54 37
49 54 172
49 54 128
49 54 142
49 54 5
49 54 140
49 54 94
49 54 60
49 54 64
49 54 62
49 54 125
49 54 35
49 54 100
49 54 71
49 54 8
49 54 13
49 54 71
49 54 30
49 54 144
49 54 7
49 54 5
49 54 153
49 54 62
49 54 89
49 54 104
49 54 34
49 54 166
49 54 50
49 54 96
49 54 50
49 54 44
49 54 38
49 54 78
49 54 174
49 54 76
49 54 160
49 54 186
49 54 127
49 54 78
49 54 45
49 54 193
49 54 152
49 54 140
49 54 196
49 54 190
49 54 153
49 54 49
49 54 95
49 54 84
49 54 195
49 54 37
49 54 85
49 54 135
49 54 169
49 54 99
49 54 125
49 54 187
49 54 191
49 54 74
49 54 197
49 54 74
49 54 145
49 54 149
49 54 179
49 54 129
49 54 198
49 54 182
49 54 79
49 54 135
49 54 38
49 54 112
49 54 54
49 54 135
49 54 84
49 54 84
49 54 166
49 54 60
49 54 32
49 54 131
49 54 166
49 54 141
50 55 193
50 55 64
50 55 138
50 55 4
50 55 116
50 55 11
50 55 168
50 55 162
50 55 161
50 55 59
50 55 109
50 55 100
50 55 183
50 55 117
50 55 48
50 55 69
50 55 121
50 55 33
50 55 110
50 55 138
50 55 75
50 55 135
50 55 28
50 55 39
50 55 49
50 55 74
50 55 145
50 55 140
50 55 27
50 55 161
50 55 163
50 55 71
50 55 161
50 55 176
50 55 112
50 55 35
50 55 120
50 55 103
50 55 118
50 55 5
50 55 189
50 55 51
50 55 127
50 55 48
50 55 172
50 55 4
50 55 61
50 55 53
50 55 165
50 55 174
50 55 47
50 55 14
50 55 13
50 55 60
50 55 35
50 55 172
50 55 133
50 55 36
50 55 176
50 55 97
50 55 122
50 55 190
50 55 81
50 55 112
50 55 139
50 55 61
50 55 154
50 55 40
50 55 124
50 55 139
50 55 54
50 55 131
50 55 141
50 55 141
50 55 36
50 55 51
50 55 75
50 55 129
50 55 94
50 55 87
50 55 42
50 55 129
50 55 148
50 55 83
50 55 113
50 55 198
50 55 170
50 55 142
50 55 194
50 55 142
51 56 148
51 56 115
51 56 116
51 56 187
51 56 53
51 56 159
51 56 36
51 56 145
51 56 12
51 56 116
51 56 44
51 56 103
51 56 191
51 56 33
51 56 164
51 56 60
51 56 54
51 56 80
51 56 100
51 56 84
51 56 115
51 56 120
51 56 165
51 56 50
51 56 162
51 56 108
51 56 83
51 56 19
51 56 74
51 56 67
51 56 111
51 56 65
51 56 180
51 56 155
51 56 150
51 56 199
51 56 74
51 56 176
51 56 52
51 56 104
51 56 10
51 56 158
51 56 34
51 56 34
51 56 74
51 56 167
51 56 27
51 56 143
51 56 89
51 56 100
51 56 17
51 56 35
51 56 66
51 56 168
51 56 144
51 56 45
51 56 138
51 56 162
51 56 118
51 56 31
51 56 18
51 56 186
51 56 98
51 56 101
51 56 67
51 56 57
51 56 140
51 56 119
51 56 1
51 56 106
51 56 184
51 56 188
51 56 121
51 56 161
51 56 183
51 56 56
51 56 58
51 56 109
51 56 70
51 56 193
51 56 24
51 56 169
51 56 74
51 56 36
51 56 118
51 56 35
51 56 51
51 56 82
51 56 90
51 56 81
51 56 73
51 56 104
51 56 136
51 56 120
51 56 120
51 56 145
51 56 169
51 56 106
51 56 22
51 56 160
51 56 120
52 57 50
52 57 131
52 57 149
52 57 79
52 57 158
52 57 166
52 57 82
52 57 181
52 57 88
52 57 9
52 57 150
52 57 112
52 57 129
52 57 50
52 57 86
52 57 157
52 57 55
52 57 83
52 57 1
52 57 133
52 57 22
52 57 95
52 57 27
52 57 199
52 57 118
52 57 130
52 57 86
52 57 167
52 57 183
52 57 178
52 57 146
52 57 105
52 57 163
52 57 99
52 57 177
52 57 41
52 57 10
52 57 23
52 57 94
52 57 196
52 57 100
52 57 176
52 57 122
52 57 180
52 57 6
52 57 9
52 57 108
52 57 163
52 57 1
52 57 125
52 57 184
52 57 108
52 57 27
52 57 94
52 57 193
52 57 107
52 57 56
52 57 94
52 57 105
52 57 173
52 57 114
52 57 200
52 57 61
52 57 27
52 57 200
52 57 78
52 57 113
52 57 22
52 57 87
52 57 193
52 57 77
52 57 63
52 57 156
52 57 89
52 57 24
52 57 113
52 57 59
52 57 179
52 57 10
52 57 138
52 57 27
52 57 96
52 57 50
52 57 146
52 57 198
52 57 30
52 57 24
52 57 31
52 57 105
53 58 130
53 58 5
53 58 114
53 58 3
53 58 189
53 58 4
53 58 173
53 58 155
53 58 12
53 58 12
53 58 2
53 58 172
53 58 174
53 58 111
53 58 18
53 58 35
53 58 79
53 58 186
53 58 83
53 58 157
53 58 1
53 58 99
53 58 139
53 58 122
53 58 28
53 58 169
53 58 15
53 58 156
53 58 122
53 58 78
53 58 187
53 58 29
53 58 59
53 58 54
53 58 190
53 58 54
53 58 187
53 58 91
53 58 200
53 58 65
53 58 21
53 58 153
53 58 62
53 58 129
53 58 5
53 58 70
53 58 19
53 58 191
53 58 184
53 58 176
53 58 137
53 58 99
53 58 185
53 58 127
53 58 141
53 58 108
53 58 17
53 58 138
53 58 18
53 58 83
53 58 139
53 58 196
53 58 80
53 58 95
53 58 135
53 58 156
53 58 100
53 58 105
53 58 145
53 58 45
53 58 151
53 58 33
53 58 24
53 58 20
53 58 33
53 58 7
53 58 19
53 58 191
53 58 99
53 58 113
53 58 1
53 58 10
53 58 110
53 58 113
53 58 52
53 58 33
53 58 106
53 58 21
53 58 96
53 58 64
53 58 74
53 58 141
53 58 37
53 58 35
53 58 196
53 58 83
54 59 123
54 59 121
54 59 132
54 59 149
54 59 30
54 59 40
54 59 37
54 59 137
54 59 24
54 59 120
54 59 82
54 59 154
54 59 153
54 59 105
54 59 170
54 59 135
54 59 137
54 59 110
54 59 171
54 59 88
54 59 85
54 59 34
54 59 75
54 59 146
54 59 157
54 59 174
54 59 177
54 59 42
54 59 150
54 59 171
54 59 92
54 59 137
54 59 93
54 59 26
54 59 81
54 59 82
54 59 160
54 59 193
54 59 36
54 59 3
54 59 2
54 59 24
54 59 16
54 59 128
54 59 145
54 59 111
54 59 178
54 59 164
54 59 93
54 59 88
54 59 89
54 59 112
54 59 48
54 59 177
54 59 120
54 59 187
54 59 101
54 59 143
54 59 3
54 59 162
54 59 153
54 59 141
54 59 128
54 59 115
54 59 163
54 59 154
54 59 96
54 59 101
54 59 25
54 59 145
54 59 107
54 59 196
54 59 139
54 59 182
54 59 168
54 59 123
54 59 49
54 59 94
54 59 127
54 59 10
54 59 91
54 59 42
54 59 11
54 59 19
54 59 5
54 59 56
54 59 121
54 59 144
54 59 114
54 59 197
54 59 45
54 59 193
54 59 131
54 59 86
54 59 89
54 59 67
54 59 92
54 59 7
54 59 191
54 59 188
54 59 51
54 59 140
54 59 10
54 59 21
54 59 52
54 59 42
55 60 55
55 60 94
55 60 94
55 60 156
55 60 25
55 60 130
55 60 24
55 60 101
55 60 65
55 60 132
55 60 53
55 60 42
55 60 22
55 60 81
55 60 11
55 60 103
55 60 104
55 60 7
55 60 31
55 60 73
55 60 106
55 60 156
55 60 93
55 60 66
55 60 5
55 60 30
55 60 65
55 60 108
55 60 40
55 60 169
55 60 176
55 60 15
55 60 197
55 60 44
55 60 140
55 60 132
55 60 40
55 60 58
55 60 20
55 60 33
55 60 15
55 60 166
55 60 153
55 60 70
55 60 130
55 60 46
55 60 53
55 60 67
55 60 148
55 60 194
55 60 150
55 60 4
55 60 90
55 60 103
55 60 175
55 60 50
55 60 165
55 60 80
55 60 11
55 60 95
55 60 54
55 60 8
55 60 196
55 60 55
55 60 9
55 60 30
55 60 81
55 60 136
55 60 81
55 60 51
55 60 158
55 60 181
55 60 79
55 60 130
55 60 39
55 60 105
55 60 87
55 60 8
55 60 57
55 60 12
55 60 82
55 60 37
55 60 139
55 60 195
55 60 143
55 60 58
55 60 1
55 60 121
55 60 173
55 60 153
55 60 4
55 60 168
55 60 45
55 60 122
55 60 150
56 61 198
56 61 85
56 61 66
56 61 174
56 61 174
56 61 192
56 61 185
56 61 157
56 61 63
56 61 113
56 61 50
56 61 188
56 61 126
56 61 177
56 61 113
56 61 137
56 61 164
56 61 72
56 61 158
56 61 90
56 61 119
56 61 136
56 61 71
56 61 89
56 61 88
56 61 132
56 61 36
56 61 179
56 61 161
56 61 93
56 61 57
56 61 63
56 61 125
56 61 128
56 61 182
56 61 157
56 61 6
56 61 181
56 61 134
56 61 145
56 61 81
56 61 117
56 61 29
56 61 173
56 61 72
56 61 52
56 61 66
56 61 50
56 61 126
56 61 20
56 61 138
56 61 159
56 61 83
56 61 122
56 61 152
56 61 142
56 61 111
56 61 189
56 61 94
56 61 31
56 61 59
56 61 179
56 61 48
56 61 197
56 61 13
56 61 179
56 61 176
56 61 134
56 61 53
56 61 165
56 61 184
56 61 18
56 61 1
56 61 133
56 61 117
56 61 132
56 61 165
56 61 75
56 61 160
56 61 61
56 61 50
56 61 15
56 61 54
56 61 195
56 61 31
56 61 190
56 61 14
56 61 96
56 61 171
56 61 149
56 61 171
56 61 29
56 61 164
56 61 99
56 61 28
56 61 75
57 62 86
57 62 189
57 62 4
57 62 114
57 62 162
57 62 11
57 62 65
57 62 19
57 62 59
57 62 124
57 62 182
57 62 34
57 62 157
57 62 156
57 62 153
57 62 99
57 62 8
57 62 187
57 62 199
57 62 133
57 62 142
57 62 111
57 62 72
57 62 29
57 62 79
57 62 24
57 62 144
57 62 191
57 62 2
57 62 11
57 62 165
57 62 82
57 62 83
57 62 58
57 62 136
57 62 161
57 62 19
57 62 16
57 62 148
57 62 113
57 62 189
57 62 157
57 62 138
57 62 68
57 62 67
57 62 134
57 62 56
57 62 173
57 62 135
57 62 30
57 62 35
57 62 170
57 62 19
57 62 192
57 62 40
57 62 49
57 62 158
57 62 127
57 62 89
57 62 174
57 62 176
57 62 190
57 62 194
57 62 95
57 62 52
57 62 9
57 62 102
57 62 34
57 62 79
57 62 110
57 62 100
57 62 195
57 62 119
57 62 45
57 62 78
57 62 24
57 62 152
57 62 189
57 62 7
57 62 7
57 62 51
57 62 63
57 62 199
57 62 1
57 62 174
57 62 181
57 62 56
57 62 129
57 62 153
57 62 81
57 62 188
57 62 178
57 62 155
57 62 192
57 62 3
57 62 62
57 62 86
57 62 156
57 62 30
57 62 41
57 62 34
57 62 148
57 62 23
57 62 153
57 62 27
57 62 9
57 62 166
57 62 59
57 62 61
57 62 62
57 62 64
57 62 81
57 62 84
57 62 14
58 63 120
58 63 1
58 63 67
58 63 6
58 63 142
58 63 174
58 63 10
58 63 189
58 63 82
58 63 158
58 63 195
58 63 39
58 63 73
58 63 149
58 63 142
58 63 141
58 63 141
58 63 109
58 63 168
58 63 91
58 63 11
58 63 146
58 63 47
58 63 29
58 63 72
58 63 99
58 63 200
58 63 106
58 63 138
58 63 192
58 63 191
58 63 14
58 63 142
58 63 52
58 63 83
58 63 97
58 63 106
58 63 70
58 63 35
58 63 19
58 63 111
58 63 43
58 63 44
58 63 166
58 63 47
58 63 197
58 63 66
58 63 166
58 63 192
58 63 75
58 63 162
58 63 32
58 63 172
58 63 42
58 63 54
58 63 87
58 63 18
58 63 117
58 63 180
58 63 46
58 63 44
58 63 58
58 63 21
58 63 46
58 63 121
58 63 168
58 63 167
58 63 93
58 63 121
58 63 82
58 63 147
58 63 199
58 63 13
58 63 184
58 63 29
58 63 118
58 63 145
58 63 171
58 63 168
58 63 174
58 63 197
58 63 48
58 63 57
58 63 78
58 63 193
58 63 70
58 63 74
58 63 190
58 63 72
58 63 80
58 63 192
58 63 199
58 63 63
58 63 95
58 63 169
58 63 27
58 63 168
58 63 77
58 63 133
58 63 199
58 63 102
58 63 132
58 63 176
58 63 136
58 63 87
58 63 11
58 63 156
58 63 191
58 63 36
58 63 152
58 63 139
58 63 51
58 63 143
59 64 160
59 64 180
59 64 96
59 64 163
59 64 71
59 64 144
59 64 200
59 64 149
59 64 74
59 64 115
59 64 3
59 64 149
59 64 120
59 64 117
59 64 23
59 64 53
59 64 39
59 64 95
59 64 43
59 64 179
59 64 108
59 64 198
59 64 37
59 64 160
59 64 84
59 64 90
59 64 166
59 64 148
59 64 22
59 64 133
59 64 98
59 64 24
59 64 144
59 64 6
59 64 141
59 64 103
59 64 116
59 64 142
59 64 176
59 64 31
59 64 81
59 64 152
59 64 106
59 64 192
59 64 16
59 64 142
59 64 37
59 64 27
59 64 191
59 64 109
59 64 194
59 64 96
59 64 28
59 64 64
59 64 93
59 64 67
59 64 185
59 64 198
59 64 193
59 64 92
59 64 159
59 64 116
59 64 122
59 64 73
59 64 142
59 64 130
59 64 25
59 64 45
59 64 131
59 64 14
59 64 30
59 64 140
59 64 79
59 64 80
59 64 35
59 64 147
59 64 160
59 64 152
59 64 15
60 65 8
60 65 20
60 65 13
60 65 30
60 65 52
60 65 81
60 65 69
60 65 186
60 65 67
60 65 59
60 65 136
60 65 13
60 65 151
60 65 92
60 65 170
60 65 131
60 65 39
60 65 132
60 65 180
60 65 192
60 65 93
60 65 100
60 65 153
60 65 17
60 65 69
60 65 196
60 65 183
60 65 189
60 65 128
60 65 122
60 65 61
60 65 35
60 65 56
60 65 131
60 65 4
60 65 86
60 65 19
60 65 21
60 65 147
60 65 63
60 65 12
60 65 149
60 65 163
60 65 25
60 65 139
60 65 77
60 65 67
60 65 19
60 65 8
60 65 45
60 65 163
60 65 129
60 65 155
60 65 197
60 65 107
60 65 134
60 65 116
60 65 157
60 65 7
60 65 123
60 65 121
60 65 145
60 65 68
60 65 50
60 65 26
60 65 84
60 65 39
60 65 9
60 65 154
60 65 130
60 65 167
60 65 82
60 65 151
60 65 28
60 65 155
60 65 13
60 65 137
60 65 152
60 65 44
60 65 55
60 65 116
60 65 173
60 65 107
60 65 33
60 65 169
60 65 89
60 65 160
60 65 151
60 65 124
60 65 125
60 65 24
60 65 30
61 66 91
61 66 57
61 66 7
61 66 38
61 66 187
61 66 8
61 66 60
61 66 125
61 66 166
61 66 166
61 66 49
61 66 181
61 66 121
61 66 48
61 66 135
61 66 143
61 66 188
61 66 123
61 66 94
61 66 37
61 66 6
61 66 125
61 66 51
61 66 100
61 66 21
61 66 104
61 66 51
61 66 183
61 66 25
61 66 167
61 66 53
61 66 154
61 66 107
61 66 18
61 66 19
61 66 161
61 66 188
61 66 92
61 66 104
61 66 65
61 66 72
61 66 190
61 66 70
61 66 126
61 66 45
61 66 198
61 66 18
61 66 110
61 66 184
61 66 137
61 66 6
61 66 103
61 66 121
61 66 108
61 66 182
61 66 55
61 66 70
61 66 117
61 66 167
61 66 75
61 66 24
61 66 10
61 66 166
61 66 1
61 66 60
61 66 142
61 66 174
61 66 46
61 66 81
61 66 199
61 66 32
61 66 25
61 66 45
61 66 49
61 66 50
61 66 13
61 66 95
61 66 94
61 66 65
61 66 100
61 66 112
61 66 141
61 66 137
61 66 164
61 66 194
61 66 191
61 66 136
61 66 168
61 66 106
61 66 162
61 66 27
61 66 81
61 66 123
61 66 49
61 66 76
61 66 71
61 66 168
61 66 177
61 66 77
61 66 109
61 66 147
61 66 115
61 66 138
61 66 77
61 66 152
61 66 107
62 67 136
62 67 120
62 67 157
62 67 151
62 67 173
62 67 27
62 67 146
62 67 57
62 67 139
62 67 91
62 67 188
62 67 189
62 67 114
62 67 193
62 67 113
62 67 95
62 67 91
62 67 102
62 67 118
62 67 113
62 67 191
62 67 101
62 67 25
62 67 95
62 67 76
62 67 31
62 67 76
62 67 174
62 67 27
62 67 77
62 67 6
62 67 178
62 67 21
62 67 135
62 67 184
62 67 7
62 67 172
62 67 45
62 67 98
62 67 83
62 67 153
62 67 70
62 67 68
62 67 102
62 67 16
62 67 170
62 67 11
62 67 10
62 67 4
62 67 24
62 67 58
62 67 97
62 67 51
62 67 173
62 67 134
62 67 67
62 67 156
62 67 183
62 67 8
62 67 104
62 67 25
62 67 87
62 67 59
62 67 174
62 67 25
62 67 128
62 67 39
62 67 17
62 67 47
62 67 193
62 67 108
62 67 126
62 67 155
62 67 72
62 67 158
62 67 5
62 67 103
62 67 92
62 67 4
62 67 41
62 67 94
62 67 177
62 67 109
62 67 62
62 67 125
62 67 162
62 67 136
62 67 14
62 67 151
62 67 54
62 67 40
62 67 115
63 68 136
63 68 118
63 68 151
63 68 183
63 68 180
63 68 137
63 68 28
63 68 196
63 68 113
63 68 164
63 68 168
63 68 95
63 68 47
63 68 168
63 68 195
63 68 114
63 68 183
63 68 162
63 68 97
63 68 20
63 68 174
63 68 30
63 68 149
63 68 83
63 68 104
63 68 89
63 68 186
63 68 18
63 68 106
63 68 113
63 68 125
63 68 21
63 68 89
63 68 133
63 68 7
63 68 184
63 68 77
63 68 139
63 68 158
63 68 60
63 68 18
63 68 196
63 68 41
63 68 147
63 68 61
63 68 68
63 68 36
63 68 94
63 68 162
63 68 106
63 68 146
63 68 105
63 68 9
63 68 6
63 68 32
63 68 143
63 68 41
63 68 177
63 68 174
63 68 17
63 68 48
63 68 133
63 68 76
63 68 98
63 68 154
63 68 65
63 68 13
63 68 105
63 68 48
63 68 174
63 68 80
63 68 69
63 68 195
63 68 59
63 68 86
63 68 101
63 68 82
63 68 197
63 68 50
63 68 137
63 68 149
63 68 141
63 68 112
63 68 153
63 68 142
63 68 58
63 68 8
63 68 171
63 68 63
64 69 97
64 69 140
64 69 113
64 69 175
64 69 139
64 69 91
64 69 155
64 69 43
64 69 79
64 69 6
64 69 167
64 69 181
64 69 54
64 69 158
64 69 149
64 69 146
64 69 106
64 69 150
64 69 129
64 69 24
64 69 101
64 69 10
64 69 3
64 69 178
64 69 153
64 69 167
64 69 90
64 69 128
64 69 60
64 69 53
64 69 31
64 69 73
64 69 122
64 69 34
64 69 67
64 69 66
64 69 59
64 69 194
64 69 84
64 69 35
64 69 188
64 69 19
64 69 178
64 69 198
64 69 8
64 69 42
64 69 142
64 69 138
64 69 157
64 69 151
64 69 141
64 69 105
64 69 79
64 69 176
64 69 99
64 69 171
64 69 83
64 69 66
64 69 3
64 69 49
64 69 98
64 69 40
64 69 135
64 69 174
64 69 180
64 69 5
64 69 1
64 69 144
64 69 3
64 69 187
64 69 72
64 69 145
64 69 128
64 69 115
64 69 56
64 69 182
64 69 13
64 69 4
64 69 72
64 69 1
64 69 118
64 69 148
64 69 141
64 69 119
64 69 35
64 69 15
64 69 119
64 69 181
64 69 170
64 69 88
64 69 40
65 70 110
65 70 187
65 70 52
65 70 174
65 70 125
65 70 113
65 70 34
65 70 22
65 70 182
65 70 176
65 70 160
65 70 143
65 70 186
65 70 172
65 70 135
65 70 30
65 70 133
65 70 127
65 70 182
65 70 50
65 70 124
65 70 40
65 70 70
65 70 3
65 70 192
65 70 83
65 70 80
65 70 74
65 70 101
65 70 40
65 70 189
65 70 6
65 70 129
65 70 32
65 70 20
65 70 5
65 70 40
65 70 65
65 70 154
65 70 30
65 70 89
65 70 187
65 70 92
65 70 18
65 70 178
65 70 148
65 70 57
65 70 99
65 70 7
65 70 136
65 70 60
65 70 34
65 70 37
65 70 90
65 70 82
65 70 22
65 70 60
65 70 22
65 70 35
65 70 9
65 70 187
65 70 161
65 70 19
65 70 63
65 70 34
65 70 33
65 70 28
65 70 93
65 70 143
65 70 138
65 70 157
65 70 141
65 70 11
65 70 66
65 70 156
65 70 124
65 70 69
65 70 75
65 70 93
65 70 89
65 70 187
65 70 34
65 70 79
65 70 107
65 70 91
65 70 21
65 70 4
65 70 127
65 70 9
65 70 82
65 70 124
65 70 139
65 70 125
65 70 100
65 70 95
65 70 64
65 70 68
65 70 124
66 71 7
66 71 25
66 71 93
66 71 116
66 71 181
66 71 143
66 71 148
66 71 35
66 71 5
66 71 190
66 71 68
66 71 159
66 71 143
66 71 188
66 71 142
66 71 137
66 71 46
66 71 146
66 71 171
66 71 94
66 71 86
66 71 196
66 71 119
66 71 8
66 71 66
66 71 113
66 71 12
66 71 176
66 71 152
66 71 199
66 71 42
66 71 8
66 71 147
66 71 119
66 71 36
66 71 82
66 71 20
66 71 154
66 71 164
66 71 31
66 71 108
66 71 139
66 71 84
66 71 97
66 71 133
66 71 5
66 71 101
66 71 90
66 71 27
66 71 59
66 71 171
66 71 62
66 71 100
66 71 120
66 71 107
66 71 153
66 71 44
66 71 102
66 71 200
66 71 152
66 71 59
66 71 170
66 71 146
66 71 34
66 71 198
66 71 130
66 71 54
66 71 26
66 71 138
66 71 137
66 71 99
66 71 3
66 71 192
66 71 144
66 71 156
66 71 118
66 71 196
66 71 79
66 71 193
66 71 182
66 71 174
66 71 82
66 71 190
66 71 135
66 71 200
66 71 119
66 71 88
66 71 80
66 71 171
66 71 183
66 71 150
66 71 37
66 71 163
66 71 130
66 71 82
66 71 131
66 71 163
66 71 103
66 71 48
66 71 39
66 71 168
66 71 185
66 71 171
66 71 13
66 71 58
66 71 139
66 71 144
66 71 116
66 71 120
66 71 184
66 71 53
67 72 21
67 72 186
67 72 93
67 72 135
67 72 161
67 72 16
67 72 197
67 72 34
67 72 185
67 72 42
67 72 84
67 72 78
67 72 83
67 72 2
67 72 158
67 72 169
67 72 188
67 72 83
67 72 45
67 72 197
67 72 86
67 72 2
67 72 11
67 72 46
67 72 179
67 72 84
67 72 96
67 72 123
67 72 126
67 72 178
67 72 44
67 72 151
67 72 89
67 72 111
67 72 115
67 72 192
67 72 172
67 72 141
67 72 95
67 72 96
67 72 157
67 72 176
67 72 24
67 72 81
67 72 34
67 72 100
67 72 66
67 72 93
67 72 147
67 72 3
67 72 163
67 72 64
67 72 161
67 72 177
67 72 72
67 72 121
67 72 185
67 72 80
67 72 183
67 72 32
67 72 103
67 72 146
67 72 6
67 72 174
67 72 134
67 72 104
67 72 51
67 72 158
67 72 26
67 72 83
67 72 85
67 72 66
67 72 92
67 72 108
67 72 97
67 72 56
67 72 49
67 72 166
67 72 24
67 72 194
67 72 44
67 72 199
67 72 41
67 72 128
67 72 137
67 72 33
67 72 31
67 72 75
67 72 73
67 72 150
67 72 160
67 72 182
68 73 38
68 73 75
68 73 100
68 73 182
68 73 117
68 73 64
68 73 134
68 73 189
68 73 69
68 73 186
68 73 181
68 73 69
68 73 41
68 73 115
68 73 18
68 73 47
68 73 30
68 73 45
68 73 165
68 73 126
68 73 56
68 73 117
68 73 149
68 73 62
68 73 167
68 73 164
68 73 43
68 73 97
68 73 106
68 73 105
68 73 200
68 73 148
68 73 31
68 73 84
68 73 12
68 73 46
68 73 185
68 73 73
68 73 68
68 73 7
68 73 23
68 73 170
68 73 185
68 73 158
68 73 28
68 73 109
68 73 42
68 73 69
68 73 32
68 73 75
68 73 198
68 73 190
68 73 63
68 73 10
68 73 10
68 73 18
68 73 93
68 73 41
68 73 142
68 73 134
68 73 83
68 73 42
68 73 52
68 73 73
68 73 63
68 73 115
68 73 103
68 73 185
68 73 101
68 73 145
68 73 90
68 73 186
68 73 57
68 73 10
68 73 44
68 73 177
68 73 20
68 73 132
68 73 195
68 73 157
68 73 190
68 73 5
68 73 183
68 73 6
68 73 64
68 73 155
68 73 135
68 73 147
68 73 95
68 73 59
68 73 114
68 73 200
68 73 49
68 73 105
68 73 109
68 73 87
68 73 186
68 73 53
68 73 182
68 73 140
68 73 45
68 73 191
68 73 3
68 73 148
68 73 72
68 73 175
68 73 111
68 73 108
68 73 198
68 73 121
68 73 94
68 73 6
68 73 175
68 73 144
68 73 184
68 73 175
69 74 72
69 74 28
69 74 9
69 74 128
69 74 30
69 74 200
69 74 197
69 74 15
69 74 106
69 74 11
69 74 160
69 74 188
69 74 82
69 74 114
69 74 83
69 74 83
69 74 104
69 74 52
69 74 96
69 74 132
69 74 94
69 74 165
69 74 172
69 74 2
69 74 66
69 74 104
69 74 10
69 74 99
69 74 187
69 74 159
69 74 117
69 74 78
69 74 49
69 74 44
69 74 174
69 74 75
69 74 190
69 74 46
69 74 14
69 74 111
69 74 63
69 74 7
69 74 1
69 74 119
69 74 193
69 74 80
69 74 158
69 74 92
69 74 98
69 74 192
69 74 48
69 74 80
69 74 84
69 74 190
69 74 15
69 74 43
69 74 167
69 74 131
69 74 182
69 74 114
69 74 85
69 74 146
69 74 101
69 74 194
69 74 191
69 74 197
69 74 181
69 74 114
69 74 85
69 74 140
69 74 133
69 74 123
69 74 113
69 74 73
69 74 64
69 74 179
69 74 114
69 74 147
69 74 162
69 74 199
69 74 22
69 74 65
69 74 46
69 74 143
69 74 20
69 74 2
69 74 6
69 74 28
69 74 120
69 74 12
69 74 185
70 75 31
70 75 191
70 75 95
70 75 137
70 75 98
70 75 148
70 75 30
70 75 166
70 75 8
70 75 149
70 75 50
70 75 153
70 75 46
70 75 7
70 75 179
70 75 91
70 75 197
70 75 60
70 75 106
70 75 171
70 75 197
70 75 92
70 75 46
70 75 69
70 75 175
70 75 61
70 75 38
70 75 110
70 75 19
70 75 137
70 75 13
70 75 147
70 75 14
70 75 70
70 75 124
70 75 180
70 75 176
70 75 117
70 75 58
70 75 174
70 75 146
70 75 118
70 75 112
70 75 124
70 75 160
70 75 111
70 75 82
70 75 177
70 75 12
70 75 41
70 75 133
70 75 110
70 75 158
70 75 10
70 75 168
70 75 14
70 75 105
70 75 47
70 75 198
70 75 182
70 75 42
70 75 108
70 75 43
70 75 39
70 75 4
70 75 194
70 75 43
70 75 25
70 75 184
70 75 4
70 75 67
70 75 167
70 75 30
70 75 30
70 75 66
70 75 107
70 75 40
70 75 81
70 75 111
70 75 98
70 75 51
70 75 21
70 75 177
70 75 158
70 75 120
70 75 70
70 75 34
70 75 135
70 75 131
70 75 26
70 75 152
70 75 90
70 75 171
70 75 199
70 75 83
70 75 193
70 75 200
70 75 117
70 75 80
70 75 45
70 75 6
70 75 17
70 75 168
70 75 93
70 75 174
70 75 155
70 75 101
70 75 173
70 75 62
70 75 79
70 75 82
70 75 5
70 75 194
70 75 174
70 75 162
70 75 183
70 75 143
70 75 20
70 75 141
70 75 59
70 75 113
71 76 189
71 76 133
71 76 190
71 76 200
71 76 70
71 76 146
71 76 93
71 76 79
71 76 93
71 76 6
71 76 170
71 76 173
71 76 20
71 76 10
71 76 133
71 76 127
71 76 34
71 76 129
71 76 69
71 76 22
71 76 110
71 76 198
71 76 143
71 76 126
71 76 140
71 76 14
71 76 44
71 76 13
71 76 194
71 76 175
71 76 191
71 76 174
71 76 13
71 76 126
71 76 178
71 76 17
71 76 5
71 76 5
71 76 42
71 76 193
71 76 15
71 76 67
71 76 165
71 76 14
71 76 102
71 76 24
71 76 184
71 76 7
71 76 95
71 76 108
71 76 45
71 76 110
71 76 146
71 76 83
71 76 186
71 76 53
71 76 90
71 76 196
71 76 171
71 76 40
71 76 148
71 76 44
71 76 144
71 76 39
71 76 166
71 76 8
71 76 21
71 76 114
71 76 36
71 76 161
71 76 172
71 76 169
71 76 114
71 76 76
71 76 56
71 76 94
71 76 199
71 76 1
71 76 161
71 76 129
71 76 59
71 76 179
71 76 175
71 76 8
71 76 43
71 76 18
71 76 168
71 76 141
71 76 96
71 76 119
71 76 17
71 76 41
71 76 69
71 76 99
71 76 55
71 76 155
71 76 47
71 76 38
71 76 192
71 76 129
71 76 193
71 76 68
71 76 180
71 76 127
71 76 74
71 76 50
71 76 175
71 76 196
71 76 182
72 77 152
72 77 108
72 77 46
72 77 176
72 77 190
72 77 46
72 77 98
72 77 100
72 77 106
72 77 123
72 77 124
72 77 17
72 77 159
72 77 96
72 77 193
72 77 130
72 77 176
72 77 119
72 77 8
72 77 100
72 77 180
72 77 108
72 77 153
72 77 192
72 77 108
72 77 182
72 77 187
72 77 86
72 77 23
72 77 119
72 77 25
72 77 183
72 77 151
72 77 62
72 77 24
72 77 148
72 77 89
72 77 94
72 77 143
72 77 76
72 77 136
72 77 113
72 77 175
72 77 59
72 77 114
72 77 66
72 77 152
72 77 130
72 77 34
72 77 124
72 77 100
72 77 4
72 77 184
72 77 106
72 77 187
72 77 106
72 77 99
72 77 133
72 77 166
72 77 41
72 77 152
72 77 6
72 77 196
72 77 137
72 77 157
72 77 62
72 77 18
72 77 14
72 77 128
72 77 167
72 77 90
72 77 122
72 77 33
72 77 52
72 77 165
72 77 93
72 77 136
72 77 132
72 77 49
72 77 145
72 77 140
72 77 53
72 77 192
72 77 55
72 77 74
72 77 188
72 77 51
72 77 173
72 77 115
72 77 150
72 77 31
72 77 196
72 77 131
72 77 130
72 77 1
72 77 38
72 77 79
72 77 90
72 77 71
72 77 141
72 77 38
72 77 186
72 77 188
72 77 187
72 77 54
72 77 52
72 77 128
72 77 104
72 77 25
72 77 76
72 77 100
72 77 156
72 77 175
72 77 72
72 77 93
72 77 21
72 77 148
72 77 34
72 77 87
72 77 168
72 77 74
72 77 188
72 77 73
72 77 114
72 77 117
72 77 156
72 77 1
73 78 61
73 78 175
73 78 140
73 78 175
73 78 187
73 78 89
73 78 195
73 78 114
73 78 35
73 78 180
73 78 129
73 78 141
73 78 79
73 78 14
73 78 37
73 78 135
73 78 34
73 78 59
73 78 175
73 78 137
73 78 74
73 78 129
73 78 61
73 78 40
73 78 191
73 78 41
73 78 36
73 78 154
73 78 3
73 78 19
73 78 21
73 78 97
73 78 122
73 78 186
73 78 55
73 78 16
73 78 51
73 78 86
73 78 18
73 78 191
73 78 143
73 78 62
73 78 21
73 78 81
73 78 53
73 78 126
73 78 134
73 78 65
73 78 139
73 78 126
73 78 180
73 78 13
73 78 119
73 78 15
73 78 182
73 78 68
73 78 130
73 78 132
73 78 54
73 78 44
73 78 125
73 78 59
73 78 193
73 78 118
73 78 192
73 78 73
73 78 125
73 78 192
73 78 109
73 78 102
73 78 126
73 78 122
73 78 89
73 78 56
73 78 69
73 78 119
73 78 148
73 78 198
73 78 169
73 78 82
73 78 1
73 78 132
73 78 68
73 78 18
73 78 16
73 78 20
73 78 22
73 78 106
73 78 39
73 78 115
73 78 34
73 78 23
73 78 16
73 78 71
73 78 64
73 78 6
73 78 8
73 78 158
73 78 92
73 78 192
74 79 50
74 79 169
74 79 123
74 79 94
74 79 65
74 79 86
74 79 167
74 79 25
74 79 154
74 79 190
74 79 10
74 79 108
74 79 172
74 79 32
74 79 132
74 79 71
74 79 105
74 79 31
74 79 6
74 79 187
74 79 191
74 79 177
74 79 153
74 79 190
74 79 27
74 79 175
74 79 151
74 79 176
74 79 50
74 79 106
74 79 147
74 79 74
74 79 71
74 79 125
74 79 96
74 79 81
74 79 167
74 79 32
74 79 10
74 79 107
74 79 189
74 79 93
74 79 136
74 79 27
74 79 196
74 79 192
74 79 94
74 79 83
74 79 101
74 79 151
74 79 150
74 79 35
74 79 197
74 79 63
74 79 34
74 79 194
74 79 193
74 79 52
74 79 132
74 79 86
74 79 94
74 79 119
74 79 166
74 79 12
74 79 27
74 79 78
74 79 174
74 79 41
74 79 30
74 79 84
74 79 34
74 79 114
74 79 66
74 79 173
74 79 135
74 79 156
74 79 115
74 79 60
74 79 45
74 79 166
74 79 161
74 79 83
74 79 74
74 79 178
74 79 39
74 79 98
74 79 170
74 79 41
74 79 13
74 79 139
74 79 151
74 79 28
74 79 123
74 79 36
74 79 38
75 80 123
75 80 155
75 80 68
75 80 19
75 80 100
75 80 77
75 80 62
75 80 200
75 80 165
75 80 192
75 80 68
75 80 135
75 80 94
75 80 178
75 80 115
75 80 64
75 80 12
75 80 1
75 80 84
75 80 150
75 80 28
75 80 25
75 80 154
75 80 67
75 80 198
75 80 9
75 80 93
75 80 45
75 80 108
75 80 54
75 80 199
75 80 155
75 80 137
75 80 81
75 80 144
75 80 3
75 80 20
75 80 174
75 80 11
75 80 100
75 80 35
75 80 167
75 80 150
75 80 100
75 80 159
75 80 77
75 80 149
75 80 186
75 80 76
75 80 108
75 80 14
75 80 198
75 80 85
75 80 44
75 80 129
75 80 127
75 80 155
75 80 80
75 80 99
75 80 167
75 80 90
75 80 134
75 80 133
75 80 34
75 80 161
75 80 66
75 80 86
75 80 68
75 80 142
75 80 75
75 80 6
75 80 17
75 80 45
75 80 27
75 80 164
75 80 181
75 80 130
75 80 75
75 80 45
75 80 110
75 80 41
75 80 20
75 80 140
75 80 184
75 80 118
75 80 79
75 80 98
75 80 153
75 80 164
75 80 86
75 80 159
75 80 98
75 80 23
75 80 60
75 80 162
75 80 17
75 80 107
75 80 90
75 80 11
75 80 118
75 80 114
75 80 129
76 81 195
76 81 124
76 81 50
76 81 156
76 81 184
76 81 1
76 81 46
76 81 75
76 81 117
76 81 92
76 81 54
76 81 196
76 81 175
76 81 145
76 81 84
76 81 67
76 81 190
76 81 114
76 81 35
76 81 139
76 81 110
76 81 139
76 81 101
76 81 51
76 81 109
76 81 141
76 81 148
76 81 196
76 81 7
76 81 97
76 81 170
76 81 176
76 81 84
76 81 109
76 81 169
76 81 123
76 81 10
76 81 114
76 81 181
76 81 21
76 81 20
76 81 37
76 81 34
76 81 182
76 81 100
76 81 171
76 81 73
76 81 54
76 81 115
76 81 175
76 81 84
76 81 73
76 81 110
76 81 88
76 81 129
76 81 86
76 81 170
76 81 164
76 81 130
76 81 109
76 81 25
76 81 164
76 81 82
76 81 22
76 81 22
76 81 195
76 81 181
76 81 180
76 81 69
76 81 24
76 81 79
76 81 17
76 81 119
76 81 119
76 81 24
76 81 112
76 81 6
76 81 116
76 81 185
76 81 53
76 81 131
76 81 66
76 81 135
76 81 128
76 81 109
76 81 168
76 81 30
76 81 139
76 81 74
76 81 45
76 81 100
76 81 80
76 81 18
76 81 16
76 81 84
76 81 172
76 81 54
76 81 47
76 81 71
76 81 138
76 81 92
76 81 3
76 81 113
76 81 18
76 81 10
76 81 167
76 81 187
76 81 72
76 81 84
76 81 127
76 81 7
76 81 135
77 82 150
77 82 109
77 82 107
77 82 159
77 82 156
77 82 159
77 82 142
77 82 43
77 82 198
77 82 186
77 82 12
77 82 112
77 82 66
77 82 166
77 82 55
77 82 117
77 82 25
77 82 39
77 82 186
77 82 179
77 82 107
77 82 65
77 82 143
77 82 56
77 82 151
77 82 10
77 82 31
77 82 165
77 82 145
77 82 153
77 82 81
77 82 73
77 82 80
77 82 197
77 82 26
77 82 9
77 82 37
77 82 81
77 82 152
77 82 45
77 82 103
77 82 93
77 82 24
77 82 176
77 82 160
77 82 36
77 82 54
77 82 195
77 82 131
77 82 18
77 82 199
77 82 73
77 82 3
77 82 86
77 82 77
77 82 25
77 82 119
77 82 124
77 82 68
77 82 56
77 82 53
77 82 119
77 82 195
77 82 81
77 82 52
77 82 52
77 82 67
77 82 26
77 82 71
77 82 114
77 82 7
77 82 58
77 82 15
77 82 86
77 82 176
77 82 149
77 82 78
77 82 185
77 82 66
77 82 43
77 82 70
77 82 48
77 82 120
77 82 5
77 82 59
77 82 73
77 82 146
77 82 151
77 82 138
77 82 20
77 82 179
77 82 119
77 82 159
77 82 103
77 82 129
77 82 23
77 82 182
77 82 152
77 82 187
77 82 103
77 82 161
77 82 179
77 82 116
78 83 8
78 83 182
78 83 76
78 83 3
78 83 24
78 83 113
78 83 49
78 83 169
78 83 174
78 83 96
78 83 146
78 83 108
78 83 121
78 83 47
78 83 151
78 83 105
78 83 124
78 83 120
78 83 118
78 83 46
78 83 8
78 83 68
78 83 187
78 83 62
78 83 93
78 83 135
78 83 128
78 83 28
78 83 176
78 83 61
78 83 142
78 83 93
78 83 53
78 83 66
78 83 79
78 83 107
78 83 121
78 83 107
78 83 37
78 83 146
78 83 36
78 83 6
78 83 157
78 83 22
78 83 145
78 83 30
78 83 169
78 83 197
78 83 72
78 83 168
78 83 49
78 83 192
78 83 184
78 83 25
78 83 144
78 83 179
78 83 85
78 83 8
78 83 189
78 83 2
78 83 174
78 83 143
78 83 71
78 83 107
78 83 189
78 83 91
78 83 21
78 83 28
78 83 62
78 83 113
78 83 33
78 83 45
78 83 178
78 83 105
78 83 21
78 83 38
78 83 142
78 83 128
78 83 124
78 83 177
78 83 42
78 83 167
78 83 83
78 83 42
78 83 164
78 83 26
78 83 64
78 83 177
78 83 26
78 83 128
78 83 166
78 83 87
78 83 105
78 83 187
78 83 144
78 83 193
78 83 90
78 83 37
78 83 144
78 83 41
78 83 127
78 83 34
78 83 95
78 83 26
78 83 113
78 83 160
78 83 10
78 83 181
78 83 78
78 83 127
78 83 15
78 83 181
78 83 60
78 83 136
79 84 190
79 84 67
79 84 174
79 84 169
79 84 114
79 84 20
79 84 193
79 84 175
79 84 172
79 84 114
79 84 145
79 84 173
79 84 150
79 84 15
79 84 141
79 84 109
79 84 5
79 84 163
79 84 148
79 84 171
79 84 95
79 84 88
79 84 1
79 84 185
79 84 192
79 84 197
79 84 64
79 84 173
79 84 120
79 84 143
79 84 46
79 84 83
79 84 45
79 84 88
79 84 106
79 84 136
79 84 3
79 84 186
79 84 17
79 84 90
79 84 165
79 84 24
79 84 164
79 84 141
79 84 178
79 84 7
79 84 129
79 84 25
79 84 129
79 84 3
79 84 197
79 84 171
79 84 79
79 84 77
79 84 46
79 84 137
79 84 186
79 84 35
79 84 38
79 84 57
79 84 97
79 84 102
79 84 50
79 84 71
79 84 124
79 84 162
79 84 169
79 84 179
79 84 181
79 84 156
79 84 59
79 84 89
79 84 58
79 84 62
79 84 25
79 84 185
79 84 15
79 84 164
79 84 66
79 84 64
79 84 94
79 84 88
79 84 33
79 84 159
79 84 200
79 84 90
79 84 55
79 84 197
79 84 89
80 85 47
80 85 21
80 85 143
80 85 59
80 85 63
80 85 84
80 85 2
80 85 145
80 85 185
80 85 126
80 85 76
80 85 58
80 85 22
80 85 117
80 85 172
80 85 94
80 85 62
80 85 160
80 85 152
80 85 63
80 85 39
80 85 116
80 85 64
80 85 35
80 85 118
80 85 149
80 85 150
80 85 82
80 85 182
80 85 142
80 85 44
80 85 98
80 85 5
80 85 19
80 85 91
80 85 48
80 85 44
80 85 171
80 85 12
80 85 13
80 85 151
80 85 186
80 85 68
80 85 110
80 85 79
80 85 196
80 85 149
80 85 33
80 85 55
80 85 135
80 85 174
80 85 196
80 85 113
80 85 78
80 85 125
80 85 174
80 85 149
80 85 31
80 85 124
80 85 105
80 85 193
80 85 18
80 85 150
80 85 13
80 85 88
80 85 107
80 85 141
80 85 155
80 85 56
80 85 95
80 85 64
80 85 51
80 85 84
80 85 59
80 85 171
80 85 162
80 85 73
80 85 95
80 85 47
80 85 126
80 85 124
80 85 188
80 85 110
80 85 184
80 85 157
80 85 145
80 85 177
80 85 149
80 85 168
80 85 189
80 85 112
80 85 38
80 85 27
80 85 142
80 85 94
80 85 167
80 85 138
80 85 195
80 85 163
80 85 119
80 85 13
80 85 171
80 85 148
80 85 199
80 85 42
80 85 141
80 85 172
80 85 173
80 85 20
81 86 77
81 86 116
81 86 126
81 86 183
81 86 139
81 86 106
81 86 69
81 86 85
81 86 132
81 86 190
81 86 183
81 86 162
81 86 138
81 86 29
81 86 60
81 86 102
81 86 194
81 86 130
81 86 118
81 86 151
81 86 147
81 86 135
81 86 58
81 86 83
81 86 171
81 86 82
81 86 17
81 86 12
81 86 194
81 86 87
81 86 172
81 86 179
81 86 145
81 86 19
81 86 116
81 86 38
81 86 73
81 86 83
81 86 141
81 86 151
81 86 4
81 86 191
81 86 115
81 86 179
81 86 110
81 86 75
81 86 47
81 86 21
81 86 192
81 86 189
81 86 96
81 86 157
81 86 185
81 86 172
81 86 95
81 86 153
81 86 185
81 86 154
81 86 139
81 86 198
81 86 166
81 86 115
81 86 106
81 86 75
81 86 170
81 86 14
81 86 174
81 86 43
81 86 87
81 86 117
81 86 26
81 86 143
81 86 184
81 86 35
81 86 171
81 86 114
81 86 130
81 86 87
81 86 115
81 86 152
81 86 106
81 86 14
81 86 18
81 86 118
81 86 185
81 86 7
81 86 115
81 86 154
81 86 60
81 86 179
81 86 72
81 86 115
81 86 141
81 86 127
81 86 137
81 86 57
81 86 7
81 86 172
81 86 172
81 86 6
81 86 93
81 86 27
81 86 103
82 87 184
82 87 159
82 87 51
82 87 95
82 87 50
82 87 182
82 87 91
82 87 82
82 87 22
82 87 20
82 87 130
82 87 199
82 87 157
82 87 132
82 87 3
82 87 112
82 87 137
82 87 106
82 87 99
82 87 76
82 87 68
82 87 155
82 87 83
82 87 45
82 87 115
82 87 15
82 87 191
82 87 33
82 87 24
82 87 36
82 87 80
82 87 152
82 87 186
82 87 126
82 87 164
82 87 23
82 87 81
82 87 151
82 87 140
82 87 53
82 87 145
82 87 134
82 87 137
82 87 13
82 87 43
82 87 30
82 87 33
82 87 72
82 87 181
82 87 28
82 87 140
82 87 106
82 87 193
82 87 17
82 87 76
82 87 28
82 87 144
82 87 23
82 87 139
82 87 118
82 87 139
82 87 60
82 87 171
82 87 200
82 87 174
82 87 105
82 87 189
82 87 76
82 87 197
82 87 159
82 87 101
82 87 180
82 87 65
82 87 126
82 87 77
82 87 52
82 87 168
82 87 100
82 87 134
82 87 61
82 87 133
82 87 101
82 87 191
82 87 84
82 87 133
82 87 49
82 87 68
82 87 110
82 87 101
82 87 180
82 87 33
82 87 9
82 87 83
82 87 108
83 88 89
83 88 134
83 88 6
83 88 90
83 88 114
83 88 12
83 88 25
83 88 140
83 88 65
83 88 148
83 88 132
83 88 149
83 88 19
83 88 187
83 88 185
83 88 172
83 88 70
83 88 94
83 88 149
83 88 99
83 88 10
83 88 52
83 88 41
83 88 165
83 88 180
83 88 176
83 88 166
83 88 69
83 88 193
83 88 76
83 88 41
83 88 42
83 88 72
83 88 19
83 88 119
83 88 91
83 88 144
83 88 70
83 88 123
83 88 51
83 88 126
83 88 119
83 88 90
83 88 163
83 88 37
83 88 176
83 88 178
83 88 18
83 88 3
83 88 83
83 88 119
83 88 83
83 88 54
83 88 143
83 88 157
83 88 152
83 88 140
83 88 137
83 88 46
83 88 181
83 88 64
83 88 71
83 88 101
83 88 118
83 88 121
83 88 142
83 88 191
83 88 26
83 88 48
83 88 94
83 88 152
83 88 85
83 88 90
83 88 192
83 88 69
83 88 32
83 88 103
83 88 185
83 88 195
83 88 126
83 88 187
83 88 100
83 88 81
83 88 24
83 88 168
83 88 153
83 88 151
83 88 139
83 88 75
83 88 50
83 88 34
83 88 64
83 88 92
83 88 89
83 88 200
83 88 67
83 88 166
83 88 120
83 88 39
83 88 94
83 88 19
84 89 80
84 89 152
84 89 144
84 89 138
84 89 75
84 89 198
84 89 65
84 89 139
84 89 171
84 89 74
84 89 59
84 89 19
84 89 111
84 89 62
84 89 36
84 89 76
84 89 35
84 89 31
84 89 170
84 89 140
84 89 27
84 89 171
84 89 197
84 89 151
84 89 72
84 89 94
84 89 199
84 89 176
84 89 165
84 89 137
84 89 62
84 89 31
84 89 173
84 89 86
84 89 29
84 89 192
84 89 74
84 89 191
84 89 42
84 89 69
84 89 17
84 89 29
84 89 84
84 89 26
84 89 47
84 89 13
84 89 55
84 89 114
84 89 1
84 89 18
84 89 123
84 89 41
84 89 35
84 89 39
84 89 8
84 89 173
84 89 157
84 89 186
84 89 150
84 89 186
84 89 103
84 89 18
84 89 164
84 89 170
84 89 131
84 89 76
84 89 90
84 89 105
84 89 18
84 89 78
84 89 174
84 89 99
84 89 20
84 89 149
84 89 115
84 89 117
84 89 173
84 89 167
84 89 67
84 89 67
84 89 71
84 89 154
84 89 63
84 89 101
84 89 194
84 89 46
84 89 6
84 89 141
84 89 107
84 89 34
84 89 145
84 89 93
84 89 9
84 89 189
84 89 38
84 89 104
84 89 117
84 89 105
84 89 183
84 89 140
84 89 33
84 89 54
84 89 187
84 89 146
84 89 68
84 89 6
84 89 62
84 89 107
84 89 144
84 89 84
84 89 131
84 89 164
84 89 171
84 89 74
84 89 14
84 89 102
84 89 155
85 90 199
85 90 27
85 90 185
85 90 150
85 90 188
85 90 29
85 90 7
85 90 129
85 90 76
85 90 162
85 90 94
85 90 111
85 90 14
85 90 107
85 90 1
85 90 22
85 90 7
85 90 139
85 90 46
85 90 10
85 90 136
85 90 58
85 90 176
85 90 148
85 90 178
85 90 36
85 90 151
85 90 143
85 90 24
85 90 57
85 90 185
85 90 151
85 90 133
85 90 126
85 90 139
85 90 18
85 90 8
85 90 157
85 90 162
85 90 83
85 90 136
85 90 140
85 90 194
85 90 129
85 90 180
85 90 25
85 90 125
85 90 119
85 90 160
85 90 1
85 90 35
85 90 109
85 90 151
85 90 25
85 90 126
85 90 168
85 90 191
85 90 173
85 90 8
85 90 98
85 90 147
85 90 31
85 90 166
85 90 73
85 90 22
85 90 137
85 90 103
85 90 158
85 90 198
85 90 16
85 90 176
85 90 37
85 90 78
85 90 98
85 90 96
85 90 59
85 90 154
85 90 49
85 90 129
85 90 92
85 90 92
85 90 113
85 90 195
85 90 184
85 90 14
85 90 95
85 90 88
85 90 96
85 90 16
85 90 164
85 90 28
85 90 13
85 90 150
85 90 67
85 90 17
85 90 8
85 90 93
85 90 74
85 90 58
85 90 90
85 90 37
85 90 135
85 90 134
85 90 158
85 90 93
85 90 54
85 90 182
85 90 133
86 91 25
86 91 11
86 91 104
86 91 57
86 91 192
86 91 123
86 91 128
86 91 44
86 91 155
86 91 182
86 91 189
86 91 174
86 91 28
86 91 88
86 91 105
86 91 47
86 91 37
86 91 18
86 91 200
86 91 105
86 91 151
86 91 77
86 91 76
86 91 190
86 91 33
86 91 89
86 91 162
86 91 31
86 91 63
86 91 114
86 91 35
86 91 191
86 91 152
86 91 74
86 91 80
86 91 51
86 91 41
86 91 107
86 91 160
86 91 62
86 91 122
86 91 25
86 91 143
86 91 50
86 91 2
86 91 55
86 91 74
86 91 169
86 91 196
86 91 122
86 91 5
86 91 147
86 91 95
86 91 109
86 91 79
86 91 192
86 91 119
86 91 75
86 91 42
86 91 2
86 91 196
86 91 97
86 91 63
86 91 11
86 91 51
86 91 112
86 91 181
86 91 118
86 91 142
86 91 77
86 91 87
86 91 197
86 91 73
86 91 188
86 91 152
86 91 3
86 91 132
86 91 2
86 91 78
86 91 127
86 91 21
86 91 103
86 91 87
86 91 61
86 91 51
86 91 9
86 91 123
86 91 190
86 91 82
86 91 5
86 91 25
86 91 71
86 91 81
86 91 54
86 91 159
86 91 45
86 91 19
86 91 66
86 91 117
86 91 16
86 91 132
86 91 200
86 91 78
86 91 84
86 91 158
86 91 21
87 92 184
87 92 45
87 92 55
87 92 184
87 92 6
87 92 136
87 92 133
87 92 83
87 92 42
87 92 19
87 92 55
87 92 100
87 92 82
87 92 85
87 92 155
87 92 89
87 92 66
87 92 3
87 92 96
87 92 4
87 92 144
87 92 126
87 92 43
87 92 162
87 92 96
87 92 2
87 92 110
87 92 169
87 92 16
87 92 108
87 92 152
87 92 160
87 92 171
87 92 98
87 92 126
87 92 14
87 92 115
87 92 17
87 92 54
87 92 161
87 92 100
87 92 130
87 92 133
87 92 72
87 92 148
87 92 98
87 92 154
87 92 30
87 92 79
87 92 35
87 92 173
87 92 152
87 92 64
87 92 103
87 92 129
87 92 153
87 92 56
87 92 72
87 92 13
87 92 106
87 92 84
87 92 69
87 92 196
87 92 37
87 92 139
87 92 66
87 92 71
87 92 83
87 92 16
87 92 71
87 92 47
87 92 125
87 92 30
87 92 142
87 92 59
87 92 161
87 92 128
87 92 158
87 92 129
87 92 140
87 92 38
87 92 28
87 92 194
87 92 107
87 92 21
87 92 135
87 92 129
87 92 159
87 92 39
87 92 111
87 92 27
87 92 35
87 92 102
87 92 142
87 92 77
87 92 40
87 92 39
87 92 97
87 92 52
87 92 111
87 92 114
87 92 28
87 92 94
87 92 34
87 92 34
87 92 68
87 92 28
87 92 103
87 92 27
87 92 136
87 92 57
88 93 179
88 93 194
88 93 164
88 93 105
88 93 62
88 93 160
88 93 2
88 93 71
88 93 63
88 93 167
88 93 52
88 93 58
88 93 167
88 93 65
88 93 131
88 93 192
88 93 44
88 93 167
88 93 107
88 93 142
88 93 81
88 93 165
88 93 192
88 93 19
88 93 106
88 93 190
88 93 185
88 93 167
88 93 158
88 93 199
88 93 88
88 93 161
88 93 75
88 93 11
88 93 95
88 93 66
88 93 60
88 93 176
88 93 83
88 93 146
88 93 173
88 93 12
88 93 20
88 93 71
88 93 1
88 93 16
88 93 17
88 93 87
88 93 187
88 93 115
88 93 29
88 93 107
88 93 121
88 93 198
88 93 160
88 93 198
88 93 103
88 93 55
88 93 151
88 93 53
88 93 172
88 93 195
88 93 171
88 93 49
88 93 34
88 93 36
88 93 107
88 93 111
88 93 136
88 93 12
88 93 127
88 93 38
88 93 91
88 93 142
88 93 112
88 93 21
88 93 43
88 93 39
88 93 21
88 93 157
88 93 116
88 93 141
88 93 174
88 93 106
88 93 160
88 93 200
89 94 161
89 94 21
89 94 58
89 94 98
89 94 166
89 94 129
89 94 82
89 94 199
89 94 166
89 94 177
89 94 31
89 94 52
89 94 188
89 94 105
89 94 1
89 94 138
89 94 149
89 94 144
89 94 5
89 94 71
89 94 45
89 94 153
89 94 195
89 94 44
89 94 152
89 94 116
89 94 52
89 94 170
89 94 77
89 94 134
89 94 146
89 94 157
89 94 129
89 94 131
89 94 104
89 94 116
89 94 194
89 94 129
89 94 5
89 94 41
89 94 192
89 94 14
89 94 112
89 94 39
89 94 196
89 94 146
89 94 26
89 94 31
89 94 92
89 94 170
89 94 163
89 94 143
89 94 91
89 94 21
89 94 108
89 94 126
89 94 11
89 94 137
89 94 178
89 94 130
89 94 142
89 94 98
89 94 64
89 94 175
89 94 111
89 94 135
89 94 155
89 94 33
89 94 52
89 94 168
89 94 16
89 94 52
89 94 190
89 94 135
89 94 139
89 94 154
89 94 146
89 94 79
89 94 93
89 94 154
89 94 45
89 94 18
89 94 43
89 94 97
89 94 79
89 94 144
89 94 20
90 95 22
90 95 142
90 95 156
90 95 123
90 95 168
90 95 187
90 95 70
90 95 133
90 95 94
90 95 6
90 95 194
90 95 174
90 95 198
90 95 31
90 95 100
90 95 106
90 95 91
90 95 183
90 95 151
90 95 144
90 95 106
90 95 30
90 95 132
90 95 43
90 95 118
90 95 153
90 95 21
90 95 41
90 95 15
90 95 47
90 95 42
90 95 175
90 95 73
90 95 105
90 95 189
90 95 148
90 95 70
90 95 157
90 95 88
90 95 193
90 95 41
90 95 29
90 95 128
90 95 114
90 95 122
90 95 35
90 95 137
90 95 167
90 95 107
90 95 124
90 95 176
90 95 54
90 95 28
90 95 105
90 95 6
90 95 117
90 95 154
90 95 146
90 95 65
90 95 81
90 95 127
90 95 29
90 95 52
90 95 186
90 95 31
90 95 116
90 95 115
90 95 51
90 95 34
90 95 62
90 95 149
90 95 52
90 95 136
90 95 111
90 95 55
90 95 89
90 95 52
90 95 77
90 95 164
90 95 168
90 95 20
90 95 13
90 95 98
90 95 168
90 95 126
90 95 143
90 95 31
90 95 178
90 95 31
91 96 25
91 96 187
91 96 197
91 96 186
91 96 48
91 96 126
91 96 158
91 96 189
91 96 199
91 96 100
91 96 103
91 96 66
91 96 23
91 96 172
91 96 161
91 96 26
91 96 85
91 96 138
91 96 162
91 96 3
91 96 29
91 96 168
91 96 125
91 96 73
91 96 174
91 96 129
91 96 73
91 96 9
91 96 43
91 96 9
91 96 16
91 96 159
91 96 190
91 96 194
91 96 11
91 96 61
91 96 69
91 96 120
91 96 7
91 96 3
91 96 157
91 96 150
91 96 3
91 96 52
91 96 59
91 96 171
91 96 80
91 96 157
91 96 31
91 96 198
91 96 160
91 96 52
91 96 109
91 96 69
91 96 53
91 96 105
91 96 35
91 96 51
91 96 117
91 96 2
91 96 160
91 96 161
91 96 189
91 96 21
91 96 172
91 96 168
91 96 4
91 96 140
91 96 166
91 96 15
91 96 76
91 96 141
91 96 101
91 96 19
91 96 88
91 96 66
91 96 64
91 96 64
91 96 41
91 96 177
91 96 134
91 96 100
91 96 17
91 96 42
91 96 94
91 96 181
91 96 87
91 96 32
92 97 200
92 97 102
92 97 137
92 97 74
92 97 73
92 97 31
92 97 47
92 97 13
92 97 65
92 97 161
92 97 51
92 97 45
92 97 64
92 97 134
92 97 190
92 97 21
92 97 140
92 97 178
92 97 39
92 97 16
92 97 123
92 97 139
92 97 15
92 97 179
92 97 62
92 97 77
92 97 46
92 97 24
92 97 56
92 97 10
92 97 58
92 97 37
92 97 25
92 97 135
92 97 112
92 97 3
92 97 73
92 97 121
92 97 197
92 97 184
92 97 85
92 97 9
92 97 130
92 97 154
92 97 155
92 97 156
92 97 169
92 97 164
92 97 121
92 97 89
92 97 36
92 97 169
92 97 74
92 97 32
92 97 79
92 97 6
92 97 108
92 97 165
92 97 60
92 97 43
92 97 120
92 97 91
92 97 27
92 97 94
92 97 173
92 97 100
92 97 162
92 97 181
92 97 138
92 97 151
92 97 74
92 97 44
92 97 84
92 97 14
92 97 63
92 97 181
92 97 143
92 97 74
92 97 196
92 97 146
92 97 182
92 97 128
92 97 169
92 97 23
92 97 101
92 97 198
92 97 78
92 97 87
92 97 130
92 97 84
92 97 118
92 97 58
92 97 5
92 97 196
92 97 3
92 97 132
92 97 118
92 97 83
92 97 111
92 97 52
92 97 135
92 97 187
92 97 179
92 97 58
92 97 153
92 97 128
92 97 54
92 97 52
92 97 89
93 98 124
93 98 94
93 98 131
93 98 3
93 98 126
93 98 155
93 98 193
93 98 9
93 98 77
93 98 167
93 98 50
93 98 69
93 98 166
93 98 167
93 98 130
93 98 32
93 98 169
93 98 67
93 98 169
93 98 125
93 98 60
93 98 115
93 98 25
93 98 7
93 98 176
93 98 141
93 98 161
93 98 12
93 98 130
93 98 163
93 98 56
93 98 169
93 98 123
93 98 101
93 98 154
93 98 110
93 98 2
93 98 4
93 98 73
93 98 164
93 98 31
93 98 47
93 98 152
93 98 139
93 98 35
93 98 87
93 98 24
93 98 79
93 98 152
93 98 122
93 98 91
93 98 22
93 98 160
93 98 103
93 98 168
93 98 188
93 98 10
93 98 16
93 98 60
93 98 115
93 98 7
93 98 42
93 98 190
93 98 43
93 98 145
93 98 131
93 98 59
93 98 133
93 98 114
93 98 26
93 98 160
93 98 200
93 98 179
93 98 86
93 98 134
93 98 161
93 98 188
93 98 172
93 98 191
93 98 38
93 98 129
93 98 106
93 98 9
93 98 141
93 98 89
93 98 52
93 98 96
93 98 176
93 98 1
93 98 162
93 98 107
93 98 150
93 98 190
93 98 183
93 98 122
93 98 130
93 98 41
93 98 100
93 98 25
93 98 196
93 98 9
93 98 153
93 98 179
93 98 109
93 98 197
93 98 20
93 98 37
93 98 76
93 98 116
94 99 84
94 99 9
94 99 183
94 99 153
94 99 79
94 99 105
94 99 144
94 99 19
94 99 138
94 99 48
94 99 84
94 99 31
94 99 64
94 99 14
94 99 124
94 99 183
94 99 159
94 99 92
94 99 56
94 99 162
94 99 107
94 99 150
94 99 104
94 99 89
94 99 98
94 99 53
94 99 173
94 99 36
94 99 146
94 99 118
94 99 119
94 99 13
94 99 169
94 99 30
94 99 85
94 99 113
94 99 135
94 99 72
94 99 170
94 99 62
94 99 103
94 99 77
94 99 31
94 99 11
94 99 198
94 99 133
94 99 175
94 99 136
94 99 188
94 99 91
94 99 96
94 99 180
94 99 174
94 99 37
94 99 167
94 99 199
94 99 124
94 99 50
94 99 77
94 99 92
94 99 196
94 99 155
94 99 174
94 99 195
94 99 135
94 99 153
94 99 22
94 99 157
94 99 9
94 99 18
94 99 30
94 99 115
94 99 194
94 99 45
94 99 76
94 99 185
94 99 157
94 99 123
94 99 163
94 99 126
94 99 52
94 99 176
94 99 44
94 99 80
94 99 157
94 99 184
94 99 152
94 99 3
94 99 69
95 100 149
95 100 74
95 100 37
95 100 164
95 100 33
95 100 180
95 100 127
95 100 94
95 100 39
95 100 44
95 100 3
95 100 145
95 100 14
95 100 95
95 100 115
95 100 157
95 100 151
95 100 170
95 100 45
95 100 199
95 100 14
95 100 115
95 100 135
95 100 6
95 100 57
95 100 27
95 100 155
95 100 111
95 100 145
95 100 129
95 100 155
95 100 121
95 100 35
95 100 105
95 100 12
95 100 34
95 100 21
95 100 72
95 100 80
95 100 98
95 100 124
95 100 34
95 100 188
95 100 131
95 100 124
95 100 97
95 100 120
95 100 126
95 100 175
95 100 117
95 100 179
95 100 163
95 100 126
95 100 25
95 100 168
95 100 179
95 100 10
95 100 83
95 100 146
95 100 90
95 100 176
95 100 35
95 100 193
95 100 163
95 100 73
95 100 166
95 100 118
95 100 36
95 100 57
95 100 45
95 100 9
95 100 81
95 100 173
95 100 170
95 100 50
95 100 79
95 100 101
95 100 81
95 100 131
95 100 183
95 100 151
95 100 11
95 100 73
95 100 7
95 100 186
95 100 94
95 100 195
95 100 81
95 100 11
95 100 31
95 100 37
95 100 5
95 100 186
95 100 166
95 100 3
95 100 134
95 100 46
95 100 169
95 100 136
96 101 52
96 101 90
96 101 177
96 101 97
96 101 38
96 101 79
96 101 91
96 101 174
96 101 121
96 101 63
96 101 177
96 101 129
96 101 81
96 101 191
96 101 137
96 101 85
96 101 189
96 101 108
96 101 79
96 101 94
96 101 191
96 101 142
96 101 165
96 101 126
96 101 114
96 101 79
96 101 112
96 101 156
96 101 3
96 101 162
96 101 58
96 101 146
96 101 160
96 101 10
96 101 41
96 101 117
96 101 74
96 101 188
96 101 73
96 101 141
96 101 13
96 101 159
96 101 50
96 101 136
96 101 181
96 101 96
96 101 86
96 101 98
96 101 136
96 101 170
96 101 143
96 101 127
96 101 45
96 101 70
96 101 87
96 101 104
96 101 80
96 101 5
96 101 53
96 101 188
96 101 20
96 101 148
96 101 111
96 101 102
96 101 119
96 101 58
96 101 46
96 101 147
96 101 186
96 101 139
96 101 184
96 101 45
96 101 31
96 101 24
96 101 131
96 101 88
96 101 32
96 101 142
96 101 58
96 101 119
96 101 110
97 102 34
97 102 170
97 102 184
97 102 44
97 102 27
97 102 95
97 102 114
97 102 78
97 102 38
97 102 68
97 102 95
97 102 101
97 102 102
97 102 110
97 102 157
97 102 119
97 102 3
97 102 144
97 102 114
97 102 157
97 102 138
97 102 13
97 102 78
97 102 196
97 102 90
97 102 6
97 102 33
97 102 200
97 102 72
97 102 145
97 102 104
97 102 47
97 102 122
97 102 181
97 102 66
97 102 101
97 102 194
97 102 82
97 102 163
97 102 40
97 102 71
97 102 129
97 102 107
97 102 130
97 102 119
97 102 185
97 102 151
97 102 104
97 102 25
97 102 65
97 102 107
97 102 43
97 102 155
97 102 80
97 102 63
97 102 127
97 102 17
97 102 79
97 102 161
97 102 81
97 102 60
97 102 184
97 102 199
97 102 176
97 102 17
97 102 7
97 102 67
97 102 62
97 102 27
97 102 156
97 102 160
97 102 77
97 102 197
97 102 199
97 102 50
97 102 119
97 102 136
97 102 70
97 102 192
97 102 193
97 102 95
97 102 21
97 102 49
97 102 109
97 102 88
97 102 2
97 102 172
97 102 115
97 102 131
97 102 14
97 102 52
97 102 123
97 102 19
97 102 80
97 102 77
97 102 137
97 102 27
97 102 70
97 102 135
97 102 102
97 102 169
97 102 57
98 103 86
98 103 55
98 103 34
98 103 28
98 103 48
98 103 81
98 103 23
98 103 95
98 103 179
98 103 103
98 103 137
98 103 19
98 103 83
98 103 59
98 103 192
98 103 74
98 103 186
98 103 161
98 103 80
98 103 181
98 103 189
98 103 166
98 103 57
98 103 199
98 103 12
98 103 89
98 103 48
98 103 9
98 103 122
98 103 103
98 103 133
98 103 153
98 103 26
98 103 121
98 103 182
98 103 152
98 103 154
98 103 166
98 103 144
98 103 125
98 103 110
98 103 161
98 103 169
98 103 192
98 103 165
98 103 198
98 103 141
98 103 131
98 103 1
98 103 152
98 103 25
98 103 86
98 103 157
98 103 79
98 103 87
98 103 172
98 103 129
98 103 4
98 103 151
98 103 166
98 103 90
98 103 117
98 103 182
98 103 3
98 103 56
98 103 2
98 103 51
98 103 57
98 103 2
98 103 192
98 103 152
98 103 159
98 103 117
98 103 11
98 103 39
98 103 200
98 103 5
98 103 31
98 103 120
98 103 95
98 103 196
98 103 52
98 103 171
98 103 80
98 103 34
98 103 93
98 103 108
98 103 138
98 103 11
98 103 8
98 103 154
98 103 18
98 103 39
98 103 138
98 103 152
98 103 90
98 103 74
98 103 47
98 103 172
98 103 197
98 103 20
98 103 136
98 103 34
98 103 95
98 103 194
98 103 37
98 103 97
98 103 107
98 103 150
98 103 79
98 103 157
98 103 192
99 104 44
99 104 71
99 104 47
99 104 112
99 104 65
99 104 40
99 104 167
99 104 146
99 104 114
99 104 56
99 104 15
99 104 28
99 104 38
99 104 50
99 104 19
99 104 180
99 104 174
99 104 159
99 104 68
99 104 139
99 104 11
99 104 146
99 104 2
99 104 133
99 104 117
99 104 143
99 104 107
99 104 41
99 104 86
99 104 180
99 104 114
99 104 111
99 104 12
99 104 106
99 104 48
99 104 110
99 104 107
99 104 88
99 104 55
99 104 100
99 104 15
99 104 197
99 104 77
99 104 131
99 104 128
99 104 147
99 104 83
99 104 109
99 104 129
99 104 114
99 104 11
99 104 109
99 104 115
99 104 3
99 104 197
99 104 113
99 104 31
99 104 43
99 104 83
99 104 38
99 104 79
99 104 35
99 104 182
99 104 132
99 104 3
99 104 69
99 104 78
99 104 176
99 104 15
99 104 94
99 104 118
99 104 165
99 104 145
99 104 168
99 104 54
99 104 58
99 104 113
99 104 113
99 104 39
99 104 94
99 104 117
99 104 161
99 104 166
99 104 16
99 104 188
99 104 163
99 104 61
99 104 106
99 104 23
99 104 43
99 104 72
99 104 141
99 104 125
99 104 157
99 104 85
99 104 198
100 105 89
100 105 5
100 105 81
100 105 93
100 105 197
100 105 38
100 105 14
100 105 196
100 105 52
100 105 171
100 105 177
100 105 65
100 105 181
100 105 99
100 105 139
100 105 66
100 105 151
100 105 173
100 105 198
100 105 146
100 105 168
100 105 194
100 105 197
100 105 97
100 105 158
100 105 121
100 105 158
100 105 179
100 105 107
100 105 45
100 105 129
100 105 101
100 105 173
100 105 48
100 105 138
100 105 6
100 105 65
100 105 120
100 105 168
100 105 163
100 105 28
100 105 121
100 105 184
100 105 2
100 105 175
100 105 40
100 105 103
100 105 191
100 105 181
100 105 22
100 105 50
100 105 173
100 105 23
100 105 198
100 105 149
100 105 63
100 105 30
100 105 67
100 105 84
100 105 4
100 105 112
100 105 53
100 105 151
100 105 60
100 105 142
100 105 67
100 105 69
100 105 183
100 105 111
100 105 153
100 105 50
100 105 132
100 105 173
100 105 67
100 105 30
100 105 182
100 105 126
100 105 125
100 105 170
100 105 24
100 105 64
100 105 38
100 105 113
100 105 1
100 105 61
100 105 29
100 105 84
100 105 164
100 105 188
100 105 107
100 105 111
100 105 99
100 105 159
100 105 14
100 105 69
100 105 74
100 105 92
100 105 108
100 105 72
100 105 132
100 105 50
100 105 47
100 105 39
100 105 85
100 105 54
100 105 82
100 105 33
100 105 131
100 105 33
