10000 253827
1 6 97
1 6 65
1 6 133
1 6 132
1 6 107
1 6 151
1 6 161
1 6 15
1 6 171
1 6 124
1 6 100
1 6 98
1 6 183
1 6 128
1 6 57
1 6 13
1 6 158
1 6 112
1 6 44
1 6 48
1 6 72
1 6 147
1 6 91
1 6 61
1 6 156
1 6 199
1 6 108
1 6 120
1 6 172
1 6 82
1 6 118
1 6 89
1 6 94
1 6 125
1 6 59
1 6 116
1 6 129
1 6 145
1 6 105
1 6 127
1 6 58
1 6 179
1 6 81
1 6 180
1 6 15
1 6 184
1 6 87
1 6 38
1 6 146
1 6 12
1 6 65
1 6 66
1 6 156
1 6 80
1 6 134
1 6 117
1 6 199
1 6 102
1 6 77
1 6 141
1 6 11
1 6 112
1 6 67
1 6 28
1 6 172
1 6 200
1 6 115
1 6 118
1 6 38
1 6 67
1 6 166
1 6 196
1 6 199
1 6 53
1 6 51
1 6 160
1 6 126
1 6 75
1 6 82
1 6 121
1 6 66
1 6 111
1 6 1
1 6 151
1 6 122
1 6 4
1 6 115
1 6 58
1 6 52
1 6 52
1 6 7
1 6 80
1 6 119
1 6 194
1 6 152
1 6 31
1 6 4
1 6 173
1 6 9
1 6 76
1 6 93
1 6 61
1 6 13
1 6 111
1 6 110
1 6 149
1 6 42
2 7 141
2 7 111
2 7 47
2 7 155
2 7 64
2 7 77
2 7 79
2 7 145
2 7 170
2 7 4
2 7 12
2 7 28
2 7 24
2 7 95
2 7 98
2 7 74
2 7 191
2 7 152
2 7 24
2 7 200
2 7 200
2 7 108
2 7 22
2 7 22
2 7 13
2 7 25
2 7 61
2 7 162
2 7 13
2 7 50
2 7 135
2 7 8
2 7 104
2 7 142
2 7 131
2 7 52
2 7 183
2 7 71
2 7 5
2 7 84
2 7 14
2 7 177
2 7 99
2 7 162
2 7 28
2 7 4
2 7 158
2 7 33
2 7 179
2 7 11
2 7 170
2 7 150
2 7 6
2 7 70
2 7 103
2 7 141
2 7 181
2 7 153
2 7 6
2 7 59
2 7 4
2 7 4
2 7 56
2 7 80
2 7 24
2 7 183
2 7 29
2 7 47
2 7 19
2 7 198
2 7 79
2 7 183
2 7 164
2 7 121
2 7 35
2 7 21
2 7 16
2 7 161
2 7 42
2 7 47
2 7 35
2 7 150
2 7 140
2 7 57
2 7 13
2 7 34
2 7 109
2 7 127
2 7 4
2 7 44
2 7 163
2 7 56
2 7 77
2 7 198
2 7 18
2 7 61
2 7 9
2 7 123
2 7 2
2 7 120
2 7 19
2 7 140
2 7 116
2 7 71
3 8 181
3 8 135
3 8 48
3 8 44
3 8 61
3 8 99
3 8 140
3 8 185
3 8 140
3 8 60
3 8 196
3 8 28
3 8 140
3 8 200
3 8 131
3 8 36
3 8 88
3 8 96
3 8 135
3 8 25
3 8 145
3 8 66
3 8 26
3 8 116
3 8 194
3 8 73
3 8 149
3 8 69
3 8 61
3 8 169
3 8 155
3 8 184
3 8 21
3 8 39
3 8 55
3 8 137
3 8 143
3 8 133
3 8 14
3 8 145
3 8 43
3 8 72
3 8 92
3 8 72
3 8 104
3 8 102
3 8 170
3 8 89
3 8 57
3 8 9
3 8 138
3 8 107
3 8 152
3 8 97
3 8 141
3 8 198
3 8 184
3 8 73
3 8 25
3 8 48
3 8 60
3 8 47
3 8 95
3 8 11
3 8 26
3 8 30
3 8 149
3 8 90
3 8 190
3 8 106
3 8 118
3 8 142
3 8 171
3 8 119
3 8 80
3 8 151
3 8 114
3 8 163
3 8 65
3 8 35
3 8 27
3 8 90
3 8 28
3 8 180
3 8 51
3 8 30
3 8 140
3 8 165
3 8 134
3 8 81
3 8 49
3 8 174
3 8 176
3 8 20
3 8 15
3 8 93
3 8 91
3 8 150
3 8 188
3 8 176
3 8 159
3 8 175
3 8 103
3 8 133
3 8 39
4 9 45
4 9 114
4 9 86
4 9 78
4 9 182
4 9 199
4 9 9
4 9 17
4 9 130
4 9 15
4 9 41
4 9 43
4 9 9
4 9 101
4 9 191
4 9 110
4 9 121
4 9 148
4 9 96
4 9 92
4 9 140
4 9 133
4 9 178
4 9 199
4 9 27
4 9 129
4 9 123
4 9 143
4 9 135
4 9 46
4 9 39
4 9 10
4 9 120
4 9 77
4 9 177
4 9 62
4 9 54
4 9 162
4 9 103
4 9 82
4 9 140
4 9 142
4 9 13
4 9 13
4 9 129
4 9 3
4 9 63
4 9 97
4 9 159
4 9 155
4 9 79
4 9 6
4 9 188
4 9 16
4 9 71
4 9 91
4 9 49
4 9 142
4 9 98
4 9 100
4 9 49
4 9 11
4 9 128
4 9 26
4 9 162
4 9 8
4 9 19
4 9 95
4 9 149
4 9 114
4 9 200
4 9 79
4 9 148
4 9 160
4 9 85
4 9 58
4 9 96
4 9 10
4 9 24
4 9 170
4 9 118
4 9 11
4 9 129
4 9 145
4 9 116
4 9 82
4 9 92
4 9 128
4 9 105
4 9 6
4 9 48
4 9 40
4 9 198
4 9 40
4 9 182
4 9 159
4 9 150
4 9 62
5 10 195
5 10 58
5 10 191
5 10 41
5 10 43
5 10 96
5 10 30
5 10 48
5 10 77
5 10 71
5 10 141
5 10 163
5 10 193
5 10 187
5 10 61
5 10 71
5 10 110
5 10 140
5 10 174
5 10 26
5 10 152
5 10 20
5 10 60
5 10 125
5 10 4
5 10 98
5 10 88
5 10 19
5 10 169
5 10 182
5 10 171
5 10 118
5 10 8
5 10 135
5 10 184
5 10 6
5 10 88
5 10 3
5 10 193
5 10 143
5 10 108
5 10 49
5 10 111
5 10 187
5 10 44
5 10 44
5 10 12
5 10 127
5 10 17
5 10 66
5 10 85
5 10 175
5 10 61
5 10 179
5 10 44
5 10 25
5 10 86
5 10 73
5 10 42
5 10 187
5 10 171
5 10 24
5 10 141
5 10 142
5 10 168
5 10 22
5 10 10
5 10 43
5 10 158
5 10 61
5 10 137
5 10 35
5 10 136
5 10 52
5 10 190
5 10 15
5 10 26
5 10 77
5 10 68
5 10 122
5 10 117
5 10 13
5 10 177
5 10 127
5 10 6
5 10 190
5 10 108
5 10 92
5 10 154
5 10 116
5 10 58
5 10 194
5 10 35
5 10 198
5 10 148
5 10 132
5 10 38
6 11 170
6 11 50
6 11 156
6 11 66
6 11 93
6 11 13
6 11 11
6 11 74
6 11 48
6 11 178
6 11 160
6 11 91
6 11 38
6 11 3
6 11 4
6 11 197
6 11 93
6 11 127
6 11 133
6 11 156
6 11 46
6 11 13
6 11 163
6 11 61
6 11 135
6 11 16
6 11 97
6 11 195
6 11 155
6 11 189
6 11 32
6 11 128
6 11 165
6 11 19
6 11 72
6 11 200
6 11 103
6 11 47
6 11 7
6 11 82
6 11 130
6 11 150
6 11 90
6 11 4
6 11 25
6 11 147
6 11 20
6 11 192
6 11 119
6 11 104
6 11 52
6 11 141
6 11 139
6 11 169
6 11 102
6 11 83
6 11 143
6 11 194
6 11 130
6 11 89
6 11 40
6 11 63
6 11 97
6 11 114
6 11 175
6 11 191
6 11 28
6 11 126
6 11 156
6 11 162
6 11 194
6 11 36
6 11 41
6 11 95
6 11 96
6 11 76
6 11 83
6 11 60
6 11 182
6 11 77
6 11 129
6 11 159
6 11 77
6 11 77
6 11 152
6 11 91
7 12 190
7 12 27
7 12 134
7 12 36
7 12 132
7 12 59
7 12 120
7 12 194
7 12 19
7 12 120
7 12 190
7 12 25
7 12 194
7 12 22
7 12 163
7 12 181
7 12 179
7 12 40
7 12 49
7 12 65
7 12 108
7 12 129
7 12 101
7 12 112
7 12 116
7 12 52
7 12 166
7 12 64
7 12 85
7 12 116
7 12 61
7 12 141
7 12 42
7 12 146
7 12 25
7 12 122
7 12 122
7 12 100
7 12 186
7 12 18
7 12 116
7 12 144
7 12 194
7 12 70
7 12 9
7 12 195
7 12 160
7 12 81
7 12 74
7 12 108
7 12 67
7 12 89
7 12 98
7 12 29
7 12 22
7 12 100
7 12 137
7 12 146
7 12 34
7 12 115
7 12 33
7 12 108
7 12 90
7 12 20
7 12 47
7 12 168
7 12 97
7 12 183
7 12 3
7 12 197
7 12 57
7 12 197
7 12 85
7 12 166
7 12 104
7 12 163
7 12 102
7 12 35
7 12 7
7 12 88
7 12 164
7 12 48
7 12 20
7 12 186
7 12 137
7 12 141
7 12 32
7 12 46
7 12 182
7 12 159
7 12 142
7 12 11
7 12 97
8 13 189
8 13 122
8 13 182
8 13 38
8 13 37
8 13 108
8 13 109
8 13 29
8 13 68
8 13 159
8 13 40
8 13 26
8 13 195
8 13 7
8 13 32
8 13 123
8 13 50
8 13 71
8 13 32
8 13 130
8 13 198
8 13 91
8 13 96
8 13 7
8 13 84
8 13 151
8 13 46
8 13 100
8 13 40
8 13 188
8 13 72
8 13 11
8 13 139
8 13 135
8 13 63
8 13 83
8 13 174
8 13 159
8 13 105
8 13 76
8 13 151
8 13 196
8 13 68
8 13 55
8 13 41
8 13 175
8 13 12
8 13 32
8 13 45
8 13 170
8 13 60
8 13 58
8 13 185
8 13 195
8 13 159
8 13 165
8 13 21
8 13 18
8 13 21
8 13 159
8 13 88
8 13 51
8 13 55
8 13 8
8 13 196
8 13 151
8 13 40
8 13 199
8 13 113
8 13 174
8 13 190
8 13 104
8 13 67
8 13 19
8 13 46
8 13 30
8 13 139
8 13 140
8 13 6
8 13 6
8 13 84
8 13 166
8 13 110
8 13 111
8 13 133
8 13 36
8 13 109
8 13 38
8 13 31
8 13 70
8 13 113
8 13 188
9 14 53
9 14 125
9 14 50
9 14 157
9 14 21
9 14 119
9 14 148
9 14 50
9 14 128
9 14 168
9 14 165
9 14 104
9 14 114
9 14 55
9 14 97
9 14 173
9 14 192
9 14 96
9 14 90
9 14 117
9 14 188
9 14 153
9 14 27
9 14 64
9 14 78
9 14 155
9 14 148
9 14 157
9 14 188
9 14 178
9 14 186
9 14 155
9 14 87
9 14 164
9 14 52
9 14 54
9 14 197
9 14 86
9 14 127
9 14 199
9 14 94
9 14 21
9 14 160
9 14 77
9 14 2
9 14 141
9 14 173
9 14 20
9 14 50
9 14 5
9 14 33
9 14 80
9 14 123
9 14 37
9 14 24
9 14 99
9 14 65
9 14 163
9 14 168
9 14 3
9 14 116
9 14 167
9 14 155
9 14 55
9 14 161
9 14 14
9 14 90
9 14 83
9 14 130
9 14 143
9 14 108
9 14 200
9 14 125
9 14 50
9 14 99
9 14 159
9 14 154
9 14 109
9 14 118
9 14 135
9 14 194
9 14 95
9 14 76
9 14 29
9 14 4
9 14 120
9 14 150
9 14 97
9 14 126
9 14 188
10 15 29
10 15 92
10 15 85
10 15 172
10 15 75
10 15 195
10 15 127
10 15 187
10 15 173
10 15 154
10 15 162
10 15 98
10 15 98
10 15 15
10 15 136
10 15 83
10 15 107
10 15 139
10 15 26
10 15 183
10 15 73
10 15 191
10 15 101
10 15 125
10 15 55
10 15 47
10 15 191
10 15 18
10 15 178
10 15 37
10 15 77
10 15 190
10 15 3
10 15 72
10 15 196
10 15 167
10 15 61
10 15 16
10 15 118
10 15 69
10 15 133
10 15 59
10 15 135
10 15 63
10 15 44
10 15 57
10 15 71
10 15 151
10 15 193
10 15 165
10 15 82
10 15 135
10 15 126
10 15 146
10 15 125
10 15 62
10 15 95
10 15 125
10 15 137
10 15 75
10 15 187
10 15 198
10 15 44
10 15 128
10 15 39
10 15 132
10 15 2
10 15 173
10 15 97
10 15 88
10 15 125
10 15 152
10 15 43
10 15 62
10 15 125
10 15 149
10 15 87
10 15 81
10 15 102
10 15 116
10 15 128
10 15 15
10 15 16
10 15 46
10 15 172
10 15 71
10 15 85
10 15 15
10 15 90
10 15 102
10 15 50
10 15 186
10 15 2
10 15 73
10 15 18
10 15 94
10 15 77
10 15 165
10 15 132
10 15 100
11 16 16
11 16 143
11 16 37
11 16 157
11 16 194
11 16 115
11 16 57
11 16 20
11 16 48
11 16 148
11 16 168
11 16 65
11 16 165
11 16 76
11 16 138
11 16 171
11 16 142
11 16 99
11 16 33
11 16 150
11 16 187
11 16 59
11 16 66
11 16 41
11 16 73
11 16 74
11 16 122
11 16 49
11 16 197
11 16 63
11 16 152
11 16 2
11 16 200
11 16 134
11 16 128
11 16 21
11 16 159
11 16 96
11 16 109
11 16 152
11 16 67
11 16 73
11 16 6
11 16 107
11 16 45
11 16 99
11 16 163
11 16 124
11 16 52
11 16 2
11 16 192
11 16 199
11 16 33
11 16 166
11 16 77
11 16 75
11 16 98
11 16 66
11 16 128
11 16 97
11 16 173
11 16 144
11 16 40
11 16 39
11 16 159
11 16 154
11 16 35
11 16 147
11 16 31
11 16 143
11 16 200
11 16 191
11 16 111
11 16 89
11 16 124
11 16 178
11 16 103
11 16 122
11 16 71
11 16 145
11 16 49
11 16 131
11 16 42
11 16 26
11 16 35
11 16 58
11 16 12
11 16 152
11 16 166
11 16 137
11 16 50
11 16 75
11 16 101
11 16 174
11 16 6
11 16 33
11 16 107
11 16 46
11 16 88
11 16 120
11 16 97
11 16 115
11 16 103
11 16 48
11 16 164
11 16 93
11 16 29
11 16 140
11 16 16
11 16 78
11 16 79
11 16 103
11 16 152
11 16 182
11 16 63
11 16 132
11 16 191
11 16 125
11 16 10
11 16 120
12 17 64
12 17 50
12 17 6
12 17 30
12 17 54
12 17 78
12 17 48
12 17 63
12 17 80
12 17 114
12 17 62
12 17 34
12 17 66
12 17 191
12 17 10
12 17 9
12 17 194
12 17 119
12 17 50
12 17 54
12 17 173
12 17 54
12 17 80
12 17 121
12 17 193
12 17 195
12 17 87
12 17 46
12 17 117
12 17 81
12 17 50
12 17 31
12 17 147
12 17 121
12 17 176
12 17 107
12 17 48
12 17 199
12 17 149
12 17 158
12 17 16
12 17 96
12 17 42
12 17 9
12 17 151
12 17 142
12 17 44
12 17 33
12 17 19
12 17 41
12 17 9
12 17 43
12 17 176
12 17 165
12 17 129
12 17 61
12 17 109
12 17 128
12 17 14
12 17 86
12 17 36
12 17 187
12 17 144
12 17 66
12 17 141
12 17 200
12 17 1
12 17 100
12 17 134
12 17 11
12 17 137
12 17 174
12 17 109
12 17 103
12 17 25
12 17 76
12 17 42
12 17 150
12 17 40
12 17 195
12 17 15
12 17 155
12 17 56
12 17 122
12 17 34
12 17 109
12 17 131
12 17 100
12 17 58
13 18 192
13 18 96
13 18 195
13 18 169
13 18 11
13 18 167
13 18 99
13 18 139
13 18 161
13 18 12
13 18 198
13 18 74
13 18 54
13 18 32
13 18 90
13 18 73
13 18 151
13 18 89
13 18 186
13 18 155
13 18 9
13 18 3
13 18 167
13 18 32
13 18 124
13 18 43
13 18 3
13 18 129
13 18 35
13 18 116
13 18 48
13 18 47
13 18 118
13 18 1
13 18 118
13 18 67
13 18 200
13 18 148
13 18 176
13 18 140
13 18 177
13 18 80
13 18 49
13 18 13
13 18 187
13 18 25
13 18 56
13 18 30
13 18 51
13 18 71
13 18 148
13 18 92
13 18 81
13 18 149
13 18 54
13 18 8
13 18 80
13 18 62
13 18 52
13 18 97
13 18 94
13 18 50
13 18 103
13 18 143
13 18 161
13 18 117
13 18 192
13 18 200
13 18 97
13 18 41
13 18 119
13 18 185
13 18 25
13 18 170
13 18 92
13 18 27
13 18 170
13 18 71
13 18 82
13 18 16
13 18 179
13 18 34
13 18 90
13 18 150
13 18 157
13 18 30
13 18 23
13 18 186
13 18 103
14 19 149
14 19 181
14 19 51
14 19 114
14 19 183
14 19 15
14 19 178
14 19 64
14 19 173
14 19 120
14 19 35
14 19 70
14 19 119
14 19 108
14 19 99
14 19 112
14 19 130
14 19 155
14 19 53
14 19 103
14 19 94
14 19 96
14 19 117
14 19 115
14 19 117
14 19 149
14 19 186
14 19 81
14 19 72
14 19 195
14 19 18
14 19 39
14 19 70
14 19 27
14 19 5
14 19 33
14 19 168
14 19 83
14 19 23
14 19 139
14 19 163
14 19 74
14 19 20
14 19 25
14 19 167
14 19 96
14 19 126
14 19 133
14 19 171
14 19 71
14 19 109
14 19 139
14 19 178
14 19 8
14 19 84
14 19 113
14 19 135
14 19 145
14 19 164
14 19 175
14 19 186
14 19 119
14 19 48
14 19 71
14 19 199
14 19 144
14 19 72
14 19 50
14 19 105
14 19 134
14 19 119
14 19 184
14 19 159
14 19 89
14 19 85
14 19 142
14 19 120
14 19 59
14 19 162
14 19 59
14 19 174
14 19 4
14 19 53
14 19 21
14 19 35
14 19 199
14 19 197
14 19 200
14 19 1
14 19 82
14 19 165
14 19 15
14 19 163
14 19 19
14 19 178
14 19 3
14 19 75
14 19 75
14 19 165
14 19 139
14 19 114
14 19 62
14 19 94
14 19 179
14 19 53
14 19 91
14 19 7
14 19 134
14 19 163
15 20 48
15 20 55
15 20 151
15 20 179
15 20 88
15 20 81
15 20 185
15 20 91
15 20 47
15 20 77
15 20 185
15 20 9
15 20 6
15 20 83
15 20 140
15 20 100
15 20 172
15 20 32
15 20 147
15 20 33
15 20 84
15 20 61
15 20 6
15 20 191
15 20 70
15 20 35
15 20 152
15 20 192
15 20 73
15 20 139
15 20 139
15 20 84
15 20 155
15 20 29
15 20 199
15 20 1
15 20 18
15 20 78
15 20 191
15 20 20
15 20 79
15 20 136
15 20 77
15 20 165
15 20 23
15 20 128
15 20 61
15 20 161
15 20 122
15 20 50
15 20 84
15 20 133
15 20 51
15 20 147
15 20 121
15 20 66
15 20 179
15 20 153
15 20 88
15 20 31
15 20 14
15 20 31
15 20 8
15 20 44
15 20 3
15 20 179
15 20 167
15 20 71
15 20 140
15 20 26
15 20 48
15 20 193
15 20 52
15 20 170
15 20 90
15 20 181
15 20 88
15 20 141
15 20 36
15 20 35
15 20 18
15 20 28
15 20 33
15 20 199
15 20 14
15 20 57
15 20 116
15 20 6
15 20 119
15 20 198
15 20 38
15 20 30
15 20 193
15 20 91
15 20 169
15 20 164
15 20 51
15 20 177
15 20 33
15 20 146
15 20 68
15 20 166
15 20 194
15 20 165
15 20 182
15 20 162
15 20 12
15 20 75
16 21 178
16 21 174
16 21 199
16 21 169
16 21 59
16 21 145
16 21 90
16 21 43
16 21 98
16 21 36
16 21 112
16 21 62
16 21 34
16 21 121
16 21 106
16 21 199
16 21 134
16 21 134
16 21 113
16 21 158
16 21 27
16 21 44
16 21 139
16 21 159
16 21 8
16 21 124
16 21 63
16 21 16
16 21 103
16 21 190
16 21 59
16 21 119
16 21 173
16 21 143
16 21 107
16 21 176
16 21 182
16 21 140
16 21 60
16 21 177
16 21 181
16 21 85
16 21 91
16 21 40
16 21 153
16 21 120
16 21 84
16 21 83
16 21 68
16 21 192
16 21 108
16 21 135
16 21 147
16 21 109
16 21 134
16 21 100
16 21 134
16 21 108
16 21 187
16 21 106
16 21 66
16 21 82
16 21 85
16 21 163
16 21 142
16 21 161
16 21 171
16 21 192
16 21 21
16 21 123
16 21 150
16 21 200
16 21 54
16 21 113
16 21 77
16 21 47
16 21 53
16 21 183
16 21 90
16 21 68
16 21 162
16 21 6
16 21 68
16 21 62
16 21 119
16 21 100
16 21 143
16 21 57
16 21 132
16 21 26
16 21 144
16 21 82
16 21 19
16 21 80
16 21 101
17 22 3
17 22 154
17 22 45
17 22 171
17 22 129
17 22 22
17 22 13
17 22 28
17 22 129
17 22 73
17 22 61
17 22 156
17 22 147
17 22 137
17 22 100
17 22 61
17 22 160
17 22 58
17 22 18
17 22 15
17 22 47
17 22 93
17 22 63
17 22 57
17 22 28
17 22 63
17 22 97
17 22 122
17 22 142
17 22 92
17 22 2
17 22 137
17 22 3
17 22 111
17 22 179
17 22 38
17 22 98
17 22 92
17 22 100
17 22 127
17 22 41
17 22 185
17 22 186
17 22 157
17 22 155
17 22 41
17 22 142
17 22 86
17 22 175
17 22 167
17 22 167
17 22 33
17 22 118
17 22 15
17 22 141
17 22 97
17 22 100
17 22 195
17 22 33
17 22 83
17 22 105
17 22 64
17 22 65
17 22 59
17 22 95
17 22 13
17 22 24
17 22 67
17 22 104
17 22 4
17 22 115
17 22 164
17 22 84
17 22 198
17 22 2
17 22 161
17 22 167
17 22 174
17 22 148
17 22 160
17 22 84
17 22 86
17 22 172
17 22 19
17 22 185
17 22 64
17 22 191
17 22 51
17 22 172
17 22 120
18 23 156
18 23 155
18 23 150
18 23 88
18 23 138
18 23 111
18 23 11
18 23 7
18 23 34
18 23 194
18 23 65
18 23 11
18 23 91
18 23 28
18 23 73
18 23 196
18 23 12
18 23 104
18 23 142
18 23 162
18 23 99
18 23 106
18 23 75
18 23 21
18 23 11
18 23 2
18 23 132
18 23 142
18 23 5
18 23 189
18 23 57
18 23 174
18 23 13
18 23 142
18 23 151
18 23 84
18 23 58
18 23 8
18 23 14
18 23 171
18 23 61
18 23 23
18 23 153
18 23 156
18 23 129
18 23 108
18 23 58
18 23 61
18 23 97
18 23 119
18 23 59
18 23 58
18 23 130
18 23 141
18 23 52
18 23 117
18 23 157
18 23 21
18 23 74
18 23 147
18 23 62
18 23 72
18 23 61
18 23 159
18 23 185
18 23 154
18 23 64
18 23 29
18 23 39
18 23 30
18 23 111
18 23 57
18 23 24
18 23 76
18 23 57
18 23 11
18 23 53
18 23 65
18 23 169
18 23 172
18 23 101
18 23 193
18 23 24
18 23 126
18 23 118
18 23 81
18 23 196
18 23 1
18 23 151
18 23 121
18 23 66
18 23 29
18 23 17
18 23 142
18 23 144
18 23 64
18 23 132
18 23 69
18 23 82
18 23 157
18 23 1
18 23 141
18 23 169
19 24 19
19 24 115
19 24 38
19 24 30
19 24 98
19 24 84
19 24 122
19 24 41
19 24 116
19 24 93
19 24 16
19 24 121
19 24 105
19 24 93
19 24 148
19 24 168
19 24 11
19 24 92
19 24 42
19 24 65
19 24 29
19 24 28
19 24 181
19 24 128
19 24 100
19 24 27
19 24 145
19 24 81
19 24 45
19 24 104
19 24 21
19 24 48
19 24 200
19 24 110
19 24 197
19 24 15
19 24 153
19 24 140
19 24 96
19 24 85
19 24 131
19 24 198
19 24 130
19 24 60
19 24 129
19 24 34
19 24 59
19 24 165
19 24 106
19 24 23
19 24 12
19 24 200
19 24 156
19 24 146
19 24 17
19 24 173
19 24 173
19 24 156
19 24 194
19 24 108
19 24 188
19 24 52
19 24 52
19 24 115
19 24 41
19 24 102
19 24 196
19 24 136
19 24 197
19 24 10
19 24 154
19 24 19
19 24 33
19 24 136
19 24 185
19 24 3
19 24 110
19 24 193
19 24 191
19 24 45
19 24 10
19 24 159
19 24 22
19 24 174
19 24 74
19 24 28
19 24 25
19 24 36
19 24 18
19 24 26
19 24 73
19 24 81
19 24 100
19 24 56
19 24 199
19 24 3
19 24 193
19 24 119
19 24 151
19 24 196
19 24 87
19 24 199
19 24 62
19 24 40
19 24 85
19 24 9
19 24 35
19 24 60
19 24 101
19 24 104
19 24 191
19 24 145
19 24 86
19 24 16
19 24 178
19 24 69
20 25 108
20 25 143
20 25 91
20 25 172
20 25 152
20 25 105
20 25 112
20 25 111
20 25 47
20 25 148
20 25 185
20 25 67
20 25 200
20 25 108
20 25 113
20 25 52
20 25 57
20 25 180
20 25 114
20 25 132
20 25 25
20 25 175
20 25 11
20 25 113
20 25 41
20 25 131
20 25 132
20 25 7
20 25 120
20 25 146
20 25 42
20 25 158
20 25 175
20 25 18
20 25 14
20 25 58
20 25 92
20 25 51
20 25 147
20 25 40
20 25 51
20 25 127
20 25 166
20 25 59
20 25 68
20 25 64
20 25 70
20 25 78
20 25 138
20 25 153
20 25 88
20 25 10
20 25 90
20 25 27
20 25 186
20 25 58
20 25 80
20 25 91
20 25 38
20 25 2
20 25 161
20 25 120
20 25 46
20 25 183
20 25 198
20 25 85
20 25 118
20 25 160
20 25 1
20 25 131
20 25 12
20 25 108
20 25 43
20 25 62
20 25 184
20 25 4
20 25 143
20 25 189
20 25 99
20 25 88
20 25 156
20 25 94
20 25 133
20 25 60
20 25 82
20 25 64
20 25 12
20 25 51
20 25 148
20 25 183
20 25 59
20 25 96
20 25 140
20 25 18
20 25 45
20 25 21
20 25 58
20 25 18
20 25 85
20 25 27
20 25 161
20 25 189
20 25 28
20 25 152
20 25 86
21 26 73
21 26 118
21 26 144
21 26 188
21 26 120
21 26 147
21 26 10
21 26 20
21 26 90
21 26 181
21 26 196
21 26 6
21 26 149
21 26 80
21 26 173
21 26 144
21 26 171
21 26 87
21 26 14
21 26 161
21 26 177
21 26 125
21 26 20
21 26 140
21 26 21
21 26 35
21 26 164
21 26 60
21 26 77
21 26 41
21 26 139
21 26 153
21 26 120
21 26 182
21 26 26
21 26 30
21 26 100
21 26 131
21 26 177
21 26 88
21 26 90
21 26 51
21 26 150
21 26 35
21 26 69
21 26 142
21 26 171
21 26 134
21 26 91
21 26 37
21 26 78
21 26 166
21 26 9
21 26 184
21 26 137
21 26 113
21 26 13
21 26 103
21 26 9
21 26 32
21 26 22
21 26 55
21 26 139
21 26 74
21 26 22
21 26 136
21 26 137
21 26 131
21 26 191
21 26 79
21 26 57
21 26 172
21 26 94
21 26 1
21 26 91
21 26 44
21 26 158
21 26 179
21 26 101
21 26 145
21 26 147
21 26 13
21 26 26
21 26 24
21 26 76
21 26 173
21 26 21
21 26 140
21 26 138
21 26 146
22 27 162
22 27 104
22 27 63
22 27 99
22 27 189
22 27 60
22 27 161
22 27 184
22 27 24
22 27 176
22 27 165
22 27 23
22 27 154
22 27 108
22 27 26
22 27 75
22 27 29
22 27 189
22 27 93
22 27 191
22 27 98
22 27 183
22 27 116
22 27 75
22 27 71
22 27 32
22 27 20
22 27 1
22 27 139
22 27 171
22 27 97
22 27 149
22 27 199
22 27 103
22 27 130
22 27 175
22 27 116
22 27 170
22 27 145
22 27 195
22 27 154
22 27 88
22 27 103
22 27 6
22 27 97
22 27 128
22 27 93
22 27 21
22 27 153
22 27 144
22 27 92
22 27 67
22 27 147
22 27 167
22 27 14
22 27 156
22 27 43
22 27 115
22 27 68
22 27 181
22 27 168
22 27 144
22 27 161
22 27 130
22 27 115
22 27 44
22 27 125
22 27 32
22 27 114
22 27 148
22 27 18
22 27 59
22 27 28
23 28 8
23 28 176
23 28 58
23 28 102
23 28 104
23 28 128
23 28 18
23 28 51
23 28 159
23 28 73
23 28 79
23 28 187
23 28 191
23 28 156
23 28 43
23 28 114
23 28 126
23 28 157
23 28 1
23 28 46
23 28 108
23 28 37
23 28 117
23 28 16
23 28 200
23 28 61
23 28 105
23 28 134
23 28 162
23 28 43
23 28 27
23 28 47
23 28 33
23 28 24
23 28 17
23 28 5
23 28 99
23 28 126
23 28 70
23 28 14
23 28 147
23 28 85
23 28 113
23 28 151
23 28 17
23 28 96
23 28 47
23 28 165
23 28 175
23 28 148
23 28 144
23 28 200
23 28 112
23 28 53
23 28 107
23 28 119
23 28 87
23 28 119
23 28 84
23 28 90
23 28 71
23 28 100
23 28 163
23 28 15
23 28 85
23 28 200
23 28 189
23 28 168
23 28 128
23 28 88
23 28 11
23 28 72
23 28 44
23 28 64
23 28 58
23 28 15
23 28 87
23 28 91
23 28 137
23 28 163
23 28 133
23 28 56
23 28 25
23 28 124
23 28 122
23 28 39
23 28 93
23 28 78
23 28 179
23 28 188
23 28 197
23 28 72
23 28 84
23 28 16
23 28 43
23 28 12
23 28 103
23 28 183
23 28 54
23 28 8
23 28 142
23 28 80
23 28 180
23 28 89
23 28 184
23 28 40
23 28 2
23 28 151
23 28 177
23 28 147
23 28 80
24 29 2
24 29 200
24 29 121
24 29 79
24 29 76
24 29 94
24 29 31
24 29 144
24 29 100
24 29 151
24 29 138
24 29 188
24 29 137
24 29 197
24 29 113
24 29 93
24 29 65
24 29 109
24 29 178
24 29 64
24 29 108
24 29 148
24 29 126
24 29 55
24 29 68
24 29 56
24 29 19
24 29 60
24 29 112
24 29 148
24 29 118
24 29 160
24 29 168
24 29 38
24 29 155
24 29 94
24 29 22
24 29 96
24 29 39
24 29 125
24 29 140
24 29 55
24 29 37
24 29 97
24 29 149
24 29 197
24 29 121
24 29 95
24 29 169
24 29 26
24 29 162
24 29 7
24 29 5
24 29 74
24 29 186
24 29 22
24 29 92
24 29 45
24 29 131
24 29 82
24 29 6
24 29 27
24 29 19
24 29 98
24 29 189
24 29 59
24 29 105
24 29 191
24 29 169
24 29 140
24 29 116
24 29 129
24 29 131
24 29 82
24 29 181
24 29 45
24 29 7
24 29 62
24 29 12
24 29 73
24 29 184
24 29 119
24 29 103
24 29 136
24 29 135
24 29 113
24 29 142
24 29 85
24 29 175
24 29 75
24 29 76
24 29 193
24 29 179
24 29 119
24 29 106
24 29 152
25 30 161
25 30 150
25 30 185
25 30 121
25 30 20
25 30 112
25 30 81
25 30 182
25 30 24
25 30 59
25 30 122
25 30 128
25 30 200
25 30 184
25 30 189
25 30 152
25 30 133
25 30 14
25 30 97
25 30 169
25 30 53
25 30 82
25 30 145
25 30 88
25 30 72
25 30 98
25 30 199
25 30 147
25 30 191
25 30 52
25 30 123
25 30 50
25 30 94
25 30 94
25 30 11
25 30 199
25 30 62
25 30 195
25 30 28
25 30 118
25 30 182
25 30 67
25 30 136
25 30 132
25 30 170
25 30 154
25 30 181
25 30 156
25 30 31
25 30 98
25 30 27
25 30 68
25 30 45
25 30 124
25 30 52
25 30 12
25 30 103
25 30 199
25 30 115
25 30 200
25 30 3
25 30 109
25 30 147
25 30 138
25 30 141
25 30 101
25 30 193
25 30 136
25 30 80
25 30 59
25 30 172
25 30 156
25 30 52
25 30 68
25 30 58
25 30 55
25 30 41
25 30 24
25 30 161
25 30 144
25 30 36
25 30 39
25 30 159
25 30 47
25 30 164
25 30 8
25 30 26
25 30 58
25 30 69
25 30 17
25 30 29
25 30 24
25 30 100
25 30 25
25 30 194
25 30 51
25 30 168
25 30 53
25 30 97
25 30 152
25 30 141
25 30 1
25 30 15
25 30 153
25 30 180
25 30 96
25 30 178
25 30 178
26 31 192
26 31 92
26 31 33
26 31 81
26 31 26
26 31 55
26 31 173
26 31 69
26 31 172
26 31 151
26 31 36
26 31 79
26 31 97
26 31 100
26 31 151
26 31 164
26 31 99
26 31 149
26 31 120
26 31 36
26 31 181
26 31 105
26 31 159
26 31 61
26 31 1
26 31 171
26 31 35
26 31 160
26 31 87
26 31 58
26 31 97
26 31 180
26 31 32
26 31 139
26 31 121
26 31 92
26 31 100
26 31 144
26 31 37
26 31 159
26 31 14
26 31 157
26 31 7
26 31 135
26 31 13
26 31 162
26 31 152
26 31 2
26 31 197
26 31 68
26 31 3
26 31 192
26 31 143
26 31 169
26 31 131
26 31 136
26 31 23
26 31 196
26 31 10
26 31 36
26 31 60
26 31 184
26 31 85
26 31 166
26 31 91
26 31 197
26 31 136
26 31 92
26 31 146
26 31 106
26 31 197
26 31 133
26 31 186
26 31 73
26 31 37
26 31 145
26 31 143
26 31 41
26 31 152
26 31 169
26 31 65
26 31 164
26 31 13
26 31 86
26 31 89
26 31 26
26 31 188
26 31 18
26 31 192
27 32 95
27 32 87
27 32 185
27 32 101
27 32 173
27 32 153
27 32 138
27 32 105
27 32 28
27 32 73
27 32 196
27 32 85
27 32 126
27 32 32
27 32 150
27 32 48
27 32 153
27 32 107
27 32 143
27 32 192
27 32 92
27 32 114
27 32 156
27 32 149
27 32 165
27 32 143
27 32 100
27 32 43
27 32 174
27 32 131
27 32 70
27 32 175
27 32 83
27 32 162
27 32 187
27 32 77
27 32 197
27 32 128
27 32 112
27 32 101
27 32 16
27 32 94
27 32 122
27 32 172
27 32 109
27 32 100
27 32 125
27 32 103
27 32 161
27 32 54
27 32 65
27 32 77
27 32 143
27 32 94
27 32 164
27 32 71
27 32 60
27 32 94
27 32 2
27 32 58
27 32 165
27 32 25
27 32 36
27 32 21
27 32 122
27 32 30
27 32 149
27 32 162
27 32 23
27 32 171
27 32 66
27 32 135
27 32 192
27 32 86
27 32 130
27 32 79
27 32 190
27 32 153
27 32 43
27 32 59
27 32 184
27 32 11
27 32 192
27 32 94
27 32 76
27 32 108
27 32 10
27 32 74
27 32 138
27 32 117
28 33 42
28 33 177
28 33 90
28 33 178
28 33 148
28 33 141
28 33 108
28 33 192
28 33 166
28 33 67
28 33 144
28 33 83
28 33 130
28 33 142
28 33 81
28 33 194
28 33 183
28 33 132
28 33 65
28 33 184
28 33 137
28 33 91
28 33 131
28 33 16
28 33 119
28 33 36
28 33 186
28 33 168
28 33 4
28 33 72
28 33 114
28 33 152
28 33 94
28 33 86
28 33 50
28 33 39
28 33 162
28 33 28
28 33 171
28 33 79
28 33 32
28 33 151
28 33 14
28 33 35
28 33 143
28 33 107
28 33 193
28 33 136
28 33 8
28 33 128
28 33 15
28 33 6
28 33 165
28 33 71
28 33 40
28 33 173
28 33 109
28 33 39
28 33 127
28 33 22
28 33 91
28 33 136
28 33 2
28 33 180
28 33 100
28 33 163
28 33 131
28 33 157
28 33 186
28 33 7
28 33 130
28 33 65
28 33 179
28 33 38
28 33 190
28 33 95
28 33 165
28 33 179
28 33 88
28 33 160
28 33 77
28 33 118
28 33 157
28 33 152
28 33 165
28 33 5
28 33 134
28 33 116
28 33 10
29 34 52
29 34 139
29 34 43
29 34 117
29 34 163
29 34 59
29 34 34
29 34 62
29 34 12
29 34 61
29 34 112
29 34 53
29 34 186
29 34 15
29 34 147
29 34 30
29 34 38
29 34 145
29 34 36
29 34 23
29 34 69
29 34 39
29 34 39
29 34 47
29 34 186
29 34 167
29 34 186
29 34 97
29 34 7
29 34 39
29 34 60
29 34 37
29 34 77
29 34 112
29 34 20
29 34 34
29 34 103
29 34 47
29 34 23
29 34 94
29 34 50
29 34 3
29 34 71
29 34 179
29 34 165
29 34 149
29 34 81
29 34 103
29 34 66
29 34 8
29 34 144
29 34 27
29 34 164
29 34 46
29 34 23
29 34 93
29 34 81
29 34 53
29 34 1
29 34 118
29 34 20
29 34 20
29 34 83
29 34 150
29 34 56
29 34 103
29 34 80
29 34 42
29 34 149
29 34 138
29 34 75
29 34 174
29 34 157
29 34 158
29 34 186
29 34 66
29 34 108
29 34 150
29 34 8
29 34 166
29 34 146
29 34 125
29 34 57
29 34 56
29 34 168
29 34 45
29 34 27
29 34 83
29 34 73
29 34 71
29 34 30
29 34 124
29 34 99
29 34 43
29 34 168
29 34 108
29 34 11
29 34 61
29 34 130
29 34 144
29 34 119
29 34 159
29 34 159
29 34 103
29 34 177
29 34 127
29 34 129
29 34 150
29 34 79
29 34 164
29 34 110
29 34 66
29 34 86
30 35 97
30 35 168
30 35 153
30 35 134
30 35 19
30 35 126
30 35 3
30 35 92
30 35 95
30 35 107
30 35 101
30 35 120
30 35 68
30 35 3
30 35 85
30 35 112
30 35 151
30 35 8
30 35 200
30 35 189
30 35 19
30 35 135
30 35 75
30 35 156
30 35 53
30 35 79
30 35 71
30 35 160
30 35 153
30 35 171
30 35 128
30 35 31
30 35 93
30 35 83
30 35 33
30 35 98
30 35 46
30 35 36
30 35 178
30 35 158
30 35 80
30 35 107
30 35 113
30 35 160
30 35 131
30 35 47
30 35 139
30 35 162
30 35 36
30 35 24
30 35 93
30 35 52
30 35 8
30 35 153
30 35 20
30 35 100
30 35 49
30 35 165
30 35 25
30 35 89
30 35 184
30 35 82
30 35 44
30 35 16
30 35 183
30 35 98
30 35 146
30 35 37
30 35 33
30 35 166
30 35 141
30 35 40
30 35 167
30 35 189
30 35 74
30 35 125
30 35 131
30 35 3
30 35 186
30 35 134
30 35 20
30 35 32
30 35 111
30 35 62
30 35 106
30 35 150
30 35 107
30 35 107
30 35 131
30 35 9
30 35 142
30 35 38
30 35 172
30 35 186
30 35 170
30 35 190
30 35 172
30 35 96
30 35 123
30 35 126
30 35 106
30 35 178
30 35 20
30 35 49
30 35 106
30 35 44
30 35 37
30 35 40
30 35 170
31 36 94
31 36 83
31 36 126
31 36 15
31 36 127
31 36 182
31 36 4
31 36 40
31 36 62
31 36 18
31 36 135
31 36 190
31 36 44
31 36 26
31 36 48
31 36 158
31 36 199
31 36 14
31 36 112
31 36 142
31 36 104
31 36 132
31 36 157
31 36 130
31 36 64
31 36 36
31 36 186
31 36 181
31 36 142
31 36 113
31 36 4
31 36 200
31 36 56
31 36 70
31 36 60
31 36 178
31 36 31
31 36 142
31 36 150
31 36 166
31 36 87
31 36 186
31 36 200
31 36 6
31 36 108
31 36 16
31 36 71
31 36 195
31 36 131
31 36 187
31 36 157
31 36 96
31 36 46
31 36 119
31 36 157
31 36 102
31 36 39
31 36 133
31 36 154
31 36 157
31 36 83
31 36 8
31 36 93
31 36 195
31 36 134
31 36 147
31 36 68
31 36 174
31 36 67
31 36 129
31 36 105
31 36 178
31 36 42
31 36 27
31 36 114
31 36 186
31 36 145
31 36 64
31 36 123
31 36 15
31 36 129
31 36 10
31 36 164
31 36 128
31 36 12
31 36 169
31 36 95
31 36 142
31 36 131
31 36 190
31 36 199
31 36 85
31 36 105
31 36 62
31 36 2
31 36 28
31 36 44
32 37 58
32 37 73
32 37 146
32 37 9
32 37 33
32 37 152
32 37 108
32 37 112
32 37 29
32 37 32
32 37 74
32 37 70
32 37 122
32 37 99
32 37 65
32 37 93
32 37 191
32 37 112
32 37 196
32 37 41
32 37 42
32 37 164
32 37 144
32 37 64
32 37 138
32 37 185
32 37 115
32 37 44
32 37 47
32 37 109
32 37 122
32 37 188
32 37 46
32 37 179
32 37 172
32 37 139
32 37 197
32 37 98
32 37 163
32 37 186
32 37 120
32 37 188
32 37 111
32 37 25
32 37 198
32 37 161
32 37 122
32 37 19
32 37 117
32 37 98
32 37 146
32 37 7
32 37 75
32 37 64
32 37 44
32 37 137
32 37 172
32 37 119
32 37 158
32 37 77
32 37 10
32 37 189
32 37 140
32 37 73
32 37 173
32 37 135
32 37 67
32 37 62
32 37 26
32 37 19
32 37 137
32 37 145
32 37 47
32 37 172
32 37 120
32 37 93
32 37 82
32 37 50
32 37 79
32 37 16
32 37 53
32 37 195
32 37 195
32 37 101
32 37 185
32 37 190
32 37 21
32 37 14
32 37 181
32 37 16
32 37 164
32 37 26
32 37 165
32 37 65
32 37 144
32 37 157
32 37 170
32 37 58
32 37 79
32 37 56
32 37 146
32 37 156
32 37 93
32 37 29
32 37 178
32 37 112
32 37 133
32 37 84
32 37 86
32 37 65
32 37 149
32 37 4
32 37 121
33 38 159
33 38 20
33 38 124
33 38 195
33 38 170
33 38 119
33 38 23
33 38 199
33 38 196
33 38 77
33 38 114
33 38 73
33 38 35
33 38 46
33 38 149
33 38 80
33 38 117
33 38 10
33 38 153
33 38 30
33 38 84
33 38 106
33 38 111
33 38 55
33 38 200
33 38 140
33 38 144
33 38 65
33 38 172
33 38 35
33 38 176
33 38 184
33 38 159
33 38 135
33 38 62
33 38 28
33 38 165
33 38 46
33 38 115
33 38 153
33 38 143
33 38 64
33 38 48
33 38 114
33 38 81
33 38 152
33 38 168
33 38 24
33 38 143
33 38 141
33 38 169
33 38 134
33 38 119
33 38 20
33 38 159
33 38 146
33 38 187
33 38 51
33 38 195
33 38 183
33 38 16
33 38 5
33 38 9
33 38 116
33 38 136
33 38 15
33 38 66
33 38 34
33 38 198
33 38 3
33 38 18
33 38 91
33 38 191
33 38 26
33 38 191
33 38 42
33 38 119
33 38 105
33 38 182
33 38 112
33 38 190
33 38 98
33 38 144
33 38 126
33 38 132
33 38 134
33 38 21
33 38 93
33 38 168
33 38 16
33 38 128
33 38 122
33 38 200
33 38 91
34 39 101
34 39 193
34 39 142
34 39 166
34 39 182
34 39 137
34 39 194
34 39 96
34 39 64
34 39 34
34 39 122
34 39 69
34 39 162
34 39 54
34 39 39
34 39 26
34 39 165
34 39 157
34 39 150
34 39 199
34 39 154
34 39 139
34 39 142
34 39 69
34 39 21
34 39 169
34 39 120
34 39 122
34 39 130
34 39 84
34 39 165
34 39 64
34 39 173
34 39 135
34 39 105
34 39 50
34 39 180
34 39 94
34 39 47
34 39 64
34 39 92
34 39 136
34 39 115
34 39 164
34 39 162
34 39 87
34 39 198
34 39 12
34 39 25
34 39 186
34 39 16
34 39 89
34 39 27
34 39 129
34 39 121
34 39 38
34 39 174
34 39 155
34 39 41
34 39 115
34 39 97
34 39 77
34 39 113
34 39 37
34 39 41
34 39 39
34 39 154
34 39 156
34 39 141
34 39 52
34 39 100
34 39 86
34 39 29
34 39 152
34 39 97
34 39 106
34 39 101
34 39 47
34 39 119
34 39 187
34 39 55
34 39 34
34 39 166
34 39 123
34 39 186
34 39 23
34 39 42
34 39 59
34 39 107
34 39 37
34 39 30
35 40 30
35 40 13
35 40 2
35 40 17
35 40 97
35 40 102
35 40 161
35 40 30
35 40 141
35 40 147
35 40 139
35 40 11
35 40 22
35 40 66
35 40 76
35 40 181
35 40 140
35 40 186
35 40 2
35 40 33
35 40 177
35 40 184
35 40 2
35 40 110
35 40 11
35 40 183
35 40 69
35 40 35
35 40 135
35 40 111
35 40 131
35 40 23
35 40 179
35 40 117
35 40 37
35 40 140
35 40 155
35 40 179
35 40 121
35 40 62
35 40 54
35 40 46
35 40 187
35 40 160
35 40 175
35 40 113
35 40 146
35 40 198
35 40 74
35 40 195
35 40 164
35 40 70
35 40 132
35 40 63
35 40 183
35 40 83
35 40 8
35 40 192
35 40 30
35 40 196
35 40 1
35 40 192
35 40 58
35 40 145
35 40 126
35 40 177
35 40 103
35 40 185
35 40 190
35 40 148
35 40 180
35 40 44
35 40 83
35 40 81
35 40 33
35 40 119
35 40 102
35 40 104
35 40 44
35 40 103
35 40 175
35 40 91
35 40 158
35 40 18
35 40 114
35 40 37
35 40 93
35 40 141
35 40 78
35 40 141
35 40 124
35 40 84
35 40 41
35 40 40
35 40 8
35 40 93
35 40 34
35 40 10
35 40 22
35 40 90
36 41 152
36 41 192
36 41 181
36 41 69
36 41 128
36 41 153
36 41 135
36 41 64
36 41 171
36 41 200
36 41 62
36 41 96
36 41 110
36 41 81
36 41 171
36 41 133
36 41 66
36 41 104
36 41 18
36 41 23
36 41 107
36 41 41
36 41 1
36 41 105
36 41 19
36 41 23
36 41 33
36 41 180
36 41 38
36 41 64
36 41 83
36 41 61
36 41 41
36 41 79
36 41 15
36 41 105
36 41 121
36 41 41
36 41 196
36 41 150
36 41 2
36 41 17
36 41 52
36 41 28
36 41 135
36 41 59
36 41 129
36 41 5
36 41 144
36 41 59
36 41 173
36 41 38
36 41 155
36 41 139
36 41 198
36 41 41
36 41 38
36 41 194
36 41 51
36 41 143
36 41 113
36 41 17
36 41 63
36 41 196
36 41 180
36 41 173
36 41 150
36 41 147
36 41 72
36 41 38
36 41 189
36 41 125
36 41 99
36 41 96
36 41 90
36 41 136
36 41 142
36 41 177
36 41 154
36 41 110
36 41 56
36 41 11
36 41 7
36 41 84
36 41 88
36 41 200
36 41 95
36 41 66
36 41 95
36 41 158
36 41 139
36 41 75
36 41 192
36 41 152
36 41 55
36 41 115
36 41 109
36 41 56
36 41 12
36 41 172
36 41 19
36 41 162
36 41 42
36 41 9
36 41 108
36 41 29
36 41 70
36 41 62
36 41 72
36 41 92
36 41 117
36 41 148
37 42 88
37 42 101
37 42 160
37 42 95
37 42 5
37 42 50
37 42 2
37 42 146
37 42 65
37 42 30
37 42 28
37 42 61
37 42 109
37 42 4
37 42 160
37 42 199
37 42 93
37 42 65
37 42 40
37 42 137
37 42 35
37 42 184
37 42 122
37 42 26
37 42 147
37 42 132
37 42 30
37 42 33
37 42 73
37 42 136
37 42 29
37 42 28
37 42 176
37 42 146
37 42 94
37 42 11
37 42 77
37 42 192
37 42 131
37 42 18
37 42 199
37 42 88
37 42 108
37 42 64
37 42 133
37 42 57
37 42 139
37 42 44
37 42 174
37 42 152
37 42 151
37 42 29
37 42 59
37 42 132
37 42 145
37 42 56
37 42 136
37 42 172
37 42 86
37 42 89
37 42 195
37 42 36
37 42 172
37 42 94
37 42 114
37 42 156
37 42 14
37 42 3
37 42 157
37 42 18
37 42 55
37 42 80
37 42 118
37 42 105
37 42 12
37 42 154
37 42 168
37 42 65
37 42 78
37 42 37
37 42 83
37 42 102
37 42 64
37 42 15
37 42 196
37 42 4
37 42 80
37 42 69
37 42 181
37 42 93
37 42 45
37 42 42
37 42 171
37 42 31
37 42 58
37 42 191
37 42 12
37 42 188
37 42 177
37 42 104
37 42 200
37 42 170
37 42 7
37 42 9
37 42 162
37 42 67
38 43 137
38 43 34
38 43 17
38 43 36
38 43 97
38 43 72
38 43 71
38 43 178
38 43 99
38 43 51
38 43 127
38 43 115
38 43 103
38 43 5
38 43 12
38 43 63
38 43 7
38 43 125
38 43 110
38 43 121
38 43 23
38 43 146
38 43 68
38 43 6
38 43 43
38 43 111
38 43 34
38 43 93
38 43 154
38 43 74
38 43 32
38 43 157
38 43 137
38 43 122
38 43 160
38 43 167
38 43 25
38 43 153
38 43 49
38 43 170
38 43 66
38 43 54
38 43 170
38 43 49
38 43 60
38 43 189
38 43 133
38 43 18
38 43 97
38 43 120
38 43 200
38 43 38
38 43 157
38 43 199
38 43 153
38 43 13
38 43 32
38 43 146
38 43 47
38 43 186
38 43 63
38 43 54
38 43 150
38 43 103
38 43 196
38 43 12
38 43 1
38 43 109
38 43 96
38 43 178
38 43 49
38 43 15
38 43 112
38 43 181
38 43 5
38 43 115
38 43 55
38 43 194
38 43 197
38 43 191
38 43 35
38 43 9
38 43 108
38 43 159
38 43 171
38 43 123
38 43 104
38 43 153
38 43 47
38 43 117
38 43 32
38 43 188
38 43 2
38 43 75
38 43 83
38 43 181
38 43 70
38 43 190
38 43 118
38 43 32
38 43 27
38 43 59
38 43 193
38 43 121
38 43 77
38 43 121
38 43 126
38 43 93
38 43 131
38 43 76
38 43 158
38 43 171
38 43 1
38 43 19
39 44 12
39 44 24
39 44 58
39 44 59
39 44 133
39 44 180
39 44 181
39 44 109
39 44 2
39 44 18
39 44 51
39 44 172
39 44 179
39 44 142
39 44 148
39 44 10
39 44 56
39 44 6
39 44 31
39 44 99
39 44 143
39 44 131
39 44 126
39 44 82
39 44 99
39 44 45
39 44 133
39 44 170
39 44 163
39 44 70
39 44 116
39 44 64
39 44 93
39 44 121
39 44 47
39 44 182
39 44 192
39 44 36
39 44 83
39 44 63
39 44 39
39 44 197
39 44 75
39 44 196
39 44 146
39 44 60
39 44 41
39 44 197
39 44 200
39 44 97
39 44 113
39 44 53
39 44 128
39 44 63
39 44 109
39 44 154
39 44 103
39 44 26
39 44 113
39 44 128
39 44 182
39 44 46
39 44 29
39 44 12
39 44 90
39 44 61
39 44 28
39 44 98
39 44 171
39 44 60
39 44 54
39 44 186
39 44 25
39 44 50
39 44 69
39 44 118
39 44 114
39 44 1
39 44 193
39 44 52
39 44 146
39 44 4
39 44 58
39 44 108
39 44 78
39 44 127
39 44 86
39 44 121
39 44 85
39 44 75
39 44 127
39 44 150
39 44 22
40 45 26
40 45 22
40 45 81
40 45 169
40 45 178
40 45 72
40 45 126
40 45 20
40 45 102
40 45 150
40 45 158
40 45 30
40 45 161
40 45 61
40 45 37
40 45 92
40 45 38
40 45 65
40 45 164
40 45 176
40 45 78
40 45 80
40 45 82
40 45 122
40 45 163
40 45 172
40 45 32
40 45 100
40 45 180
40 45 70
40 45 19
40 45 180
40 45 68
40 45 48
40 45 10
40 45 47
40 45 130
40 45 121
40 45 148
40 45 78
40 45 33
40 45 59
40 45 113
40 45 53
40 45 195
40 45 58
40 45 33
40 45 190
40 45 170
40 45 144
40 45 77
40 45 43
40 45 164
40 45 152
40 45 84
40 45 20
40 45 52
40 45 38
40 45 17
40 45 61
40 45 180
40 45 129
40 45 18
40 45 84
40 45 169
40 45 86
40 45 41
40 45 148
40 45 153
40 45 57
40 45 128
40 45 152
40 45 54
40 45 67
40 45 15
40 45 186
40 45 41
40 45 5
40 45 26
40 45 72
40 45 159
40 45 197
40 45 37
40 45 107
40 45 159
40 45 4
40 45 124
40 45 9
40 45 94
40 45 149
40 45 188
40 45 31
40 45 53
40 45 105
40 45 132
40 45 40
40 45 18
40 45 109
40 45 85
40 45 98
40 45 131
40 45 56
40 45 144
40 45 8
40 45 91
40 45 101
40 45 153
41 46 9
41 46 69
41 46 26
41 46 72
41 46 91
41 46 105
41 46 195
41 46 48
41 46 117
41 46 99
41 46 51
41 46 180
41 46 114
41 46 138
41 46 105
41 46 165
41 46 182
41 46 121
41 46 191
41 46 28
41 46 124
41 46 150
41 46 101
41 46 183
41 46 189
41 46 45
41 46 156
41 46 33
41 46 131
41 46 200
41 46 158
41 46 33
41 46 161
41 46 163
41 46 118
41 46 60
41 46 99
41 46 92
41 46 84
41 46 36
41 46 157
41 46 62
41 46 64
41 46 97
41 46 151
41 46 24
41 46 157
41 46 65
41 46 163
41 46 68
41 46 66
41 46 123
41 46 129
41 46 152
41 46 17
41 46 152
41 46 137
41 46 110
41 46 5
41 46 155
41 46 39
41 46 10
41 46 46
41 46 5
41 46 21
41 46 189
41 46 103
41 46 22
41 46 35
41 46 72
41 46 178
41 46 9
41 46 94
41 46 28
41 46 41
41 46 195
41 46 22
41 46 41
41 46 25
41 46 70
41 46 60
41 46 59
41 46 113
41 46 61
41 46 75
41 46 127
42 47 43
42 47 63
42 47 22
42 47 194
42 47 169
42 47 145
42 47 181
42 47 105
42 47 126
42 47 112
42 47 80
42 47 43
42 47 64
42 47 159
42 47 102
42 47 142
42 47 41
42 47 135
42 47 30
42 47 45
42 47 194
42 47 149
42 47 98
42 47 149
42 47 110
42 47 171
42 47 128
42 47 111
42 47 191
42 47 188
42 47 137
42 47 160
42 47 12
42 47 26
42 47 84
42 47 178
42 47 117
42 47 144
42 47 170
42 47 128
42 47 96
42 47 196
42 47 42
42 47 176
42 47 9
42 47 128
42 47 89
42 47 108
42 47 56
42 47 37
42 47 174
42 47 59
42 47 137
42 47 148
42 47 184
42 47 144
42 47 13
42 47 22
42 47 190
42 47 143
42 47 102
42 47 19
42 47 134
42 47 32
42 47 96
42 47 43
42 47 89
42 47 80
42 47 161
42 47 184
42 47 55
42 47 139
42 47 27
42 47 160
42 47 85
42 47 153
42 47 20
42 47 73
42 47 190
42 47 75
42 47 118
42 47 132
42 47 164
42 47 7
42 47 140
42 47 21
42 47 40
42 47 115
42 47 143
42 47 25
42 47 44
42 47 25
43 48 194
43 48 173
43 48 174
43 48 95
43 48 176
43 48 11
43 48 188
43 48 101
43 48 81
43 48 195
43 48 28
43 48 46
43 48 66
43 48 10
43 48 30
43 48 156
43 48 119
43 48 153
43 48 35
43 48 117
43 48 15
43 48 22
43 48 131
43 48 197
43 48 125
43 48 136
43 48 191
43 48 45
43 48 162
43 48 198
43 48 24
43 48 166
43 48 155
43 48 166
43 48 100
43 48 134
43 48 163
43 48 159
43 48 129
43 48 178
43 48 136
43 48 85
43 48 196
43 48 182
43 48 177
43 48 82
43 48 140
43 48 180
43 48 79
43 48 122
43 48 155
43 48 70
43 48 100
43 48 81
43 48 43
43 48 57
43 48 9
43 48 189
43 48 85
43 48 104
43 48 171
43 48 122
43 48 49
43 48 91
43 48 85
43 48 45
43 48 189
43 48 43
43 48 97
43 48 170
43 48 159
43 48 42
43 48 71
43 48 162
43 48 48
43 48 160
43 48 121
43 48 73
43 48 183
43 48 156
43 48 122
43 48 171
43 48 175
43 48 28
43 48 182
43 48 36
43 48 187
43 48 188
43 48 163
43 48 26
43 48 186
43 48 199
43 48 156
43 48 135
43 48 154
43 48 130
43 48 7
43 48 119
43 48 4
43 48 41
43 48 129
43 48 133
43 48 93
43 48 144
43 48 2
43 48 16
43 48 50
43 48 170
43 48 178
43 48 52
43 48 30
43 48 121
43 48 133
43 48 200
43 48 148
43 48 190
43 48 185
43 48 68
43 48 117
43 48 169
44 49 91
44 49 40
44 49 85
44 49 104
44 49 25
44 49 90
44 49 17
44 49 146
44 49 8
44 49 6
44 49 157
44 49 106
44 49 18
44 49 93
44 49 120
44 49 148
44 49 155
44 49 107
44 49 21
44 49 179
44 49 176
44 49 129
44 49 75
44 49 70
44 49 102
44 49 178
44 49 166
44 49 200
44 49 34
44 49 178
44 49 37
44 49 58
44 49 14
44 49 135
44 49 89
44 49 114
44 49 106
44 49 200
44 49 93
44 49 26
44 49 133
44 49 51
44 49 37
44 49 14
44 49 35
44 49 26
44 49 12
44 49 36
44 49 155
44 49 69
44 49 3
44 49 63
44 49 182
44 49 187
44 49 151
44 49 102
44 49 14
44 49 184
44 49 75
44 49 69
44 49 57
44 49 79
44 49 21
44 49 176
44 49 69
44 49 150
44 49 147
44 49 173
44 49 113
44 49 76
44 49 92
44 49 87
44 49 11
44 49 104
44 49 165
44 49 53
44 49 102
44 49 78
44 49 117
44 49 102
44 49 79
44 49 119
44 49 33
44 49 54
44 49 116
44 49 175
44 49 48
44 49 25
44 49 13
44 49 141
44 49 188
44 49 165
44 49 168
44 49 69
44 49 3
44 49 42
44 49 67
44 49 11
44 49 161
44 49 24
45 50 135
45 50 161
45 50 36
45 50 164
45 50 67
45 50 132
45 50 116
45 50 95
45 50 148
45 50 180
45 50 170
45 50 144
45 50 42
45 50 79
45 50 20
45 50 15
45 50 1
45 50 183
45 50 83
45 50 106
45 50 15
45 50 198
45 50 175
45 50 75
45 50 40
45 50 200
45 50 60
45 50 107
45 50 117
45 50 80
45 50 84
45 50 59
45 50 68
45 50 163
45 50 200
45 50 7
45 50 95
45 50 129
45 50 175
45 50 69
45 50 108
45 50 29
45 50 184
45 50 191
45 50 58
45 50 172
45 50 2
45 50 133
45 50 29
45 50 160
45 50 122
45 50 97
45 50 25
45 50 198
45 50 191
45 50 57
45 50 173
45 50 190
45 50 81
45 50 125
45 50 55
45 50 144
45 50 170
45 50 52
45 50 198
45 50 92
45 50 181
45 50 113
45 50 144
45 50 9
45 50 40
45 50 166
45 50 126
45 50 11
45 50 160
45 50 60
45 50 55
45 50 183
45 50 90
45 50 18
45 50 114
45 50 97
45 50 73
45 50 66
45 50 176
45 50 96
45 50 96
45 50 80
45 50 63
45 50 44
45 50 153
45 50 161
45 50 59
45 50 138
45 50 72
45 50 166
45 50 179
45 50 136
45 50 6
45 50 13
45 50 196
45 50 162
45 50 132
45 50 107
45 50 138
46 51 24
46 51 115
46 51 83
46 51 101
46 51 15
46 51 114
46 51 41
46 51 185
46 51 54
46 51 132
46 51 100
46 51 91
46 51 52
46 51 168
46 51 125
46 51 87
46 51 132
46 51 163
46 51 100
46 51 39
46 51 132
46 51 146
46 51 59
46 51 64
46 51 144
46 51 162
46 51 71
46 51 31
46 51 81
46 51 172
46 51 15
46 51 48
46 51 92
46 51 105
46 51 126
46 51 198
46 51 27
46 51 154
46 51 186
46 51 32
46 51 194
46 51 199
46 51 158
46 51 24
46 51 121
46 51 152
46 51 30
46 51 132
46 51 110
46 51 155
46 51 127
46 51 93
46 51 61
46 51 152
46 51 21
46 51 122
46 51 129
46 51 40
46 51 179
46 51 153
46 51 82
46 51 157
46 51 89
46 51 12
46 51 28
46 51 120
46 51 126
46 51 134
46 51 164
46 51 7
46 51 28
46 51 62
46 51 25
46 51 171
46 51 150
46 51 98
46 51 194
46 51 194
46 51 23
46 51 21
46 51 81
46 51 189
46 51 122
46 51 197
46 51 142
46 51 42
46 51 175
46 51 192
46 51 51
46 51 89
46 51 3
46 51 80
46 51 134
46 51 183
46 51 102
46 51 102
46 51 140
47 52 108
47 52 175
47 52 46
47 52 115
47 52 99
47 52 160
47 52 58
47 52 51
47 52 183
47 52 156
47 52 176
47 52 91
47 52 137
47 52 196
47 52 146
47 52 195
47 52 193
47 52 153
47 52 162
47 52 183
47 52 39
47 52 171
47 52 66
47 52 104
47 52 141
47 52 37
47 52 83
47 52 5
47 52 177
47 52 9
47 52 114
47 52 24
47 52 102
47 52 111
47 52 183
47 52 169
47 52 18
47 52 2
47 52 64
47 52 160
47 52 90
47 52 28
47 52 31
47 52 86
47 52 72
47 52 102
47 52 39
47 52 63
47 52 129
47 52 168
47 52 120
47 52 20
47 52 128
47 52 55
47 52 10
47 52 101
47 52 144
47 52 68
47 52 62
47 52 186
47 52 141
47 52 117
47 52 84
47 52 94
47 52 181
47 52 14
47 52 200
47 52 31
47 52 104
47 52 197
47 52 12
47 52 187
47 52 95
47 52 89
47 52 127
47 52 164
47 52 118
47 52 135
47 52 91
47 52 8
47 52 190
47 52 44
47 52 117
47 52 197
47 52 78
47 52 97
47 52 103
47 52 194
47 52 190
47 52 190
47 52 18
47 52 31
47 52 63
47 52 48
47 52 182
47 52 40
47 52 142
47 52 73
47 52 152
47 52 129
47 52 199
47 52 184
47 52 39
47 52 35
47 52 46
47 52 140
47 52 159
47 52 95
47 52 92
47 52 196
48 53 55
48 53 31
48 53 112
48 53 9
48 53 117
48 53 137
48 53 12
48 53 114
48 53 147
48 53 151
48 53 45
48 53 67
48 53 189
48 53 134
48 53 97
48 53 131
48 53 150
48 53 25
48 53 174
48 53 75
48 53 20
48 53 110
48 53 59
48 53 51
48 53 125
48 53 55
48 53 65
48 53 188
48 53 194
48 53 17
48 53 52
48 53 168
48 53 191
48 53 26
48 53 177
48 53 190
48 53 126
48 53 117
48 53 26
48 53 45
48 53 61
48 53 85
48 53 191
48 53 178
48 53 48
48 53 36
48 53 20
48 53 157
48 53 82
48 53 31
48 53 189
48 53 176
48 53 145
48 53 196
48 53 136
48 53 84
48 53 197
48 53 172
48 53 196
48 53 172
48 53 73
48 53 52
48 53 137
48 53 30
48 53 175
48 53 142
48 53 171
48 53 4
48 53 126
48 53 58
48 53 132
48 53 155
48 53 61
48 53 184
48 53 102
48 53 86
48 53 65
48 53 132
48 53 138
48 53 82
48 53 112
48 53 16
48 53 6
48 53 173
48 53 42
48 53 166
48 53 134
48 53 172
48 53 62
48 53 73
48 53 48
48 53 36
48 53 20
48 53 48
48 53 85
48 53 28
48 53 47
49 54 44
49 54 56
49 54 197
49 54 138
49 54 85
49 54 190
49 54 133
49 54 8
49 54 16
49 54 73
49 54 38
49 54 45
49 54 99
49 54 164
49 54 163
49 54 44
49 54 191
49 54 157
49 54 155
49 54 142
49 54 6
49 54 123
49 54 120
49 54 158
49 54 10
49 54 137
49 54 4
49 54 41
49 54 65
49 54 173
49 54 80
49 54 19
49 54 134
49 54 97
49 54 185
49 54 148
49 54 200
49 54 116
49 54 148
49 54 183
49 54 37
49 54 168
49 54 31
49 54 170
49 54 171
49 54 169
49 54 187
49 54 179
49 54 99
49 54 126
49 54 148
49 54 30
49 54 13
49 54 8
49 54 179
49 54 173
49 54 161
49 54 188
49 54 57
49 54 167
49 54 68
49 54 72
49 54 186
49 54 97
49 54 175
49 54 34
49 54 177
49 54 29
49 54 147
49 54 119
49 54 21
49 54 168
49 54 122
49 54 131
49 54 102
49 54 45
49 54 33
49 54 62
49 54 164
49 54 145
49 54 89
49 54 137
49 54 21
49 54 30
49 54 178
49 54 18
49 54 170
49 54 77
49 54 195
49 54 167
49 54 163
49 54 172
49 54 172
49 54 129
49 54 35
49 54 189
49 54 115
49 54 43
49 54 129
49 54 30
49 54 105
49 54 151
49 54 21
49 54 58
49 54 68
49 54 11
49 54 187
49 54 118
49 54 124
49 54 89
49 54 15
49 54 26
49 54 76
49 54 200
49 54 66
49 54 28
49 54 73
49 54 61
49 54 200
49 54 145
49 54 47
49 54 134
50 55 41
50 55 137
50 55 54
50 55 39
50 55 125
50 55 5
50 55 30
50 55 59
50 55 97
50 55 104
50 55 121
50 55 19
50 55 110
50 55 83
50 55 50
50 55 91
50 55 16
50 55 190
50 55 138
50 55 109
50 55 47
50 55 109
50 55 43
50 55 159
50 55 36
50 55 89
50 55 179
50 55 22
50 55 6
50 55 68
50 55 6
50 55 57
50 55 17
50 55 99
50 55 118
50 55 124
50 55 176
50 55 143
50 55 5
50 55 40
50 55 88
50 55 5
50 55 32
50 55 187
50 55 19
50 55 96
50 55 93
50 55 59
50 55 162
50 55 29
50 55 117
50 55 121
50 55 86
50 55 45
50 55 179
50 55 25
50 55 162
50 55 17
50 55 200
50 55 23
50 55 151
50 55 182
50 55 36
50 55 194
50 55 120
50 55 70
50 55 140
50 55 4
50 55 92
50 55 104
50 55 174
50 55 16
50 55 97
50 55 196
50 55 159
50 55 70
50 55 18
50 55 40
50 55 79
50 55 128
50 55 13
50 55 63
50 55 186
50 55 47
50 55 100
50 55 128
50 55 96
50 55 171
50 55 104
50 55 164
50 55 174
50 55 186
50 55 34
50 55 70
50 55 85
50 55 101
50 55 146
50 55 164
50 55 178
50 55 154
50 55 185
50 55 142
50 55 51
50 55 56
51 56 34
51 56 89
51 56 54
51 56 166
51 56 169
51 56 197
51 56 198
51 56 58
51 56 20
51 56 179
51 56 35
51 56 95
51 56 187
51 56 133
51 56 115
51 56 168
51 56 112
51 56 174
51 56 141
51 56 167
51 56 164
51 56 62
51 56 90
51 56 14
51 56 14
51 56 27
51 56 181
51 56 74
51 56 180
51 56 164
51 56 17
51 56 142
51 56 17
51 56 14
51 56 85
51 56 40
51 56 34
51 56 149
51 56 24
51 56 139
51 56 80
51 56 84
51 56 35
51 56 49
51 56 1
51 56 30
51 56 53
51 56 116
51 56 122
51 56 105
51 56 63
51 56 129
51 56 179
51 56 60
51 56 31
51 56 95
51 56 91
51 56 166
51 56 174
51 56 142
51 56 112
51 56 126
51 56 116
51 56 19
51 56 178
51 56 22
51 56 200
51 56 81
51 56 196
51 56 115
51 56 56
51 56 134
51 56 197
51 56 17
51 56 68
51 56 188
51 56 61
51 56 98
51 56 74
51 56 131
51 56 122
51 56 53
51 56 135
51 56 86
51 56 110
51 56 30
51 56 155
51 56 17
51 56 159
51 56 99
51 56 65
51 56 182
51 56 158
51 56 89
51 56 10
51 56 54
51 56 32
51 56 127
51 56 38
51 56 119
51 56 21
52 57 148
52 57 184
52 57 102
52 57 32
52 57 107
52 57 110
52 57 27
52 57 21
52 57 30
52 57 82
52 57 84
52 57 49
52 57 116
52 57 23
52 57 188
52 57 4
52 57 46
52 57 8
52 57 92
52 57 77
52 57 47
52 57 2
52 57 75
52 57 150
52 57 197
52 57 178
52 57 139
52 57 5
52 57 87
52 57 123
52 57 141
52 57 150
52 57 165
52 57 84
52 57 186
52 57 188
52 57 44
52 57 85
52 57 55
52 57 92
52 57 71
52 57 101
52 57 12
52 57 30
52 57 170
52 57 156
52 57 119
52 57 200
52 57 70
52 57 180
52 57 12
52 57 67
52 57 171
52 57 60
52 57 85
52 57 147
52 57 62
52 57 186
52 57 68
52 57 103
52 57 82
52 57 35
52 57 137
52 57 136
52 57 4
52 57 145
52 57 76
52 57 118
52 57 191
52 57 38
52 57 87
52 57 156
52 57 46
52 57 34
52 57 71
52 57 157
52 57 9
52 57 27
52 57 109
52 57 138
52 57 167
52 57 115
52 57 34
52 57 64
52 57 138
52 57 92
52 57 3
52 57 130
52 57 105
52 57 123
52 57 20
52 57 75
52 57 153
52 57 155
52 57 144
52 57 189
52 57 131
52 57 89
52 57 43
52 57 188
52 57 121
52 57 147
52 57 103
52 57 9
53 58 4
53 58 29
53 58 50
53 58 183
53 58 98
53 58 171
53 58 71
53 58 193
53 58 39
53 58 138
53 58 21
53 58 4
53 58 82
53 58 116
53 58 195
53 58 83
53 58 62
53 58 136
53 58 84
53 58 190
53 58 128
53 58 37
53 58 51
53 58 143
53 58 107
53 58 189
53 58 107
53 58 56
53 58 82
53 58 146
53 58 32
53 58 35
53 58 84
53 58 79
53 58 45
53 58 160
53 58 134
53 58 128
53 58 99
53 58 92
53 58 15
53 58 200
53 58 29
53 58 94
53 58 39
53 58 148
53 58 165
53 58 85
53 58 43
53 58 40
53 58 6
53 58 155
53 58 101
53 58 134
53 58 104
53 58 18
53 58 138
53 58 41
53 58 131
53 58 131
53 58 131
53 58 161
53 58 26
53 58 119
53 58 171
53 58 165
53 58 111
53 58 144
53 58 117
53 58 102
53 58 120
53 58 77
53 58 117
53 58 103
53 58 111
53 58 177
53 58 123
53 58 116
53 58 170
53 58 34
53 58 72
53 58 10
53 58 162
53 58 42
53 58 48
53 58 133
53 58 2
53 58 150
53 58 146
53 58 188
53 58 9
53 58 105
53 58 23
53 58 144
53 58 197
53 58 194
54 59 25
54 59 161
54 59 42
54 59 104
54 59 72
54 59 173
54 59 25
54 59 184
54 59 7
54 59 102
54 59 176
54 59 145
54 59 194
54 59 35
54 59 194
54 59 196
54 59 135
54 59 80
54 59 76
54 59 137
54 59 111
54 59 107
54 59 56
54 59 103
54 59 42
54 59 109
54 59 189
54 59 146
54 59 100
54 59 193
54 59 112
54 59 141
54 59 88
54 59 97
54 59 82
54 59 33
54 59 101
54 59 54
54 59 192
54 59 195
54 59 166
54 59 78
54 59 98
54 59 115
54 59 19
54 59 192
54 59 154
54 59 70
54 59 10
54 59 117
54 59 118
54 59 36
54 59 132
54 59 151
54 59 115
54 59 116
54 59 88
54 59 24
54 59 137
54 59 78
54 59 127
54 59 143
54 59 132
54 59 55
54 59 184
54 59 118
54 59 86
54 59 190
54 59 187
54 59 124
54 59 94
54 59 187
54 59 80
54 59 3
54 59 117
54 59 17
54 59 30
54 59 140
54 59 92
54 59 90
54 59 167
54 59 23
54 59 118
54 59 176
54 59 32
54 59 182
54 59 142
54 59 153
54 59 11
54 59 108
54 59 111
54 59 173
54 59 33
54 59 63
55 60 101
55 60 63
55 60 156
55 60 80
55 60 51
55 60 154
55 60 100
55 60 16
55 60 28
55 60 197
55 60 180
55 60 147
55 60 197
55 60 99
55 60 23
55 60 142
55 60 140
55 60 34
55 60 89
55 60 22
55 60 177
55 60 156
55 60 27
55 60 124
55 60 117
55 60 1
55 60 15
55 60 145
55 60 77
55 60 26
55 60 169
55 60 10
55 60 4
55 60 140
55 60 181
55 60 67
55 60 117
55 60 96
55 60 7
55 60 151
55 60 164
55 60 70
55 60 115
55 60 5
55 60 101
55 60 153
55 60 59
55 60 176
55 60 41
55 60 150
55 60 6
55 60 56
55 60 143
55 60 94
55 60 24
55 60 54
55 60 181
55 60 71
55 60 126
55 60 55
55 60 128
55 60 171
55 60 33
55 60 22
55 60 165
55 60 123
55 60 142
55 60 163
55 60 51
55 60 197
55 60 6
55 60 170
55 60 18
55 60 6
55 60 197
55 60 101
55 60 85
55 60 35
55 60 151
55 60 19
55 60 166
55 60 71
55 60 94
55 60 139
56 61 159
56 61 183
56 61 140
56 61 56
56 61 149
56 61 136
56 61 128
56 61 166
56 61 78
56 61 36
56 61 67
56 61 181
56 61 13
56 61 33
56 61 73
56 61 61
56 61 159
56 61 27
56 61 62
56 61 89
56 61 156
56 61 151
56 61 178
56 61 58
56 61 166
56 61 68
56 61 133
56 61 122
56 61 168
56 61 108
56 61 2
56 61 145
56 61 139
56 61 23
56 61 190
56 61 184
56 61 177
56 61 13
56 61 36
56 61 123
56 61 68
56 61 96
56 61 56
56 61 193
56 61 164
56 61 196
56 61 40
56 61 182
56 61 142
56 61 38
56 61 76
56 61 119
56 61 4
56 61 160
56 61 148
56 61 116
56 61 126
56 61 72
56 61 47
56 61 8
56 61 90
56 61 105
56 61 12
56 61 55
56 61 13
56 61 8
56 61 76
56 61 178
56 61 134
56 61 124
56 61 12
56 61 12
56 61 89
56 61 189
56 61 57
56 61 4
56 61 119
56 61 82
56 61 9
56 61 21
56 61 170
56 61 118
56 61 45
56 61 5
56 61 20
56 61 78
56 61 41
56 61 68
56 61 61
56 61 148
56 61 17
56 61 180
56 61 166
56 61 139
56 61 21
56 61 167
56 61 58
56 61 167
56 61 132
56 61 186
56 61 2
56 61 84
56 61 95
56 61 41
56 61 129
56 61 41
56 61 87
56 61 142
56 61 134
56 61 171
57 62 119
57 62 127
57 62 183
57 62 133
57 62 127
57 62 135
57 62 158
57 62 63
57 62 72
57 62 20
57 62 55
57 62 101
57 62 69
57 62 135
57 62 4
57 62 43
57 62 70
57 62 163
57 62 138
57 62 113
57 62 66
57 62 190
57 62 134
57 62 119
57 62 33
57 62 179
57 62 157
57 62 176
57 62 199
57 62 102
57 62 79
57 62 171
57 62 109
57 62 91
57 62 108
57 62 58
57 62 128
57 62 75
57 62 81
57 62 172
57 62 105
57 62 157
57 62 183
57 62 67
57 62 35
57 62 66
57 62 37
57 62 98
57 62 169
57 62 13
57 62 161
57 62 190
57 62 144
57 62 54
57 62 179
57 62 3
57 62 55
57 62 4
57 62 57
57 62 61
57 62 2
57 62 15
57 62 158
57 62 200
57 62 115
57 62 25
57 62 11
57 62 74
57 62 3
57 62 92
57 62 13
57 62 179
57 62 62
57 62 101
57 62 19
57 62 86
57 62 135
57 62 193
57 62 67
57 62 134
57 62 75
57 62 20
57 62 130
57 62 77
57 62 58
57 62 24
57 62 55
57 62 32
57 62 56
57 62 120
57 62 36
57 62 173
57 62 122
57 62 79
57 62 19
57 62 52
57 62 199
57 62 50
57 62 173
57 62 116
57 62 31
57 62 80
57 62 163
57 62 136
57 62 30
58 63 158
58 63 185
58 63 62
58 63 12
58 63 184
58 63 3
58 63 189
58 63 116
58 63 124
58 63 27
58 63 91
58 63 176
58 63 119
58 63 24
58 63 9
58 63 115
58 63 141
58 63 194
58 63 27
58 63 88
58 63 37
58 63 179
58 63 188
58 63 36
58 63 137
58 63 83
58 63 114
58 63 47
58 63 32
58 63 112
58 63 134
58 63 26
58 63 170
58 63 150
58 63 131
58 63 2
58 63 166
58 63 160
58 63 54
58 63 109
58 63 94
58 63 22
58 63 23
58 63 131
58 63 51
58 63 83
58 63 114
58 63 194
58 63 23
58 63 186
58 63 68
58 63 168
58 63 104
58 63 141
58 63 60
58 63 52
58 63 96
58 63 15
58 63 96
58 63 148
58 63 74
58 63 176
58 63 94
58 63 192
58 63 114
58 63 160
58 63 25
58 63 123
58 63 150
58 63 167
58 63 140
58 63 70
58 63 122
58 63 108
58 63 120
58 63 73
58 63 195
58 63 149
58 63 160
58 63 194
58 63 165
58 63 152
58 63 179
58 63 22
58 63 122
58 63 128
58 63 39
58 63 101
58 63 110
58 63 132
58 63 50
58 63 4
58 63 89
58 63 183
58 63 92
58 63 71
58 63 144
58 63 51
58 63 88
59 64 64
59 64 72
59 64 31
59 64 52
59 64 134
59 64 59
59 64 128
59 64 197
59 64 171
59 64 142
59 64 11
59 64 169
59 64 57
59 64 48
59 64 155
59 64 170
59 64 15
59 64 160
59 64 117
59 64 155
59 64 85
59 64 8
59 64 53
59 64 51
59 64 96
59 64 17
59 64 41
59 64 159
59 64 19
59 64 57
59 64 103
59 64 50
59 64 37
59 64 16
59 64 130
59 64 77
59 64 110
59 64 64
59 64 43
59 64 93
59 64 149
59 64 32
59 64 162
59 64 49
59 64 33
59 64 93
59 64 175
59 64 151
59 64 95
59 64 108
59 64 135
59 64 180
59 64 126
59 64 196
59 64 17
59 64 131
59 64 75
59 64 194
59 64 9
59 64 171
59 64 170
59 64 189
59 64 126
59 64 122
59 64 200
59 64 138
59 64 186
59 64 30
59 64 2
59 64 161
59 64 21
59 64 122
59 64 180
59 64 3
59 64 30
59 64 153
59 64 7
59 64 192
59 64 108
59 64 61
59 64 80
59 64 130
59 64 137
59 64 191
59 64 5
59 64 197
59 64 133
59 64 145
59 64 121
59 64 195
59 64 172
59 64 4
59 64 184
60 65 72
60 65 42
60 65 96
60 65 7
60 65 132
60 65 14
60 65 72
60 65 9
60 65 57
60 65 181
60 65 162
60 65 145
60 65 38
60 65 124
60 65 109
60 65 14
60 65 135
60 65 28
60 65 16
60 65 11
60 65 97
60 65 187
60 65 136
60 65 98
60 65 34
60 65 89
60 65 199
60 65 167
60 65 186
60 65 67
60 65 167
60 65 180
60 65 111
60 65 141
60 65 163
60 65 180
60 65 45
60 65 140
60 65 119
60 65 198
60 65 24
60 65 182
60 65 36
60 65 17
60 65 130
60 65 116
60 65 184
60 65 99
60 65 29
60 65 12
60 65 159
60 65 175
60 65 29
60 65 103
60 65 5
60 65 145
60 65 120
60 65 136
60 65 58
60 65 30
60 65 93
60 65 136
60 65 2
60 65 33
60 65 68
60 65 32
60 65 130
60 65 135
60 65 137
60 65 63
60 65 61
60 65 80
60 65 82
60 65 150
60 65 72
60 65 68
60 65 64
60 65 91
60 65 20
60 65 98
60 65 160
60 65 120
60 65 57
60 65 124
60 65 72
60 65 138
60 65 58
60 65 178
60 65 5
60 65 94
60 65 145
61 66 72
61 66 50
61 66 24
61 66 77
61 66 57
61 66 178
61 66 178
61 66 187
61 66 58
61 66 58
61 66 93
61 66 132
61 66 79
61 66 158
61 66 74
61 66 176
61 66 55
61 66 107
61 66 11
61 66 33
61 66 26
61 66 118
61 66 92
61 66 26
61 66 174
61 66 45
61 66 99
61 66 6
61 66 146
61 66 88
61 66 76
61 66 146
61 66 150
61 66 162
61 66 137
61 66 183
61 66 41
61 66 86
61 66 48
61 66 150
61 66 27
61 66 81
61 66 10
61 66 173
61 66 134
61 66 56
61 66 17
61 66 183
61 66 103
61 66 77
61 66 46
61 66 166
61 66 173
61 66 127
61 66 125
61 66 148
61 66 59
61 66 70
61 66 22
61 66 119
61 66 97
61 66 16
61 66 161
61 66 96
61 66 119
61 66 112
61 66 134
61 66 101
61 66 10
61 66 88
61 66 47
61 66 113
61 66 189
61 66 111
61 66 139
61 66 172
61 66 12
61 66 200
61 66 135
61 66 49
61 66 193
61 66 131
61 66 149
61 66 51
61 66 10
61 66 138
61 66 102
61 66 49
61 66 165
61 66 119
61 66 80
61 66 198
61 66 49
61 66 57
61 66 93
61 66 197
61 66 115
62 67 48
62 67 61
62 67 112
62 67 58
62 67 8
62 67 103
62 67 146
62 67 134
62 67 107
62 67 89
62 67 118
62 67 86
62 67 181
62 67 133
62 67 179
62 67 116
62 67 78
62 67 153
62 67 71
62 67 98
62 67 162
62 67 30
62 67 20
62 67 44
62 67 41
62 67 38
62 67 181
62 67 155
62 67 89
62 67 140
62 67 113
62 67 181
62 67 150
62 67 16
62 67 189
62 67 127
62 67 50
62 67 28
62 67 122
62 67 59
62 67 81
62 67 149
62 67 15
62 67 110
62 67 185
62 67 189
62 67 195
62 67 129
62 67 53
62 67 87
62 67 57
62 67 12
62 67 41
62 67 52
62 67 115
62 67 188
62 67 155
62 67 194
62 67 92
62 67 26
62 67 70
62 67 7
62 67 40
62 67 20
62 67 37
62 67 22
62 67 154
62 67 72
62 67 144
62 67 65
62 67 45
62 67 109
62 67 146
62 67 168
62 67 170
62 67 46
62 67 8
62 67 187
62 67 69
62 67 174
62 67 48
62 67 57
62 67 151
62 67 161
62 67 54
62 67 14
62 67 25
62 67 39
62 67 41
62 67 125
62 67 98
62 67 123
62 67 90
62 67 135
62 67 169
62 67 92
62 67 22
63 68 84
63 68 178
63 68 146
63 68 170
63 68 141
63 68 127
63 68 115
63 68 6
63 68 104
63 68 121
63 68 49
63 68 17
63 68 113
63 68 115
63 68 182
63 68 102
63 68 82
63 68 98
63 68 21
63 68 175
63 68 61
63 68 99
63 68 13
63 68 174
63 68 7
63 68 93
63 68 89
63 68 86
63 68 156
63 68 164
63 68 113
63 68 174
63 68 7
63 68 32
63 68 41
63 68 198
63 68 27
63 68 95
63 68 28
63 68 107
63 68 80
63 68 122
63 68 50
63 68 158
63 68 8
63 68 128
63 68 66
63 68 111
63 68 140
63 68 67
63 68 140
63 68 141
63 68 93
63 68 102
63 68 45
63 68 71
63 68 61
63 68 55
63 68 122
63 68 159
63 68 153
63 68 108
63 68 44
63 68 175
63 68 1
63 68 147
63 68 137
63 68 104
63 68 104
63 68 71
63 68 7
63 68 111
63 68 48
63 68 22
63 68 40
63 68 3
63 68 194
63 68 183
63 68 32
63 68 111
63 68 169
63 68 32
63 68 63
63 68 99
63 68 135
63 68 24
63 68 186
63 68 139
63 68 161
63 68 123
63 68 49
63 68 7
63 68 37
63 68 128
63 68 137
63 68 169
63 68 180
63 68 191
63 68 44
63 68 48
63 68 128
64 69 129
64 69 28
64 69 174
64 69 56
64 69 12
64 69 131
64 69 84
64 69 93
64 69 180
64 69 180
64 69 171
64 69 159
64 69 50
64 69 66
64 69 49
64 69 159
64 69 198
64 69 74
64 69 21
64 69 65
64 69 73
64 69 196
64 69 62
64 69 120
64 69 163
64 69 57
64 69 111
64 69 165
64 69 64
64 69 44
64 69 171
64 69 92
64 69 142
64 69 31
64 69 23
64 69 93
64 69 30
64 69 168
64 69 137
64 69 149
64 69 137
64 69 21
64 69 169
64 69 149
64 69 45
64 69 8
64 69 99
64 69 172
64 69 189
64 69 126
64 69 124
64 69 148
64 69 119
64 69 98
64 69 83
64 69 147
64 69 167
64 69 129
64 69 38
64 69 165
64 69 115
64 69 38
64 69 123
64 69 102
64 69 171
64 69 113
64 69 135
64 69 60
64 69 7
64 69 116
64 69 117
64 69 156
64 69 122
64 69 85
64 69 165
64 69 37
64 69 157
64 69 194
64 69 56
64 69 12
64 69 158
64 69 191
64 69 34
64 69 23
64 69 186
64 69 7
64 69 73
64 69 191
64 69 109
64 69 46
64 69 166
64 69 43
64 69 157
64 69 54
64 69 113
64 69 181
64 69 183
64 69 188
65 70 25
65 70 19
65 70 171
65 70 40
65 70 58
65 70 146
65 70 171
65 70 18
65 70 126
65 70 159
65 70 144
65 70 47
65 70 16
65 70 161
65 70 123
65 70 149
65 70 173
65 70 132
65 70 153
65 70 25
65 70 138
65 70 136
65 70 68
65 70 96
65 70 139
65 70 108
65 70 21
65 70 69
65 70 162
65 70 168
65 70 150
65 70 84
65 70 129
65 70 152
65 70 35
65 70 183
65 70 6
65 70 164
65 70 54
65 70 188
65 70 71
65 70 21
65 70 92
65 70 34
65 70 10
65 70 102
65 70 110
65 70 195
65 70 137
65 70 124
65 70 34
65 70 166
65 70 23
65 70 178
65 70 138
65 70 49
65 70 143
65 70 37
65 70 56
65 70 101
65 70 166
65 70 32
65 70 164
65 70 111
65 70 186
65 70 133
65 70 187
65 70 186
65 70 55
65 70 52
65 70 3
65 70 142
65 70 9
65 70 175
65 70 154
65 70 6
65 70 163
65 70 12
65 70 89
65 70 178
65 70 84
65 70 110
65 70 32
66 71 8
66 71 165
66 71 173
66 71 8
66 71 69
66 71 101
66 71 184
66 71 7
66 71 105
66 71 126
66 71 125
66 71 166
66 71 162
66 71 129
66 71 128
66 71 116
66 71 57
66 71 91
66 71 66
66 71 153
66 71 142
66 71 44
66 71 98
66 71 40
66 71 105
66 71 157
66 71 71
66 71 146
66 71 199
66 71 2
66 71 50
66 71 136
66 71 121
66 71 162
66 71 111
66 71 185
66 71 4
66 71 85
66 71 160
66 71 51
66 71 162
66 71 71
66 71 160
66 71 65
66 71 84
66 71 57
66 71 47
66 71 6
66 71 54
66 71 149
66 71 12
66 71 187
66 71 15
66 71 74
66 71 20
66 71 45
66 71 60
66 71 24
66 71 188
66 71 30
66 71 82
66 71 157
66 71 10
66 71 96
66 71 55
66 71 103
66 71 10
66 71 153
66 71 136
66 71 53
66 71 188
66 71 83
66 71 64
66 71 146
66 71 90
66 71 100
66 71 95
66 71 62
66 71 82
66 71 69
66 71 157
66 71 164
66 71 52
66 71 56
66 71 16
66 71 102
66 71 135
66 71 179
66 71 165
66 71 54
66 71 190
66 71 109
66 71 8
66 71 172
66 71 91
66 71 63
66 71 143
67 72 153
67 72 9
67 72 133
67 72 71
67 72 51
67 72 20
67 72 30
67 72 8
67 72 104
67 72 187
67 72 112
67 72 106
67 72 69
67 72 93
67 72 13
67 72 159
67 72 67
67 72 36
67 72 85
67 72 155
67 72 86
67 72 61
67 72 40
67 72 129
67 72 164
67 72 145
67 72 154
67 72 113
67 72 39
67 72 143
67 72 200
67 72 159
67 72 13
67 72 93
67 72 94
67 72 169
67 72 87
67 72 29
67 72 134
67 72 63
67 72 124
67 72 183
67 72 162
67 72 8
67 72 105
67 72 100
67 72 198
67 72 87
67 72 120
67 72 198
67 72 94
67 72 172
67 72 115
67 72 56
67 72 47
67 72 89
67 72 49
67 72 14
67 72 141
67 72 134
67 72 113
67 72 56
67 72 77
67 72 51
67 72 57
67 72 173
67 72 183
67 72 177
67 72 21
67 72 104
67 72 152
67 72 5
67 72 42
67 72 150
67 72 107
67 72 169
67 72 193
67 72 94
67 72 34
67 72 164
67 72 131
67 72 183
67 72 154
67 72 35
67 72 8
67 72 95
67 72 53
67 72 126
67 72 2
67 72 149
67 72 35
67 72 3
67 72 184
67 72 102
67 72 144
67 72 176
68 73 92
68 73 52
68 73 129
68 73 119
68 73 47
68 73 31
68 73 108
68 73 118
68 73 94
68 73 51
68 73 185
68 73 199
68 73 115
68 73 147
68 73 159
68 73 40
68 73 35
68 73 139
68 73 88
68 73 170
68 73 155
68 73 94
68 73 24
68 73 15
68 73 146
68 73 90
68 73 26
68 73 90
68 73 26
68 73 200
68 73 190
68 73 83
68 73 40
68 73 104
68 73 164
68 73 93
68 73 66
68 73 150
68 73 24
68 73 145
68 73 155
68 73 55
68 73 122
68 73 107
68 73 159
68 73 65
68 73 177
68 73 3
68 73 117
68 73 54
68 73 89
68 73 37
68 73 52
68 73 196
68 73 60
68 73 67
68 73 146
68 73 27
68 73 95
68 73 198
68 73 74
68 73 171
68 73 197
68 73 135
68 73 116
68 73 161
68 73 122
68 73 104
68 73 26
68 73 158
68 73 132
68 73 47
68 73 25
68 73 40
68 73 147
68 73 9
68 73 158
68 73 77
68 73 143
68 73 47
68 73 187
68 73 164
68 73 192
68 73 58
68 73 166
68 73 113
68 73 66
68 73 7
68 73 75
68 73 139
68 73 167
68 73 6
68 73 53
68 73 84
69 74 141
69 74 116
69 74 102
69 74 15
69 74 55
69 74 57
69 74 97
69 74 97
69 74 73
69 74 50
69 74 122
69 74 180
69 74 5
69 74 178
69 74 98
69 74 109
69 74 184
69 74 6
69 74 140
69 74 134
69 74 50
69 74 111
69 74 70
69 74 186
69 74 40
69 74 164
69 74 5
69 74 86
69 74 59
69 74 152
69 74 135
69 74 119
69 74 57
69 74 17
69 74 58
69 74 81
69 74 135
69 74 15
69 74 38
69 74 6
69 74 178
69 74 89
69 74 111
69 74 60
69 74 142
69 74 196
69 74 97
69 74 139
69 74 148
69 74 186
69 74 195
69 74 100
69 74 42
69 74 107
69 74 164
69 74 118
69 74 199
69 74 114
69 74 85
69 74 117
69 74 138
69 74 158
69 74 20
69 74 96
69 74 197
69 74 79
69 74 40
69 74 37
69 74 193
69 74 14
69 74 2
69 74 81
69 74 116
69 74 16
69 74 193
69 74 173
69 74 104
69 74 24
69 74 51
69 74 58
69 74 54
69 74 175
69 74 148
70 75 141
70 75 60
70 75 100
70 75 60
70 75 151
70 75 89
70 75 114
70 75 61
70 75 197
70 75 50
70 75 45
70 75 76
70 75 75
70 75 12
70 75 36
70 75 73
70 75 63
70 75 34
70 75 18
70 75 91
70 75 136
70 75 13
70 75 138
70 75 130
70 75 111
70 75 106
70 75 1
70 75 37
70 75 167
70 75 100
70 75 18
70 75 52
70 75 165
70 75 3
70 75 67
70 75 128
70 75 109
70 75 74
70 75 47
70 75 34
70 75 51
70 75 104
70 75 87
70 75 144
70 75 158
70 75 17
70 75 138
70 75 87
70 75 4
70 75 73
70 75 185
70 75 161
70 75 153
70 75 143
70 75 111
70 75 196
70 75 150
70 75 126
70 75 60
70 75 28
70 75 186
70 75 190
70 75 37
70 75 136
70 75 178
70 75 169
70 75 89
70 75 105
70 75 119
70 75 151
70 75 129
70 75 67
70 75 163
70 75 22
70 75 124
70 75 45
70 75 152
70 75 140
70 75 4
70 75 165
70 75 19
70 75 56
70 75 158
70 75 123
70 75 13
70 75 102
70 75 111
70 75 142
70 75 139
70 75 93
70 75 160
70 75 1
70 75 36
70 75 158
70 75 167
71 76 131
71 76 86
71 76 198
71 76 24
71 76 177
71 76 124
71 76 141
71 76 190
71 76 104
71 76 84
71 76 32
71 76 196
71 76 45
71 76 23
71 76 33
71 76 163
71 76 98
71 76 148
71 76 32
71 76 4
71 76 122
71 76 153
71 76 144
71 76 42
71 76 41
71 76 130
71 76 80
71 76 97
71 76 46
71 76 109
71 76 98
71 76 130
71 76 35
71 76 51
71 76 44
71 76 150
71 76 154
71 76 21
71 76 142
71 76 65
71 76 121
71 76 53
71 76 10
71 76 173
71 76 123
71 76 59
71 76 164
71 76 41
71 76 195
71 76 193
71 76 60
71 76 151
71 76 80
71 76 172
71 76 169
71 76 69
71 76 62
71 76 119
71 76 130
71 76 63
71 76 2
71 76 9
71 76 39
71 76 49
71 76 1
71 76 141
71 76 21
71 76 49
71 76 155
71 76 17
71 76 86
71 76 123
71 76 182
71 76 138
71 76 133
71 76 83
71 76 144
71 76 64
71 76 162
71 76 159
71 76 94
71 76 74
71 76 62
71 76 51
71 76 134
71 76 181
71 76 156
71 76 191
71 76 156
71 76 191
71 76 39
71 76 126
71 76 62
71 76 8
71 76 47
71 76 27
71 76 182
71 76 66
71 76 189
71 76 65
71 76 189
71 76 104
71 76 4
71 76 17
71 76 162
71 76 60
71 76 189
71 76 170
71 76 190
71 76 29
71 76 109
72 77 52
72 77 2
72 77 141
72 77 183
72 77 103
72 77 45
72 77 12
72 77 7
72 77 132
72 77 131
72 77 192
72 77 76
72 77 117
72 77 107
72 77 158
72 77 135
72 77 93
72 77 98
72 77 13
72 77 144
72 77 155
72 77 18
72 77 8
72 77 192
72 77 73
72 77 126
72 77 98
72 77 131
72 77 180
72 77 190
72 77 151
72 77 195
72 77 15
72 77 50
72 77 104
72 77 93
72 77 160
72 77 107
72 77 135
72 77 159
72 77 155
72 77 146
72 77 156
72 77 45
72 77 192
72 77 24
72 77 152
72 77 42
72 77 197
72 77 2
72 77 144
72 77 16
72 77 133
72 77 28
72 77 194
72 77 131
72 77 50
72 77 168
72 77 7
72 77 19
72 77 193
72 77 173
72 77 191
72 77 121
72 77 176
72 77 180
72 77 138
72 77 99
72 77 135
72 77 148
72 77 186
72 77 75
72 77 40
72 77 93
72 77 68
72 77 8
72 77 65
72 77 137
72 77 174
72 77 180
72 77 132
72 77 177
72 77 23
72 77 56
72 77 142
72 77 117
72 77 191
72 77 72
72 77 32
72 77 71
72 77 14
72 77 62
72 77 44
72 77 37
72 77 171
72 77 66
72 77 150
72 77 50
72 77 59
72 77 67
72 77 46
73 78 47
73 78 138
73 78 183
73 78 19
73 78 91
73 78 28
73 78 186
73 78 22
73 78 152
73 78 60
73 78 135
73 78 13
73 78 77
73 78 36
73 78 198
73 78 24
73 78 7
73 78 90
73 78 121
73 78 97
73 78 72
73 78 174
73 78 82
73 78 89
73 78 79
73 78 81
73 78 130
73 78 128
73 78 160
73 78 76
73 78 104
73 78 133
73 78 100
73 78 24
73 78 89
73 78 62
73 78 7
73 78 149
73 78 6
73 78 25
73 78 173
73 78 168
73 78 33
73 78 122
73 78 107
73 78 12
73 78 14
73 78 75
73 78 156
73 78 200
73 78 54
73 78 71
73 78 117
73 78 193
73 78 191
73 78 54
73 78 100
73 78 6
73 78 137
73 78 80
73 78 84
73 78 76
73 78 190
73 78 43
73 78 150
73 78 131
73 78 161
73 78 117
73 78 193
73 78 166
73 78 90
73 78 163
73 78 60
73 78 109
73 78 96
73 78 80
73 78 56
73 78 195
73 78 129
73 78 99
73 78 138
73 78 192
73 78 16
73 78 97
73 78 191
73 78 130
73 78 101
73 78 10
73 78 98
73 78 108
73 78 4
73 78 12
73 78 145
73 78 7
73 78 91
73 78 38
73 78 128
73 78 129
73 78 131
73 78 65
73 78 33
73 78 107
73 78 81
74 79 135
74 79 117
74 79 82
74 79 144
74 79 139
74 79 179
74 79 177
74 79 59
74 79 93
74 79 122
74 79 193
74 79 145
74 79 163
74 79 165
74 79 8
74 79 51
74 79 175
74 79 33
74 79 141
74 79 93
74 79 131
74 79 121
74 79 139
74 79 106
74 79 69
74 79 187
74 79 87
74 79 183
74 79 170
74 79 128
74 79 129
74 79 156
74 79 32
74 79 164
74 79 57
74 79 118
74 79 52
74 79 45
74 79 2
74 79 20
74 79 46
74 79 119
74 79 26
74 79 37
74 79 72
74 79 185
74 79 85
74 79 190
74 79 121
74 79 173
74 79 53
74 79 142
74 79 81
74 79 19
74 79 197
74 79 105
74 79 84
74 79 21
74 79 135
74 79 78
74 79 188
74 79 27
74 79 67
74 79 100
74 79 23
74 79 52
74 79 154
74 79 129
74 79 186
74 79 96
74 79 127
74 79 44
74 79 187
74 79 136
74 79 121
74 79 167
74 79 2
74 79 4
74 79 84
74 79 69
74 79 43
74 79 24
74 79 43
74 79 35
74 79 178
74 79 110
74 79 177
74 79 18
74 79 17
74 79 28
74 79 89
74 79 95
74 79 93
74 79 74
74 79 121
74 79 183
74 79 103
74 79 71
74 79 130
74 79 16
74 79 5
75 80 140
75 80 121
75 80 98
75 80 195
75 80 25
75 80 22
75 80 106
75 80 155
75 80 151
75 80 155
75 80 197
75 80 72
75 80 111
75 80 186
75 80 87
75 80 23
75 80 27
75 80 148
75 80 17
75 80 160
75 80 43
75 80 84
75 80 140
75 80 43
75 80 136
75 80 73
75 80 50
75 80 133
75 80 85
75 80 168
75 80 49
75 80 12
75 80 10
75 80 149
75 80 30
75 80 194
75 80 52
75 80 61
75 80 49
75 80 49
75 80 180
75 80 160
75 80 127
75 80 64
75 80 174
75 80 123
75 80 93
75 80 200
75 80 189
75 80 169
75 80 183
75 80 30
75 80 162
75 80 95
75 80 98
75 80 153
75 80 192
75 80 89
75 80 39
75 80 23
75 80 126
75 80 58
75 80 60
75 80 15
75 80 168
75 80 82
75 80 172
75 80 119
75 80 51
75 80 30
75 80 192
75 80 98
75 80 15
75 80 141
75 80 58
75 80 150
75 80 173
75 80 101
75 80 140
75 80 170
75 80 60
75 80 157
75 80 151
75 80 56
75 80 94
75 80 81
75 80 155
75 80 113
75 80 128
75 80 146
76 81 17
76 81 102
76 81 107
76 81 127
76 81 132
76 81 57
76 81 137
76 81 160
76 81 30
76 81 85
76 81 169
76 81 8
76 81 125
76 81 136
76 81 45
76 81 135
76 81 82
76 81 164
76 81 95
76 81 3
76 81 46
76 81 132
76 81 65
76 81 26
76 81 35
76 81 145
76 81 188
76 81 167
76 81 35
76 81 106
76 81 73
76 81 171
76 81 199
76 81 83
76 81 193
76 81 183
76 81 120
76 81 80
76 81 108
76 81 39
76 81 63
76 81 30
76 81 29
76 81 105
76 81 78
76 81 108
76 81 138
76 81 28
76 81 108
76 81 157
76 81 128
76 81 199
76 81 35
76 81 84
76 81 30
76 81 22
76 81 54
76 81 106
76 81 165
76 81 195
76 81 173
76 81 77
76 81 8
76 81 140
76 81 74
76 81 78
76 81 146
76 81 50
76 81 132
76 81 56
76 81 189
76 81 45
76 81 193
76 81 171
76 81 196
76 81 180
76 81 48
76 81 9
76 81 100
76 81 190
76 81 79
76 81 99
76 81 174
76 81 76
76 81 3
76 81 126
76 81 157
76 81 34
76 81 57
76 81 181
76 81 164
76 81 121
76 81 180
76 81 47
76 81 164
76 81 99
77 82 173
77 82 15
77 82 111
77 82 15
77 82 123
77 82 172
77 82 76
77 82 200
77 82 85
77 82 76
77 82 42
77 82 54
77 82 72
77 82 12
77 82 163
77 82 191
77 82 23
77 82 5
77 82 9
77 82 62
77 82 59
77 82 197
77 82 141
77 82 44
77 82 152
77 82 46
77 82 37
77 82 35
77 82 46
77 82 132
77 82 121
77 82 118
77 82 163
77 82 27
77 82 110
77 82 77
77 82 84
77 82 57
77 82 157
77 82 90
77 82 77
77 82 61
77 82 125
77 82 21
77 82 87
77 82 11
77 82 84
77 82 140
77 82 162
77 82 125
77 82 98
77 82 146
77 82 12
77 82 80
77 82 34
77 82 67
77 82 23
77 82 82
77 82 63
77 82 13
77 82 65
77 82 28
77 82 10
77 82 155
77 82 185
77 82 137
77 82 193
77 82 86
77 82 115
77 82 127
77 82 115
77 82 32
77 82 86
77 82 25
77 82 196
77 82 91
77 82 80
77 82 58
77 82 77
77 82 129
77 82 137
77 82 93
77 82 160
77 82 131
78 83 67
78 83 22
78 83 81
78 83 41
78 83 158
78 83 171
78 83 195
78 83 178
78 83 128
78 83 50
78 83 18
78 83 122
78 83 18
78 83 6
78 83 45
78 83 47
78 83 130
78 83 90
78 83 54
78 83 71
78 83 82
78 83 74
78 83 116
78 83 95
78 83 37
78 83 62
78 83 77
78 83 28
78 83 157
78 83 141
78 83 16
78 83 101
78 83 41
78 83 169
78 83 151
78 83 89
78 83 155
78 83 166
78 83 125
78 83 107
78 83 197
78 83 115
78 83 90
78 83 53
78 83 109
78 83 77
78 83 94
78 83 120
78 83 52
78 83 40
78 83 30
78 83 197
78 83 51
78 83 192
78 83 9
78 83 176
78 83 95
78 83 178
78 83 94
78 83 192
78 83 15
78 83 61
78 83 53
78 83 86
78 83 19
78 83 29
78 83 57
78 83 6
78 83 188
78 83 57
78 83 40
78 83 43
78 83 96
78 83 18
78 83 142
78 83 100
78 83 73
78 83 108
78 83 80
78 83 144
78 83 154
78 83 72
78 83 72
78 83 106
78 83 68
78 83 96
78 83 67
78 83 91
78 83 99
78 83 6
78 83 155
78 83 73
78 83 48
78 83 2
78 83 127
78 83 123
78 83 113
78 83 173
79 84 189
79 84 57
79 84 57
79 84 150
79 84 168
79 84 119
79 84 92
79 84 166
79 84 38
79 84 170
79 84 49
79 84 149
79 84 110
79 84 129
79 84 64
79 84 86
79 84 3
79 84 95
79 84 168
79 84 4
79 84 37
79 84 28
79 84 38
79 84 81
79 84 6
79 84 50
79 84 19
79 84 108
79 84 165
79 84 32
79 84 27
79 84 123
79 84 48
79 84 115
79 84 86
79 84 22
79 84 89
79 84 11
79 84 16
79 84 22
79 84 37
79 84 119
79 84 120
79 84 184
79 84 105
79 84 48
79 84 52
79 84 24
79 84 65
79 84 159
79 84 93
79 84 163
79 84 143
79 84 35
79 84 115
79 84 73
79 84 147
79 84 72
79 84 200
79 84 152
79 84 166
79 84 132
79 84 74
79 84 105
79 84 93
79 84 111
79 84 111
79 84 29
79 84 113
79 84 183
79 84 101
79 84 142
79 84 84
79 84 170
79 84 115
79 84 139
79 84 172
79 84 130
79 84 71
79 84 87
79 84 77
79 84 195
79 84 142
79 84 192
79 84 157
79 84 57
79 84 60
79 84 133
79 84 97
79 84 41
79 84 120
79 84 153
79 84 73
79 84 14
79 84 45
79 84 167
79 84 17
79 84 15
79 84 84
79 84 157
79 84 8
79 84 96
79 84 171
79 84 26
79 84 48
79 84 78
79 84 159
80 85 160
80 85 20
80 85 53
80 85 153
80 85 99
80 85 133
80 85 14
80 85 78
80 85 89
80 85 158
80 85 23
80 85 77
80 85 93
80 85 183
80 85 129
80 85 73
80 85 70
80 85 54
80 85 193
80 85 76
80 85 66
80 85 43
80 85 100
80 85 147
80 85 30
80 85 171
80 85 45
80 85 135
80 85 65
80 85 18
80 85 51
80 85 3
80 85 68
80 85 33
80 85 90
80 85 183
80 85 137
80 85 177
80 85 96
80 85 40
80 85 49
80 85 121
80 85 55
80 85 138
80 85 165
80 85 117
80 85 86
80 85 57
80 85 33
80 85 174
80 85 195
80 85 75
80 85 15
80 85 2
80 85 176
80 85 47
80 85 78
80 85 47
80 85 129
80 85 151
80 85 9
80 85 59
80 85 34
80 85 37
80 85 49
80 85 138
80 85 183
80 85 173
80 85 180
80 85 145
80 85 169
80 85 101
80 85 23
80 85 102
80 85 199
80 85 197
80 85 130
80 85 15
80 85 200
80 85 21
80 85 50
80 85 3
80 85 200
80 85 62
80 85 179
80 85 97
80 85 48
80 85 177
80 85 48
80 85 125
80 85 195
81 86 21
81 86 168
81 86 36
81 86 106
81 86 100
81 86 38
81 86 194
81 86 53
81 86 97
81 86 6
81 86 53
81 86 49
81 86 162
81 86 176
81 86 162
81 86 59
81 86 75
81 86 180
81 86 39
81 86 84
81 86 21
81 86 136
81 86 188
81 86 98
81 86 34
81 86 90
81 86 51
81 86 61
81 86 68
81 86 10
81 86 117
81 86 46
81 86 65
81 86 148
81 86 12
81 86 177
81 86 96
81 86 20
81 86 118
81 86 121
81 86 102
81 86 131
81 86 120
81 86 107
81 86 37
81 86 91
81 86 153
81 86 40
81 86 146
81 86 81
81 86 143
81 86 96
81 86 142
81 86 198
81 86 77
81 86 188
81 86 132
81 86 103
81 86 75
81 86 151
81 86 172
81 86 152
81 86 137
81 86 20
81 86 81
81 86 18
81 86 199
81 86 91
81 86 71
81 86 31
81 86 196
81 86 154
81 86 102
81 86 33
81 86 171
81 86 169
81 86 106
81 86 179
81 86 151
81 86 196
81 86 123
81 86 74
81 86 164
81 86 20
81 86 107
81 86 195
81 86 124
81 86 58
81 86 19
81 86 128
81 86 125
82 87 149
82 87 194
82 87 112
82 87 140
82 87 141
82 87 87
82 87 16
82 87 146
82 87 72
82 87 129
82 87 14
82 87 109
82 87 33
82 87 12
82 87 144
82 87 83
82 87 39
82 87 69
82 87 110
82 87 183
82 87 149
82 87 144
82 87 160
82 87 102
82 87 88
82 87 100
82 87 115
82 87 176
82 87 48
82 87 10
82 87 141
82 87 96
82 87 116
82 87 134
82 87 29
82 87 30
82 87 17
82 87 55
82 87 9
82 87 85
82 87 50
82 87 108
82 87 59
82 87 85
82 87 178
82 87 31
82 87 194
82 87 131
82 87 2
82 87 99
82 87 61
82 87 117
82 87 4
82 87 111
82 87 134
82 87 143
82 87 179
82 87 118
82 87 20
82 87 174
82 87 40
82 87 81
82 87 38
82 87 180
82 87 126
82 87 16
82 87 79
82 87 95
82 87 54
82 87 140
82 87 20
82 87 2
82 87 102
82 87 43
82 87 159
82 87 181
82 87 149
82 87 28
82 87 167
82 87 82
82 87 107
82 87 57
82 87 168
82 87 139
82 87 47
82 87 92
82 87 184
82 87 79
82 87 49
82 87 120
82 87 72
82 87 43
82 87 143
82 87 19
82 87 111
82 87 111
82 87 99
82 87 140
82 87 45
82 87 28
82 87 100
82 87 87
82 87 124
82 87 41
82 87 13
82 87 188
82 87 132
82 87 69
82 87 168
82 87 25
82 87 182
82 87 156
83 88 83
83 88 179
83 88 140
83 88 74
83 88 125
83 88 150
83 88 84
83 88 190
83 88 178
83 88 172
83 88 92
83 88 65
83 88 53
83 88 198
83 88 3
83 88 56
83 88 77
83 88 68
83 88 17
83 88 177
83 88 75
83 88 57
83 88 172
83 88 172
83 88 155
83 88 13
83 88 194
83 88 187
83 88 152
83 88 98
83 88 108
83 88 71
83 88 83
83 88 99
83 88 183
83 88 55
83 88 103
83 88 188
83 88 107
83 88 63
83 88 30
83 88 116
83 88 63
83 88 144
83 88 53
83 88 193
83 88 164
83 88 194
83 88 24
83 88 58
83 88 199
83 88 113
83 88 174
83 88 161
83 88 103
83 88 49
83 88 156
83 88 120
83 88 112
83 88 90
83 88 12
83 88 106
83 88 153
83 88 48
83 88 60
83 88 197
83 88 165
83 88 64
83 88 71
83 88 188
83 88 194
83 88 123
83 88 50
83 88 124
83 88 158
83 88 122
83 88 183
83 88 54
83 88 110
83 88 51
83 88 14
83 88 78
83 88 34
83 88 38
83 88 29
83 88 166
83 88 170
84 89 53
84 89 78
84 89 153
84 89 141
84 89 6
84 89 100
84 89 117
84 89 3
84 89 164
84 89 160
84 89 76
84 89 32
84 89 190
84 89 67
84 89 56
84 89 166
84 89 101
84 89 109
84 89 115
84 89 96
84 89 181
84 89 186
84 89 62
84 89 22
84 89 186
84 89 10
84 89 32
84 89 35
84 89 65
84 89 166
84 89 183
84 89 54
84 89 179
84 89 195
84 89 104
84 89 113
84 89 129
84 89 113
84 89 91
84 89 35
84 89 13
84 89 158
84 89 109
84 89 110
84 89 145
84 89 37
84 89 49
84 89 4
84 89 21
84 89 97
84 89 67
84 89 185
84 89 60
84 89 62
84 89 198
84 89 26
84 89 99
84 89 125
84 89 156
84 89 76
84 89 75
84 89 10
84 89 174
84 89 132
84 89 55
84 89 85
84 89 152
84 89 99
84 89 134
84 89 150
84 89 46
84 89 183
84 89 182
84 89 160
84 89 111
84 89 151
84 89 101
84 89 183
84 89 165
84 89 53
84 89 129
84 89 115
84 89 104
84 89 127
84 89 142
84 89 91
84 89 164
84 89 193
84 89 88
84 89 56
84 89 37
84 89 52
84 89 151
84 89 49
84 89 32
84 89 72
85 90 197
85 90 137
85 90 179
85 90 92
85 90 160
85 90 24
85 90 27
85 90 155
85 90 139
85 90 1
85 90 70
85 90 54
85 90 199
85 90 30
85 90 54
85 90 43
85 90 132
85 90 34
85 90 29
85 90 110
85 90 150
85 90 149
85 90 130
85 90 78
85 90 34
85 90 58
85 90 66
85 90 75
85 90 83
85 90 91
85 90 54
85 90 49
85 90 60
85 90 195
85 90 183
85 90 116
85 90 110
85 90 74
85 90 91
85 90 122
85 90 33
85 90 32
85 90 47
85 90 164
85 90 21
85 90 47
85 90 78
85 90 8
85 90 45
85 90 149
85 90 12
85 90 46
85 90 149
85 90 26
85 90 54
85 90 19
85 90 196
85 90 94
85 90 123
85 90 126
85 90 151
85 90 17
85 90 6
85 90 20
85 90 179
85 90 130
85 90 53
85 90 130
85 90 139
85 90 85
85 90 16
85 90 116
85 90 60
85 90 128
85 90 178
85 90 191
85 90 2
85 90 179
85 90 135
85 90 140
85 90 115
85 90 19
85 90 70
85 90 193
85 90 179
85 90 119
85 90 69
85 90 200
85 90 78
85 90 186
85 90 191
85 90 141
86 91 144
86 91 113
86 91 82
86 91 63
86 91 54
86 91 178
86 91 34
86 91 93
86 91 91
86 91 45
86 91 184
86 91 175
86 91 9
86 91 27
86 91 158
86 91 17
86 91 48
86 91 56
86 91 26
86 91 194
86 91 149
86 91 28
86 91 72
86 91 182
86 91 62
86 91 63
86 91 142
86 91 89
86 91 155
86 91 43
86 91 77
86 91 161
86 91 95
86 91 149
86 91 20
86 91 95
86 91 85
86 91 44
86 91 190
86 91 39
86 91 33
86 91 64
86 91 127
86 91 3
86 91 6
86 91 149
86 91 40
86 91 25
86 91 158
86 91 149
86 91 123
86 91 26
86 91 150
86 91 160
86 91 139
86 91 120
86 91 109
86 91 191
86 91 28
86 91 31
86 91 110
86 91 21
86 91 90
86 91 78
86 91 70
86 91 124
86 91 57
86 91 197
86 91 95
86 91 146
86 91 172
86 91 141
86 91 38
86 91 145
86 91 43
86 91 174
86 91 153
86 91 47
86 91 137
86 91 103
86 91 58
86 91 178
86 91 185
86 91 4
86 91 109
86 91 150
86 91 137
86 91 196
86 91 187
86 91 10
86 91 97
86 91 120
86 91 159
86 91 13
86 91 166
87 92 21
87 92 65
87 92 151
87 92 109
87 92 29
87 92 61
87 92 10
87 92 118
87 92 52
87 92 28
87 92 119
87 92 7
87 92 30
87 92 134
87 92 129
87 92 33
87 92 2
87 92 143
87 92 106
87 92 46
87 92 88
87 92 49
87 92 110
87 92 34
87 92 106
87 92 121
87 92 200
87 92 175
87 92 103
87 92 43
87 92 74
87 92 59
87 92 99
87 92 38
87 92 32
87 92 75
87 92 18
87 92 23
87 92 44
87 92 102
87 92 200
87 92 75
87 92 65
87 92 143
87 92 162
87 92 106
87 92 124
87 92 79
87 92 119
87 92 83
87 92 193
87 92 150
87 92 92
87 92 167
87 92 107
87 92 69
87 92 185
87 92 65
87 92 2
87 92 133
87 92 120
87 92 37
87 92 49
87 92 143
87 92 64
87 92 153
87 92 165
87 92 141
87 92 120
87 92 88
87 92 115
87 92 99
87 92 68
87 92 82
87 92 181
87 92 78
87 92 193
87 92 163
87 92 52
87 92 155
87 92 19
87 92 98
87 92 98
87 92 59
87 92 199
87 92 164
87 92 126
87 92 183
87 92 52
87 92 32
87 92 171
87 92 102
87 92 6
87 92 28
87 92 53
87 92 155
87 92 90
87 92 172
87 92 78
87 92 35
87 92 83
87 92 118
87 92 33
87 92 128
87 92 184
87 92 139
87 92 198
87 92 51
87 92 19
87 92 181
87 92 144
87 92 196
88 93 81
88 93 4
88 93 167
88 93 190
88 93 96
88 93 87
88 93 124
88 93 171
88 93 180
88 93 86
88 93 34
88 93 88
88 93 152
88 93 156
88 93 107
88 93 110
88 93 5
88 93 33
88 93 117
88 93 80
88 93 172
88 93 148
88 93 154
88 93 186
88 93 142
88 93 138
88 93 148
88 93 19
88 93 157
88 93 19
88 93 140
88 93 193
88 93 190
88 93 176
88 93 139
88 93 164
88 93 70
88 93 105
88 93 168
88 93 40
88 93 185
88 93 184
88 93 151
88 93 4
88 93 37
88 93 15
88 93 63
88 93 36
88 93 64
88 93 150
88 93 13
88 93 43
88 93 71
88 93 148
88 93 27
88 93 108
88 93 105
88 93 90
88 93 25
88 93 39
88 93 173
88 93 65
88 93 107
88 93 51
88 93 61
88 93 141
88 93 155
88 93 23
88 93 22
88 93 195
88 93 109
88 93 116
88 93 38
88 93 118
88 93 199
88 93 135
88 93 121
88 93 88
88 93 64
88 93 145
88 93 162
88 93 46
88 93 70
88 93 179
88 93 161
88 93 170
88 93 122
88 93 126
88 93 165
88 93 82
88 93 18
88 93 114
88 93 179
88 93 48
88 93 82
88 93 47
88 93 18
88 93 50
88 93 7
88 93 68
88 93 80
88 93 28
88 93 24
88 93 53
88 93 49
88 93 110
88 93 128
88 93 55
88 93 194
88 93 55
88 93 100
88 93 175
88 93 68
88 93 92
88 93 152
88 93 16
88 93 156
89 94 52
89 94 171
89 94 117
89 94 187
89 94 17
89 94 94
89 94 52
89 94 173
89 94 197
89 94 110
89 94 186
89 94 182
89 94 200
89 94 8
89 94 192
89 94 80
89 94 110
89 94 90
89 94 104
89 94 67
89 94 108
89 94 4
89 94 69
89 94 144
89 94 51
89 94 189
89 94 191
89 94 8
89 94 184
89 94 22
89 94 84
89 94 5
89 94 60
89 94 2
89 94 40
89 94 29
89 94 197
89 94 119
89 94 13
89 94 87
89 94 123
89 94 85
89 94 33
89 94 81
89 94 72
89 94 111
89 94 125
89 94 18
89 94 84
89 94 193
89 94 138
89 94 30
89 94 150
89 94 60
89 94 157
89 94 5
89 94 160
89 94 111
89 94 1
89 94 75
89 94 100
89 94 107
89 94 196
89 94 64
89 94 161
89 94 17
89 94 108
89 94 184
89 94 126
89 94 186
89 94 17
89 94 56
89 94 197
89 94 199
89 94 111
89 94 118
89 94 17
89 94 165
89 94 192
89 94 48
89 94 31
89 94 166
89 94 158
89 94 115
89 94 125
89 94 134
89 94 140
89 94 104
89 94 133
89 94 153
89 94 168
89 94 162
89 94 74
89 94 60
89 94 15
89 94 56
89 94 23
89 94 174
89 94 120
89 94 62
89 94 80
89 94 44
89 94 185
89 94 185
89 94 200
89 94 147
90 95 120
90 95 109
90 95 79
90 95 71
90 95 38
90 95 77
90 95 15
90 95 48
90 95 13
90 95 39
90 95 148
90 95 126
90 95 56
90 95 27
90 95 131
90 95 173
90 95 103
90 95 41
90 95 2
90 95 174
90 95 198
90 95 24
90 95 128
90 95 148
90 95 156
90 95 140
90 95 80
90 95 99
90 95 57
90 95 160
90 95 94
90 95 124
90 95 102
90 95 198
90 95 97
90 95 116
90 95 164
90 95 126
90 95 181
90 95 12
90 95 161
90 95 108
90 95 73
90 95 11
90 95 23
90 95 86
90 95 130
90 95 76
90 95 93
90 95 135
90 95 140
90 95 34
90 95 88
90 95 75
90 95 155
90 95 30
90 95 115
90 95 77
90 95 32
90 95 163
90 95 90
90 95 9
90 95 180
90 95 100
90 95 26
90 95 191
90 95 33
90 95 84
90 95 94
90 95 128
90 95 116
90 95 38
90 95 25
90 95 102
90 95 37
90 95 93
90 95 129
90 95 195
90 95 21
90 95 141
90 95 44
90 95 39
90 95 115
90 95 13
90 95 74
90 95 143
90 95 58
90 95 166
90 95 102
90 95 17
90 95 130
90 95 166
90 95 29
90 95 44
90 95 75
90 95 62
90 95 141
90 95 119
90 95 189
90 95 91
90 95 91
90 95 14
90 95 84
90 95 61
90 95 174
90 95 196
91 96 173
91 96 95
91 96 7
91 96 62
91 96 126
91 96 56
91 96 200
91 96 62
91 96 69
91 96 121
91 96 55
91 96 33
91 96 3
91 96 135
91 96 131
91 96 24
91 96 59
91 96 146
91 96 47
91 96 173
91 96 197
91 96 128
91 96 12
91 96 19
91 96 14
91 96 48
91 96 12
91 96 77
91 96 53
91 96 126
91 96 48
91 96 198
91 96 180
91 96 170
91 96 77
91 96 190
91 96 123
91 96 76
91 96 37
91 96 19
91 96 112
91 96 115
91 96 129
91 96 70
91 96 103
91 96 43
91 96 5
91 96 54
91 96 183
91 96 132
91 96 15
91 96 51
91 96 35
91 96 55
91 96 184
91 96 141
91 96 47
91 96 167
91 96 174
91 96 195
91 96 96
91 96 74
91 96 26
91 96 64
91 96 177
91 96 190
91 96 144
91 96 42
91 96 66
91 96 143
91 96 1
91 96 112
91 96 3
91 96 91
91 96 164
91 96 9
91 96 177
91 96 25
91 96 78
91 96 173
91 96 61
91 96 6
91 96 25
91 96 105
91 96 108
91 96 124
91 96 51
91 96 166
91 96 174
91 96 133
91 96 178
91 96 75
91 96 37
91 96 130
91 96 64
91 96 25
91 96 93
92 97 116
92 97 87
92 97 112
92 97 82
92 97 75
92 97 170
92 97 115
92 97 135
92 97 79
92 97 118
92 97 129
92 97 114
92 97 32
92 97 186
92 97 175
92 97 25
92 97 64
92 97 75
92 97 94
92 97 55
92 97 101
92 97 122
92 97 128
92 97 178
92 97 149
92 97 99
92 97 34
92 97 121
92 97 193
92 97 106
92 97 108
92 97 81
92 97 100
92 97 79
92 97 137
92 97 56
92 97 161
92 97 81
92 97 2
92 97 38
92 97 107
92 97 83
92 97 31
92 97 4
92 97 60
92 97 169
92 97 49
92 97 81
92 97 174
92 97 73
92 97 184
92 97 194
92 97 132
92 97 142
92 97 116
92 97 114
92 97 95
92 97 140
92 97 64
92 97 113
92 97 66
92 97 7
92 97 150
92 97 147
92 97 157
92 97 94
92 97 153
92 97 188
92 97 145
92 97 121
92 97 118
92 97 141
92 97 87
92 97 136
92 97 87
92 97 45
92 97 8
92 97 192
92 97 86
92 97 114
92 97 80
92 97 4
92 97 134
92 97 123
92 97 174
92 97 41
92 97 184
92 97 30
92 97 135
92 97 46
92 97 52
92 97 110
92 97 196
92 97 87
92 97 141
92 97 28
92 97 101
92 97 97
92 97 113
92 97 162
92 97 111
92 97 18
92 97 45
93 98 22
93 98 73
93 98 149
93 98 113
93 98 187
93 98 140
93 98 14
93 98 19
93 98 78
93 98 21
93 98 115
93 98 108
93 98 184
93 98 36
93 98 15
93 98 186
93 98 7
93 98 106
93 98 14
93 98 102
93 98 56
93 98 72
93 98 92
93 98 134
93 98 187
93 98 8
93 98 138
93 98 186
93 98 148
93 98 159
93 98 197
93 98 176
93 98 97
93 98 193
93 98 142
93 98 199
93 98 155
93 98 184
93 98 69
93 98 156
93 98 4
93 98 147
93 98 186
93 98 105
93 98 156
93 98 195
93 98 191
93 98 71
93 98 49
93 98 155
93 98 3
93 98 27
93 98 65
93 98 62
93 98 25
93 98 81
93 98 177
93 98 73
93 98 141
93 98 52
93 98 126
93 98 153
93 98 80
93 98 36
93 98 114
93 98 41
93 98 144
93 98 20
93 98 166
93 98 162
93 98 23
93 98 79
93 98 65
93 98 140
93 98 122
93 98 114
93 98 47
93 98 160
93 98 47
93 98 106
93 98 69
93 98 5
93 98 42
93 98 152
93 98 117
93 98 145
93 98 76
93 98 64
93 98 185
93 98 140
93 98 57
93 98 104
93 98 12
93 98 106
93 98 30
93 98 96
93 98 105
93 98 57
93 98 120
93 98 98
93 98 90
93 98 149
93 98 16
93 98 45
93 98 67
93 98 92
93 98 166
93 98 127
93 98 137
93 98 200
93 98 67
93 98 23
93 98 124
93 98 192
93 98 163
93 98 143
93 98 160
93 98 46
93 98 99
94 99 127
94 99 32
94 99 137
94 99 80
94 99 31
94 99 137
94 99 97
94 99 130
94 99 175
94 99 161
94 99 71
94 99 198
94 99 106
94 99 12
94 99 136
94 99 166
94 99 98
94 99 170
94 99 172
94 99 36
94 99 87
94 99 143
94 99 81
94 99 100
94 99 87
94 99 173
94 99 106
94 99 103
94 99 100
94 99 87
94 99 17
94 99 51
94 99 35
94 99 165
94 99 35
94 99 103
94 99 102
94 99 115
94 99 80
94 99 91
94 99 163
94 99 108
94 99 102
94 99 142
94 99 89
94 99 138
94 99 108
94 99 176
94 99 37
94 99 159
94 99 181
94 99 196
94 99 177
94 99 160
94 99 156
94 99 41
94 99 165
94 99 11
94 99 10
94 99 8
94 99 39
94 99 19
94 99 37
94 99 9
94 99 56
94 99 117
94 99 131
94 99 187
94 99 29
94 99 161
94 99 174
94 99 24
94 99 169
94 99 67
94 99 148
94 99 76
94 99 197
94 99 18
94 99 50
94 99 192
94 99 156
94 99 96
94 99 89
94 99 151
94 99 51
94 99 58
94 99 90
94 99 17
94 99 143
94 99 100
94 99 110
94 99 105
94 99 174
94 99 14
94 99 190
94 99 169
94 99 175
94 99 59
94 99 136
94 99 126
94 99 164
94 99 9
94 99 46
94 99 3
94 99 160
94 99 111
95 100 54
95 100 189
95 100 41
95 100 83
95 100 167
95 100 99
95 100 132
95 100 189
95 100 35
95 100 192
95 100 61
95 100 105
95 100 161
95 100 163
95 100 164
95 100 167
95 100 135
95 100 154
95 100 94
95 100 139
95 100 164
95 100 8
95 100 164
95 100 189
95 100 168
95 100 74
95 100 60
95 100 183
95 100 142
95 100 72
95 100 121
95 100 107
95 100 132
95 100 60
95 100 55
95 100 133
95 100 99
95 100 108
95 100 106
95 100 155
95 100 58
95 100 69
95 100 104
95 100 107
95 100 196
95 100 198
95 100 24
95 100 55
95 100 53
95 100 92
95 100 50
95 100 164
95 100 110
95 100 98
95 100 181
95 100 125
95 100 162
95 100 36
95 100 179
95 100 178
95 100 174
95 100 75
95 100 67
95 100 79
95 100 141
95 100 125
95 100 55
95 100 172
95 100 155
95 100 48
95 100 163
95 100 72
95 100 162
95 100 183
95 100 85
95 100 15
95 100 127
95 100 76
95 100 168
95 100 180
95 100 67
95 100 59
95 100 66
95 100 64
95 100 105
95 100 70
95 100 174
95 100 176
95 100 54
95 100 58
95 100 14
95 100 155
95 100 68
95 100 143
95 100 85
95 100 21
95 100 24
95 100 175
95 100 171
95 100 129
95 100 154
95 100 185
95 100 52
95 100 176
95 100 138
95 100 35
95 100 179
95 100 85
95 100 40
96 101 138
96 101 81
96 101 136
96 101 179
96 101 54
96 101 136
96 101 19
96 101 143
96 101 18
96 101 168
96 101 7
96 101 70
96 101 111
96 101 131
96 101 91
96 101 164
96 101 181
96 101 11
96 101 109
96 101 144
96 101 187
96 101 138
96 101 94
96 101 168
96 101 43
96 101 197
96 101 141
96 101 132
96 101 191
96 101 142
96 101 123
96 101 52
96 101 120
96 101 20
96 101 37
96 101 200
96 101 92
96 101 184
96 101 119
96 101 122
96 101 199
96 101 95
96 101 175
96 101 94
96 101 49
96 101 59
96 101 154
96 101 115
96 101 186
96 101 136
96 101 63
96 101 143
96 101 120
96 101 141
96 101 190
96 101 136
96 101 101
96 101 81
96 101 103
96 101 45
96 101 197
96 101 172
96 101 97
96 101 66
96 101 189
96 101 69
96 101 187
96 101 147
96 101 156
96 101 56
96 101 162
96 101 167
96 101 133
96 101 108
96 101 181
96 101 108
96 101 106
96 101 12
96 101 115
96 101 17
96 101 65
96 101 109
96 101 188
96 101 102
96 101 53
96 101 149
96 101 35
96 101 154
96 101 109
96 101 163
96 101 21
96 101 179
96 101 182
96 101 93
96 101 79
96 101 28
96 101 62
96 101 131
96 101 200
96 101 32
96 101 100
96 101 148
96 101 36
96 101 116
97 102 13
97 102 176
97 102 138
97 102 173
97 102 7
97 102 88
97 102 75
97 102 136
97 102 15
97 102 11
97 102 86
97 102 45
97 102 172
97 102 182
97 102 129
97 102 135
97 102 128
97 102 114
97 102 13
97 102 190
97 102 93
97 102 22
97 102 192
97 102 50
97 102 105
97 102 103
97 102 165
97 102 23
97 102 39
97 102 28
97 102 4
97 102 56
97 102 168
97 102 72
97 102 199
97 102 200
97 102 106
97 102 106
97 102 87
97 102 28
97 102 181
97 102 78
97 102 178
97 102 157
97 102 163
97 102 10
97 102 159
97 102 82
97 102 6
97 102 20
97 102 121
97 102 49
97 102 119
97 102 77
97 102 66
97 102 117
97 102 32
97 102 80
97 102 19
97 102 98
97 102 38
97 102 52
97 102 54
97 102 174
97 102 68
97 102 182
97 102 17
97 102 80
97 102 184
97 102 149
97 102 164
97 102 124
97 102 137
97 102 27
97 102 89
97 102 178
97 102 140
97 102 18
97 102 65
97 102 195
97 102 69
97 102 57
97 102 76
97 102 36
97 102 113
97 102 144
97 102 154
97 102 177
97 102 187
97 102 13
97 102 62
97 102 18
97 102 115
97 102 171
97 102 42
97 102 150
97 102 170
97 102 86
97 102 28
97 102 142
97 102 61
97 102 12
97 102 182
97 102 63
97 102 85
97 102 64
98 103 97
98 103 154
98 103 116
98 103 49
98 103 62
98 103 44
98 103 14
98 103 90
98 103 151
98 103 10
98 103 181
98 103 117
98 103 41
98 103 142
98 103 13
98 103 166
98 103 6
98 103 145
98 103 6
98 103 21
98 103 168
98 103 116
98 103 178
98 103 155
98 103 83
98 103 76
98 103 82
98 103 101
98 103 54
98 103 152
98 103 37
98 103 54
98 103 24
98 103 1
98 103 35
98 103 75
98 103 126
98 103 21
98 103 80
98 103 169
98 103 89
98 103 74
98 103 175
98 103 190
98 103 9
98 103 145
98 103 67
98 103 123
98 103 117
98 103 93
98 103 40
98 103 36
98 103 75
98 103 114
98 103 31
98 103 8
98 103 136
98 103 148
98 103 172
98 103 54
98 103 19
98 103 86
98 103 163
98 103 13
98 103 152
98 103 71
98 103 136
98 103 51
98 103 108
98 103 89
98 103 169
98 103 116
98 103 9
98 103 106
98 103 41
98 103 140
98 103 152
98 103 183
98 103 142
98 103 99
98 103 55
98 103 60
98 103 28
98 103 119
98 103 31
98 103 123
98 103 90
98 103 137
98 103 158
98 103 150
98 103 195
98 103 156
98 103 145
98 103 174
98 103 132
98 103 168
98 103 33
98 103 196
98 103 13
98 103 145
98 103 116
98 103 157
98 103 3
98 103 7
98 103 176
98 103 50
98 103 197
98 103 177
98 103 153
98 103 35
98 103 88
98 103 185
98 103 187
98 103 174
98 103 138
98 103 179
98 103 67
98 103 199
99 104 149
99 104 126
99 104 100
99 104 33
99 104 147
99 104 163
99 104 125
99 104 24
99 104 165
99 104 144
99 104 113
99 104 75
99 104 91
99 104 79
99 104 17
99 104 161
99 104 122
99 104 35
99 104 119
99 104 43
99 104 43
99 104 165
99 104 59
99 104 21
99 104 151
99 104 94
99 104 30
99 104 9
99 104 145
99 104 86
99 104 56
99 104 102
99 104 15
99 104 37
99 104 16
99 104 109
99 104 126
99 104 125
99 104 92
99 104 167
99 104 163
99 104 198
99 104 14
99 104 79
99 104 4
99 104 49
99 104 70
99 104 158
99 104 122
99 104 182
99 104 26
99 104 81
99 104 140
99 104 50
99 104 154
99 104 137
99 104 154
99 104 32
99 104 65
99 104 146
99 104 97
99 104 194
99 104 17
99 104 138
99 104 90
99 104 68
99 104 2
99 104 136
99 104 67
99 104 132
99 104 158
99 104 125
99 104 191
99 104 148
99 104 18
99 104 89
99 104 33
99 104 58
99 104 137
99 104 193
99 104 64
99 104 65
99 104 62
99 104 82
99 104 51
99 104 49
99 104 180
99 104 17
99 104 128
99 104 79
99 104 52
99 104 106
99 104 195
99 104 117
100 105 93
100 105 121
100 105 166
100 105 124
100 105 156
100 105 94
100 105 50
100 105 39
100 105 116
100 105 165
100 105 98
100 105 58
100 105 162
100 105 198
100 105 40
100 105 9
100 105 163
100 105 13
100 105 176
100 105 9
100 105 51
100 105 140
100 105 61
100 105 77
100 105 141
100 105 160
100 105 176
100 105 200
100 105 178
100 105 110
100 105 34
100 105 157
100 105 43
100 105 187
100 105 174
100 105 14
100 105 47
100 105 115
100 105 190
100 105 80
100 105 10
100 105 89
100 105 156
100 105 73
100 105 32
100 105 30
100 105 92
100 105 5
100 105 117
100 105 103
100 105 136
100 105 50
100 105 94
100 105 193
100 105 28
100 105 134
100 105 85
100 105 64
100 105 112
100 105 33
100 105 45
100 105 12
100 105 151
100 105 23
100 105 19
100 105 28
100 105 118
100 105 13
100 105 128
100 105 27
100 105 164
100 105 143
100 105 11
100 105 138
100 105 190
100 105 133
100 105 172
100 105 104
100 105 115
100 105 184
100 105 156
100 105 157
100 105 196
100 105 138
100 105 142
100 105 4
100 105 145
100 105 146
100 105 61
100 105 166
100 105 81
100 105 132
100 105 129
100 105 12
100 105 193
100 105 92
100 105 53
100 105 98
100 105 40
100 105 103
100 105 13
100 105 170
100 105 122
100 105 19
100 105 36
100 105 10
